fold,train_cutoff,test_end,n_train,n_test,n_defaults,Model,Variant,AUC,AUC_CI_lo,AUC_CI_hi,PR_AUC,PR_AUC_CI_lo,PR_AUC_CI_hi,Brier,Brier_CI_lo,Brier_CI_hi,GINI
1,2010-08,2010-09,6694,1042,157,Logistic,Structured,0.6568,0.6173,0.6987,0.2246,0.1821,0.2855,0.2447,0.2331,0.2552,0.3135
1,2010-08,2010-09,6694,1042,157,Logistic,Structured+Text,0.6522,0.6083,0.6966,0.2224,0.1801,0.2835,0.2323,0.2203,0.2435,0.3045
1,2010-08,2010-09,6694,1042,157,XGBoost,Structured,0.6231,0.5781,0.6634,0.2049,0.1666,0.2542,0.2045,0.1937,0.2139,0.2462
1,2010-08,2010-09,6694,1042,157,XGBoost,Structured+Text,0.6257,0.5816,0.6691,0.2297,0.1834,0.2929,0.2032,0.1923,0.2128,0.2514
1,2010-08,2010-09,6694,1042,157,RandomForest,Structured,0.6265,0.5878,0.6691,0.2078,0.1677,0.2596,0.207,0.1988,0.2144,0.253
1,2010-08,2010-09,6694,1042,157,RandomForest,Structured+Text,0.6281,0.589,0.6686,0.2227,0.1779,0.2847,0.2033,0.1966,0.2095,0.2561
2,2010-11,2010-12,9893,1222,136,Logistic,Structured,0.6785,0.6326,0.7231,0.2065,0.1615,0.2674,0.2089,0.1985,0.2197,0.357
2,2010-11,2010-12,9893,1222,136,Logistic,Structured+Text,0.6959,0.6554,0.7404,0.218,0.1727,0.2844,0.2016,0.191,0.2133,0.3919
2,2010-11,2010-12,9893,1222,136,XGBoost,Structured,0.6761,0.6264,0.7236,0.2078,0.1621,0.2756,0.1811,0.1705,0.1922,0.3521
2,2010-11,2010-12,9893,1222,136,XGBoost,Structured+Text,0.6874,0.6438,0.7343,0.2177,0.1706,0.2891,0.1774,0.167,0.1866,0.3749
2,2010-11,2010-12,9893,1222,136,RandomForest,Structured,0.6669,0.6217,0.7141,0.2085,0.1605,0.2726,0.1791,0.1708,0.1869,0.3337
2,2010-11,2010-12,9893,1222,136,RandomForest,Structured+Text,0.6908,0.6487,0.7336,0.205,0.1609,0.2633,0.1788,0.1726,0.1851,0.3816
3,2011-02,2011-03,13674,1369,184,Logistic,Structured,0.7051,0.6689,0.7436,0.2525,0.2101,0.3147,0.2296,0.2191,0.2395,0.4103
3,2011-02,2011-03,13674,1369,184,Logistic,Structured+Text,0.7106,0.6712,0.7464,0.2585,0.2171,0.3196,0.2221,0.2118,0.2334,0.4211
3,2011-02,2011-03,13674,1369,184,XGBoost,Structured,0.6864,0.6486,0.7266,0.2476,0.2022,0.3094,0.2039,0.1944,0.2134,0.3728
3,2011-02,2011-03,13674,1369,184,XGBoost,Structured+Text,0.693,0.6556,0.7323,0.2473,0.2068,0.3043,0.2065,0.1966,0.2157,0.3859
3,2011-02,2011-03,13674,1369,184,RandomForest,Structured,0.701,0.6645,0.7412,0.251,0.209,0.3104,0.1936,0.1859,0.2008,0.402
3,2011-02,2011-03,13674,1369,184,RandomForest,Structured+Text,0.7033,0.6682,0.7424,0.2467,0.2072,0.3037,0.1939,0.1871,0.1999,0.4066
4,2011-05,2011-06,18165,1762,255,Logistic,Structured,0.6985,0.6638,0.7359,0.2808,0.2327,0.3421,0.2309,0.222,0.2395,0.397
4,2011-05,2011-06,18165,1762,255,Logistic,Structured+Text,0.7101,0.6742,0.7441,0.3036,0.2517,0.3631,0.2246,0.2156,0.2334,0.4202
4,2011-05,2011-06,18165,1762,255,XGBoost,Structured,0.6797,0.6465,0.7137,0.249,0.2103,0.297,0.2055,0.1972,0.2131,0.3595
4,2011-05,2011-06,18165,1762,255,XGBoost,Structured+Text,0.7089,0.6736,0.7419,0.279,0.2333,0.3286,0.2041,0.1966,0.212,0.4178
4,2011-05,2011-06,18165,1762,255,RandomForest,Structured,0.6873,0.6533,0.7226,0.2425,0.2066,0.2896,0.1924,0.1865,0.1987,0.3746
4,2011-05,2011-06,18165,1762,255,RandomForest,Structured+Text,0.6957,0.6621,0.7289,0.2532,0.2175,0.3009,0.1937,0.1883,0.1991,0.3915
5,2011-08,2011-09,23547,1979,286,Logistic,Structured,0.7172,0.6851,0.7488,0.3049,0.2555,0.3615,0.2167,0.2093,0.2246,0.4344
5,2011-08,2011-09,23547,1979,286,Logistic,Structured+Text,0.7195,0.6891,0.7514,0.3101,0.2633,0.3673,0.2128,0.2051,0.2208,0.4389
5,2011-08,2011-09,23547,1979,286,XGBoost,Structured,0.7141,0.6852,0.7485,0.3182,0.2703,0.3805,0.1981,0.1904,0.206,0.4282
5,2011-08,2011-09,23547,1979,286,XGBoost,Structured+Text,0.7194,0.6893,0.7485,0.3122,0.2669,0.371,0.1966,0.1902,0.2032,0.4388
5,2011-08,2011-09,23547,1979,286,RandomForest,Structured,0.7116,0.6789,0.7434,0.3063,0.2619,0.3622,0.1809,0.1751,0.1874,0.4233
5,2011-08,2011-09,23547,1979,286,RandomForest,Structured+Text,0.7167,0.6878,0.745,0.3046,0.2617,0.3667,0.1845,0.1797,0.1894,0.4333
6,2011-11,2011-12,29671,2190,406,Logistic,Structured,0.6707,0.6412,0.6968,0.2966,0.2636,0.3371,0.2599,0.2532,0.2677,0.3414
6,2011-11,2011-12,29671,2190,406,Logistic,Structured+Text,0.6812,0.6521,0.7076,0.3148,0.2776,0.355,0.2577,0.2509,0.2658,0.3624
6,2011-11,2011-12,29671,2190,406,XGBoost,Structured,0.68,0.6499,0.7065,0.3093,0.2723,0.3513,0.2418,0.2349,0.2486,0.36
6,2011-11,2011-12,29671,2190,406,XGBoost,Structured+Text,0.6824,0.6556,0.7092,0.317,0.278,0.3617,0.2399,0.2339,0.2465,0.3647
6,2011-11,2011-12,29671,2190,406,RandomForest,Structured,0.6756,0.6466,0.7018,0.3079,0.27,0.3481,0.2152,0.2097,0.2209,0.3512
6,2011-11,2011-12,29671,2190,406,RandomForest,Structured+Text,0.6779,0.6495,0.7044,0.3165,0.278,0.36,0.2154,0.2108,0.2201,0.3558
7,2012-02,2012-03,36786,2781,413,Logistic,Structured,0.7009,0.6744,0.7265,0.293,0.2582,0.3359,0.2192,0.2133,0.2252,0.4018
7,2012-02,2012-03,36786,2781,413,Logistic,Structured+Text,0.7024,0.6763,0.7271,0.2868,0.2516,0.3292,0.2203,0.2144,0.2262,0.4048
7,2012-02,2012-03,36786,2781,413,XGBoost,Structured,0.6997,0.6728,0.7271,0.2949,0.2607,0.339,0.2081,0.2029,0.2135,0.3993
7,2012-02,2012-03,36786,2781,413,XGBoost,Structured+Text,0.6873,0.6594,0.7136,0.2724,0.2402,0.3161,0.213,0.2076,0.2184,0.3745
7,2012-02,2012-03,36786,2781,413,RandomForest,Structured,0.6911,0.6629,0.7194,0.2772,0.2465,0.3201,0.1854,0.1813,0.1904,0.3823
7,2012-02,2012-03,36786,2781,413,RandomForest,Structured+Text,0.6885,0.6598,0.715,0.273,0.2382,0.3134,0.1942,0.1903,0.1982,0.377
8,2012-05,2012-06,45976,3713,681,Logistic,Structured,0.6838,0.6608,0.7038,0.3297,0.2951,0.3602,0.2621,0.2564,0.2684,0.3677
8,2012-05,2012-06,45976,3713,681,Logistic,Structured+Text,0.6865,0.6615,0.7068,0.3321,0.2979,0.364,0.2601,0.2539,0.2662,0.3731
8,2012-05,2012-06,45976,3713,681,XGBoost,Structured,0.6878,0.6632,0.7083,0.3264,0.2925,0.3611,0.2379,0.2326,0.2436,0.3756
8,2012-05,2012-06,45976,3713,681,XGBoost,Structured+Text,0.6842,0.6589,0.7053,0.3316,0.2969,0.3655,0.2438,0.2386,0.2495,0.3684
8,2012-05,2012-06,45976,3713,681,RandomForest,Structured,0.6843,0.6591,0.706,0.3266,0.2923,0.3607,0.2124,0.2082,0.2167,0.3686
8,2012-05,2012-06,45976,3713,681,RandomForest,Structured+Text,0.6821,0.6568,0.7045,0.3267,0.2915,0.3592,0.2194,0.216,0.2232,0.3642
9,2012-08,2012-09,59483,5975,919,Logistic,Structured,0.6987,0.6813,0.7171,0.28,0.2589,0.3069,0.2315,0.2267,0.2358,0.3975
9,2012-08,2012-09,59483,5975,919,Logistic,Structured+Text,0.7032,0.6864,0.7211,0.2811,0.2587,0.3059,0.23,0.2254,0.2348,0.4064
9,2012-08,2012-09,59483,5975,919,XGBoost,Structured,0.6936,0.6762,0.7114,0.2777,0.2553,0.3053,0.1996,0.1952,0.2039,0.3872
9,2012-08,2012-09,59483,5975,919,XGBoost,Structured+Text,0.7088,0.6919,0.726,0.2954,0.2701,0.3243,0.2306,0.2268,0.2346,0.4176
9,2012-08,2012-09,59483,5975,919,RandomForest,Structured,0.7041,0.687,0.7215,0.2955,0.2697,0.3246,0.1917,0.1885,0.1946,0.4082
9,2012-08,2012-09,59483,5975,919,RandomForest,Structured+Text,0.7014,0.6838,0.7183,0.2884,0.2627,0.3179,0.2079,0.2052,0.2104,0.4028
10,2012-11,2012-12,77872,5970,893,Logistic,Structured,0.692,0.6735,0.7107,0.2873,0.2616,0.314,0.2199,0.2151,0.2241,0.384
10,2012-11,2012-12,77872,5970,893,Logistic,Structured+Text,0.6974,0.6782,0.7146,0.2957,0.2682,0.3252,0.2187,0.2144,0.2232,0.3947
10,2012-11,2012-12,77872,5970,893,XGBoost,Structured,0.6944,0.6761,0.7129,0.293,0.268,0.323,0.2043,0.2,0.2082,0.3888
10,2012-11,2012-12,77872,5970,893,XGBoost,Structured+Text,0.6921,0.6741,0.7113,0.2876,0.2625,0.3153,0.2113,0.2073,0.2151,0.3841
10,2012-11,2012-12,77872,5970,893,RandomForest,Structured,0.6925,0.6742,0.7102,0.2878,0.263,0.3157,0.1722,0.1686,0.1751,0.3851
10,2012-11,2012-12,77872,5970,893,RandomForest,Structured+Text,0.6943,0.6757,0.7119,0.2881,0.2634,0.3175,0.1903,0.1874,0.1928,0.3885
11,2013-02,2013-03,98111,8184,1164,Logistic,Structured,0.6913,0.674,0.7061,0.2515,0.2325,0.2744,0.23,0.2266,0.2337,0.3826
11,2013-02,2013-03,98111,8184,1164,Logistic,Structured+Text,0.6962,0.6806,0.7108,0.2592,0.2398,0.2828,0.2283,0.2247,0.2321,0.3924
11,2013-02,2013-03,98111,8184,1164,XGBoost,Structured,0.696,0.6792,0.7108,0.2665,0.2466,0.2924,0.2178,0.2149,0.2214,0.392
11,2013-02,2013-03,98111,8184,1164,XGBoost,Structured+Text,0.6924,0.6766,0.7059,0.2634,0.2446,0.2881,0.2227,0.2198,0.2261,0.3847
11,2013-02,2013-03,98111,8184,1164,RandomForest,Structured,0.6911,0.6743,0.7063,0.2595,0.2407,0.2845,0.1767,0.1741,0.1793,0.3823
11,2013-02,2013-03,98111,8184,1164,RandomForest,Structured+Text,0.6897,0.673,0.7036,0.2609,0.2419,0.2859,0.1936,0.1915,0.196,0.3794
12,2013-05,2013-06,125865,10802,1739,Logistic,Structured,0.7035,0.6901,0.7152,0.2956,0.2782,0.3152,0.2306,0.2277,0.2337,0.4069
12,2013-05,2013-06,125865,10802,1739,Logistic,Structured+Text,0.707,0.6945,0.7187,0.2977,0.2806,0.3171,0.2299,0.2268,0.233,0.414
12,2013-05,2013-06,125865,10802,1739,XGBoost,Structured,0.705,0.6927,0.7172,0.3032,0.2858,0.3242,0.2252,0.2223,0.2282,0.41
12,2013-05,2013-06,125865,10802,1739,XGBoost,Structured+Text,0.7044,0.6924,0.7162,0.3014,0.2846,0.321,0.2305,0.2276,0.2332,0.4087
12,2013-05,2013-06,125865,10802,1739,RandomForest,Structured,0.6989,0.6861,0.7112,0.2994,0.2816,0.3206,0.1832,0.1808,0.1858,0.3977
12,2013-05,2013-06,125865,10802,1739,RandomForest,Structured+Text,0.6975,0.6844,0.7097,0.2961,0.2779,0.317,0.2008,0.1987,0.2029,0.3949
13,2013-08,2013-09,161023,12846,2007,Logistic,Structured,0.6947,0.6827,0.7057,0.2788,0.2624,0.2976,0.2322,0.2292,0.235,0.3893
13,2013-08,2013-09,161023,12846,2007,Logistic,Structured+Text,0.6976,0.686,0.7086,0.2806,0.2637,0.2989,0.2315,0.2287,0.2344,0.3953
13,2013-08,2013-09,161023,12846,2007,XGBoost,Structured,0.6957,0.6841,0.707,0.2797,0.2643,0.2991,0.2275,0.2248,0.2303,0.3913
13,2013-08,2013-09,161023,12846,2007,XGBoost,Structured+Text,0.6952,0.6838,0.7064,0.2779,0.2618,0.2961,0.2298,0.2271,0.2324,0.3903
13,2013-08,2013-09,161023,12846,2007,RandomForest,Structured,0.6895,0.6781,0.7008,0.2707,0.2558,0.2885,0.183,0.1806,0.1854,0.379
13,2013-08,2013-09,161023,12846,2007,RandomForest,Structured+Text,0.6882,0.6767,0.6999,0.2721,0.2565,0.291,0.1998,0.1978,0.2017,0.3764
14,2013-11,2013-12,202442,14845,2263,Logistic,Structured,0.6999,0.6891,0.7109,0.2827,0.2672,0.3009,0.2206,0.218,0.2232,0.3997
14,2013-11,2013-12,202442,14845,2263,Logistic,Structured+Text,0.7044,0.6934,0.716,0.2899,0.2747,0.3077,0.2189,0.2161,0.2215,0.4087
14,2013-11,2013-12,202442,14845,2263,XGBoost,Structured,0.7056,0.6952,0.7164,0.287,0.2728,0.3053,0.2154,0.2129,0.218,0.4112
14,2013-11,2013-12,202442,14845,2263,XGBoost,Structured+Text,0.707,0.6965,0.718,0.2905,0.2751,0.3092,0.2177,0.2151,0.2202,0.4141
14,2013-11,2013-12,202442,14845,2263,RandomForest,Structured,0.7037,0.6933,0.715,0.2876,0.2732,0.3055,0.1728,0.1706,0.1752,0.4074
14,2013-11,2013-12,202442,14845,2263,RandomForest,Structured+Text,0.703,0.6918,0.714,0.2872,0.273,0.3051,0.1919,0.19,0.1938,0.4059
