Term,Document_Frequency,Category,Reason
hard,2076,Borderline_Excluded,"נפוץ וכללי ביותר - בעיקר 'קשה' או 'עובד קשה', לא מצוקה"
problem,1535,Borderline_Excluded,כללי ביותר - יכול להתייחס לכל דבר
issue,1035,Borderline_Excluded,כללי מאוד (payment issue כביגרם ספציפי יותר)
default,943,Borderline_Excluded,לא דו-משמעות סמנטית אלא חשש לדליפת מידע - המילה חופפת למשתנה המטרה של התזה (חיזוי default)
bite,864,Borderline_Excluded,"לרוב 'little bite' = 'קצת', לא קשור למצוקה"
hospital,611,Borderline_Excluded,"לרוב תיאור מקום עבודה ('אני עובד בבית חולים'), לא צורך רפואי"
difficult,559,Borderline_Excluded,"'difficult time' כביגרם מרמז, אבל המילה הבודדת כללית מדי"
avoid,511,Borderline_Excluded,כנ״ל - תכנון יזום (הימנעות מריבית גבוהה)
worry,494,Borderline_Excluded,נפוץ מאוד ומאוד כללי - לא מבדיל מצוקה
catch,490,Borderline_Excluded,'catch up on payments' אפשרי אבל כללי מדי לבד
mistake,378,Borderline_Excluded,כללי מדי ('make mistake')
damage,370,Borderline_Excluded,פגיעה באשראי מול נזק פיזי לבית (הקשר שיפוצים)
trouble,340,Borderline_Excluded,לרוב 'צרות כלכליות' אבל מילה כללית מאוד
hit,336,Borderline_Excluded,'hit hard times' אפשרי אבל שימוש כללי מדי
concern,313,Borderline_Excluded,כללי מדי
nurse,312,Borderline_Excluded,כנ״ל - מופיע הרבה בהקשר תעסוקתי בקורפוס
grind,272,Borderline_Excluded,"בעיקר 'משאבת גריינדר' (אינסטלציה) בקורפוס הזה, לא 'שגרה מתישה'"
relief,271,Borderline_Excluded,לרוב 'debt/financial relief' אבל גם תחושת הקלה כללית
doctor,266,Borderline_Excluded,"לרוב תיאור מקצוע ('אני רופא'), לא הוצאה רפואית"
loss,239,Borderline_Excluded,"אובדן עבודה/כספי, אבל גם ירידה במשקל, הפסד השקעה וכו'"
fail,227,Borderline_Excluded,פועל כללי מדי
penalty,223,Borderline_Excluded,"קנס על תשלום מאוחר, אבל גם קנס משפטי/ספורט"
procedure,217,Borderline_Excluded,יכול להיות 'הליך רפואי' אבל גם 'הליך הלוואה'
tough,212,Borderline_Excluded,כללי (החלטה קשה מול תקופה קשה)
negative,209,Borderline_Excluded,"כללי (יתרה שלילית, ציון שלילי וכו')"
poor,192,Borderline_Excluded,poor credit / poor health / עני במילולי - אבל גם 'בחירה גרועה'
fell,174,Borderline_Excluded,"כללי מדי (נפילה, לא בהכרח 'נפילה כלכלית')"
restructure,168,Borderline_Excluded,"יכול להיות מחזור הלוואה יזום, לא בהכרח מצוקה"
hole,164,Borderline_Excluded,'debt hole' ניב אפשרי מול חור פיזי (הקשר שיפוצים חזק בקורפוס)
impossible,163,Borderline_Excluded,"כללי, שימושים רבים"
wipe,161,Borderline_Excluded,'wipe out debt' זה בעצם חיובי - סילוק חוב
knock,159,Borderline_Excluded,"'knock out debt' - זה בעצם חיובי/יזום, לא מצוקה"
tight,159,Borderline_Excluded,לרוב 'תקציב הדוק' אבל יכול לתאר כל דבר הדוק
ridiculous,148,Borderline_Excluded,"תלונה על הלוואה/ריבית, לא על מצב אישי"
die,147,Borderline_Excluded,כללי מדי כמילה בודדת
hurt,147,Borderline_Excluded,"'hurt credit' נפוץ, אבל יכול להיות פגיעה פיזית"
hurricane,145,Borderline_Excluded,נזק אסון (מצוקה) מול מימון הגנה מפני סערות (יזום)
dig,144,Borderline_Excluded,'dig out of debt' מול חפירה פיזית (בריכות)
prevent,136,Borderline_Excluded,"פועל תכנון יזום, לא סמן מצוקה"
storm,136,Borderline_Excluded,"כנ״ל, וגם שימוש כללי מדי"
error,118,Borderline_Excluded,כללי מדי
gap,116,Borderline_Excluded,פער תעסוקתי/אשראי/פיזי - כללי מדי
outrageous,113,Borderline_Excluded,"תלונה על ריבית/עמלה, לא אירוע מצוקה אישי"
felt,110,Borderline_Excluded,כללי מדי
mess,110,Borderline_Excluded,'בלגן כלכלי' מול בלגן פיזי
flood,106,Borderline_Excluded,כנ״ל
veteran,103,Borderline_Excluded,"תיאור סטטוס/תעסוקה, לא מצוקה בעצמו"
regret,100,Borderline_Excluded,רגש כללי
weight,100,Borderline_Excluded,'משקל החוב' ניב מול משקל פיזי
sink,95,Borderline_Excluded,כיור (הקשר שיפוצים) מול 'שוקע בחובות'
lack,93,Borderline_Excluded,'lack of funds' סביר אבל כללי מדי לבד
dentist,87,Borderline_Excluded,כנ״ל
payday,86,Borderline_Excluded,"מציין סוג הלוואה (payday loan), לא מתאר את מצב הלווה"
downsize,84,Borderline_Excluded,צמצום משרה (מצוקה) מול צמצום בית (בחירה נייטרלית)
delay,83,Borderline_Excluded,עיכוב תשלום אפשרי אבל כללי מדי
quit,79,Borderline_Excluded,"עזיבת עבודה יכולה להיות מרצון, לא מצוקה"
stretch,79,Borderline_Excluded,'למתוח תקציב' ניב מול פועל כללי
drain,77,Borderline_Excluded,'ניקוז חסכונות' מול ניקוז פיזי (הרבה אוצר מילים של שיפוצים)
upside,77,Borderline_Excluded,"'upside down' על הלוואה, אבל המילה הבודדת מעורפלת מדי"
coverage,75,Borderline_Excluded,מונח ביטוח כללי
erase,71,Borderline_Excluded,"כנ״ל, קונוטציה חיובית (סילוק חוב)"
decline,70,Borderline_Excluded,ירידה בהכנסה מול דחיית הצעה וכו'
shoulder,70,Borderline_Excluded,'לשאת בנטל' ניב מול איבר גוף
chapter,68,Borderline_Excluded,פרק בפשיטת רגל (Chapter 7/13) מול פרק בספר/בחיים
stave,68,Borderline_Excluded,'stave off' נדיר ולא ברור מספיק
worse,63,Borderline_Excluded,כנ״ל
battle,60,Borderline_Excluded,"'battle debt' ניב אפשרי, אבל שימוש כללי מדי"
horrible,59,Borderline_Excluded,שם תואר שלילי כללי מדי
claim,58,Borderline_Excluded,תביעת ביטוח - נייטרלי/כללי
worst,56,Borderline_Excluded,סופרלטיב כללי
deny,55,Borderline_Excluded,"נדחה על משהו - אשראי, תביעה, בקשה - כללי מדי"
ridiculously,55,Borderline_Excluded,כנ״ל
crash,54,Borderline_Excluded,תאונת רכב (מצוקה) מול קריסת שוק מול שימוש כללי
pressure,53,Borderline_Excluded,לחץ כלכלי מול לחץ כללי (עבודה וכו')
fear,52,Borderline_Excluded,"רגש כללי, לא בהכרח פיננסי"
medical,4035,Distress,נכלל במילון המצוקה הסופי (LC_Distress_Dictionary.csv)
emergency,1498,Distress,נכלל במילון המצוקה הסופי (LC_Distress_Dictionary.csv)
unexpected,1150,Distress,נכלל במילון המצוקה הסופי (LC_Distress_Dictionary.csv)
surgery,592,Distress,נכלל במילון המצוקה הסופי (LC_Distress_Dictionary.csv)
asap,373,Distress,נכלל במילון המצוקה הסופי (LC_Distress_Dictionary.csv)
burden,350,Distress,נכלל במילון המצוקה הסופי (LC_Distress_Dictionary.csv)
struggle,329,Distress,נכלל במילון המצוקה הסופי (LC_Distress_Dictionary.csv)
unemployed,286,Distress,נכלל במילון המצוקה הסופי (LC_Distress_Dictionary.csv)
divorce,285,Distress,נכלל במילון המצוקה הסופי (LC_Distress_Dictionary.csv)
delinquent,268,Distress,נכלל במילון המצוקה הסופי (LC_Distress_Dictionary.csv)
delinquency,267,Distress,נכלל במילון המצוקה הסופי (LC_Distress_Dictionary.csv)
sick,258,Distress,נכלל במילון המצוקה הסופי (LC_Distress_Dictionary.csv)
bankruptcy,230,Distress,נכלל במילון המצוקה הסופי (LC_Distress_Dictionary.csv)
recession,220,Distress,נכלל במילון המצוקה הסופי (LC_Distress_Dictionary.csv)
funeral,174,Distress,נכלל במילון המצוקה הסופי (LC_Distress_Dictionary.csv)
ill,169,Distress,נכלל במילון המצוקה הסופי (LC_Distress_Dictionary.csv)
collection,166,Distress,נכלל במילון המצוקה הסופי (LC_Distress_Dictionary.csv)
unforeseen,148,Distress,נכלל במילון המצוקה הסופי (LC_Distress_Dictionary.csv)
unemployment,145,Distress,נכלל במילון המצוקה הסופי (LC_Distress_Dictionary.csv)
destroy,141,Distress,נכלל במילון המצוקה הסופי (LC_Distress_Dictionary.csv)
hardship,135,Distress,נכלל במילון המצוקה הסופי (LC_Distress_Dictionary.csv)
accident,133,Distress,נכלל במילון המצוקה הסופי (LC_Distress_Dictionary.csv)
illness,129,Distress,נכלל במילון המצוקה הסופי (LC_Distress_Dictionary.csv)
layoff,127,Distress,נכלל במילון המצוקה הסופי (LC_Distress_Dictionary.csv)
death,122,Distress,נכלל במילון המצוקה הסופי (LC_Distress_Dictionary.csv)
barely,121,Distress,נכלל במילון המצוקה הסופי (LC_Distress_Dictionary.csv)
crisis,117,Distress,נכלל במילון המצוקה הסופי (LC_Distress_Dictionary.csv)
overwhelm,112,Distress,נכלל במילון המצוקה הסופי (LC_Distress_Dictionary.csv)
foreclosure,102,Distress,נכלל במילון המצוקה הסופי (LC_Distress_Dictionary.csv)
downturn,98,Distress,נכלל במילון המצוקה הסופי (LC_Distress_Dictionary.csv)
stressful,98,Distress,נכלל במילון המצוקה הסופי (LC_Distress_Dictionary.csv)
disability,92,Distress,נכלל במילון המצוקה הסופי (LC_Distress_Dictionary.csv)
unforseen,92,Distress,נכלל במילון המצוקה הסופי (LC_Distress_Dictionary.csv)
suffer,91,Distress,נכלל במילון המצוקה הסופי (LC_Distress_Dictionary.csv)
cancer,87,Distress,נכלל במילון המצוקה הסופי (LC_Distress_Dictionary.csv)
desperately,84,Distress,נכלל במילון המצוקה הסופי (LC_Distress_Dictionary.csv)
deplete,80,Distress,נכלל במילון המצוקה הסופי (LC_Distress_Dictionary.csv)
ruin,79,Distress,נכלל במילון המצוקה הסופי (LC_Distress_Dictionary.csv)
juggle,73,Distress,נכלל במילון המצוקה הסופי (LC_Distress_Dictionary.csv)
unexpectedly,68,Distress,נכלל במילון המצוקה הסופי (LC_Distress_Dictionary.csv)
settlement,66,Distress,נכלל במילון המצוקה הסופי (LC_Distress_Dictionary.csv)
trap,63,Distress,נכלל במילון המצוקה הסופי (LC_Distress_Dictionary.csv)
crunch,60,Distress,נכלל במילון המצוקה הסופי (LC_Distress_Dictionary.csv)
foreclose,58,Distress,נכלל במילון המצוקה הסופי (LC_Distress_Dictionary.csv)
unpaid,58,Distress,נכלל במילון המצוקה הסופי (LC_Distress_Dictionary.csv)
lien,56,Distress,נכלל במילון המצוקה הסופי (LC_Distress_Dictionary.csv)
disable,52,Distress,נכלל במילון המצוקה הסופי (LC_Distress_Dictionary.csv)
drown,51,Distress,נכלל במילון המצוקה הסופי (LC_Distress_Dictionary.csv)
overdue,51,Distress,נכלל במילון המצוקה הסופי (LC_Distress_Dictionary.csv)
strain,51,Distress,נכלל במילון המצוקה הסופי (LC_Distress_Dictionary.csv)
desperate,50,Distress,נכלל במילון המצוקה הסופי (LC_Distress_Dictionary.csv)
