zip3,BlackConcentration,weight,direction,SES_group
015,Low,0.5827489481065918,BlackConcentration (matched on SESDisadvantage deciles),
018,Low,0.5827489481065918,BlackConcentration (matched on SESDisadvantage deciles),
023,High,1.0,BlackConcentration (matched on SESDisadvantage deciles),
025,Low,0.5827489481065918,BlackConcentration (matched on SESDisadvantage deciles),
026,Low,0.5827489481065918,BlackConcentration (matched on SESDisadvantage deciles),
030,Low,0.5827489481065918,BlackConcentration (matched on SESDisadvantage deciles),
032,Low,0.5827489481065918,BlackConcentration (matched on SESDisadvantage deciles),
038,Low,0.5827489481065918,BlackConcentration (matched on SESDisadvantage deciles),
050,Low,0.5827489481065918,BlackConcentration (matched on SESDisadvantage deciles),
054,Low,0.5827489481065918,BlackConcentration (matched on SESDisadvantage deciles),
056,Low,0.5827489481065918,BlackConcentration (matched on SESDisadvantage deciles),
074,Low,0.5827489481065918,BlackConcentration (matched on SESDisadvantage deciles),
080,High,1.0,BlackConcentration (matched on SESDisadvantage deciles),
102,Low,0.5827489481065918,BlackConcentration (matched on SESDisadvantage deciles),
105,High,1.0,BlackConcentration (matched on SESDisadvantage deciles),
110,High,1.0,BlackConcentration (matched on SESDisadvantage deciles),
115,High,1.0,BlackConcentration (matched on SESDisadvantage deciles),
118,Low,0.5827489481065918,BlackConcentration (matched on SESDisadvantage deciles),
160,Low,0.5827489481065918,BlackConcentration (matched on SESDisadvantage deciles),
189,Low,0.5827489481065918,BlackConcentration (matched on SESDisadvantage deciles),
190,High,1.0,BlackConcentration (matched on SESDisadvantage deciles),
195,Low,0.5827489481065918,BlackConcentration (matched on SESDisadvantage deciles),
197,High,1.0,BlackConcentration (matched on SESDisadvantage deciles),
206,High,1.0,BlackConcentration (matched on SESDisadvantage deciles),
208,High,1.0,BlackConcentration (matched on SESDisadvantage deciles),
210,High,1.0,BlackConcentration (matched on SESDisadvantage deciles),
211,High,1.0,BlackConcentration (matched on SESDisadvantage deciles),
214,High,1.0,BlackConcentration (matched on SESDisadvantage deciles),
221,High,1.0,BlackConcentration (matched on SESDisadvantage deciles),
225,High,1.0,BlackConcentration (matched on SESDisadvantage deciles),
230,High,1.0,BlackConcentration (matched on SESDisadvantage deciles),
231,High,1.0,BlackConcentration (matched on SESDisadvantage deciles),
502,Low,0.5827489481065918,BlackConcentration (matched on SESDisadvantage deciles),
530,Low,0.5827489481065918,BlackConcentration (matched on SESDisadvantage deciles),
535,Low,0.5827489481065918,BlackConcentration (matched on SESDisadvantage deciles),
540,Low,0.5827489481065918,BlackConcentration (matched on SESDisadvantage deciles),
550,Low,0.5827489481065918,BlackConcentration (matched on SESDisadvantage deciles),
596,Low,0.5827489481065918,BlackConcentration (matched on SESDisadvantage deciles),
603,High,1.0,BlackConcentration (matched on SESDisadvantage deciles),
630,High,1.0,BlackConcentration (matched on SESDisadvantage deciles),
680,Low,0.5827489481065918,BlackConcentration (matched on SESDisadvantage deciles),
801,Low,0.5827489481065918,BlackConcentration (matched on SESDisadvantage deciles),
804,Low,0.5827489481065918,BlackConcentration (matched on SESDisadvantage deciles),
831,Low,0.5827489481065918,BlackConcentration (matched on SESDisadvantage deciles),
840,Low,0.5827489481065918,BlackConcentration (matched on SESDisadvantage deciles),
940,Low,0.5827489481065918,BlackConcentration (matched on SESDisadvantage deciles),
944,Low,0.5827489481065918,BlackConcentration (matched on SESDisadvantage deciles),
949,Low,0.5827489481065918,BlackConcentration (matched on SESDisadvantage deciles),
968,Low,0.5827489481065918,BlackConcentration (matched on SESDisadvantage deciles),
010,Low,0.4460547504025765,BlackConcentration (matched on SESDisadvantage deciles),
033,Low,0.4460547504025765,BlackConcentration (matched on SESDisadvantage deciles),
034,Low,0.4460547504025765,BlackConcentration (matched on SESDisadvantage deciles),
036,Low,0.4460547504025765,BlackConcentration (matched on SESDisadvantage deciles),
037,Low,0.4460547504025765,BlackConcentration (matched on SESDisadvantage deciles),
052,Low,0.4460547504025765,BlackConcentration (matched on SESDisadvantage deciles),
053,Low,0.4460547504025765,BlackConcentration (matched on SESDisadvantage deciles),
062,Low,0.4460547504025765,BlackConcentration (matched on SESDisadvantage deciles),
082,High,1.0,BlackConcentration (matched on SESDisadvantage deciles),
103,High,1.0,BlackConcentration (matched on SESDisadvantage deciles),
106,High,1.0,BlackConcentration (matched on SESDisadvantage deciles),
108,High,1.0,BlackConcentration (matched on SESDisadvantage deciles),
109,High,1.0,BlackConcentration (matched on SESDisadvantage deciles),
120,Low,0.4460547504025765,BlackConcentration (matched on SESDisadvantage deciles),
128,Low,0.4460547504025765,BlackConcentration (matched on SESDisadvantage deciles),
130,Low,0.4460547504025765,BlackConcentration (matched on SESDisadvantage deciles),
141,Low,0.4460547504025765,BlackConcentration (matched on SESDisadvantage deciles),
156,Low,0.4460547504025765,BlackConcentration (matched on SESDisadvantage deciles),
170,Low,0.4460547504025765,BlackConcentration (matched on SESDisadvantage deciles),
173,Low,0.4460547504025765,BlackConcentration (matched on SESDisadvantage deciles),
175,Low,0.4460547504025765,BlackConcentration (matched on SESDisadvantage deciles),
198,High,1.0,BlackConcentration (matched on SESDisadvantage deciles),
216,High,1.0,BlackConcentration (matched on SESDisadvantage deciles),
223,High,1.0,BlackConcentration (matched on SESDisadvantage deciles),
224,High,1.0,BlackConcentration (matched on SESDisadvantage deciles),
227,High,1.0,BlackConcentration (matched on SESDisadvantage deciles),
229,High,1.0,BlackConcentration (matched on SESDisadvantage deciles),
233,High,1.0,BlackConcentration (matched on SESDisadvantage deciles),
234,High,1.0,BlackConcentration (matched on SESDisadvantage deciles),
357,High,1.0,BlackConcentration (matched on SESDisadvantage deciles),
461,Low,0.4460547504025765,BlackConcentration (matched on SESDisadvantage deciles),
527,Low,0.4460547504025765,BlackConcentration (matched on SESDisadvantage deciles),
541,Low,0.4460547504025765,BlackConcentration (matched on SESDisadvantage deciles),
542,Low,0.4460547504025765,BlackConcentration (matched on SESDisadvantage deciles),
556,Low,0.4460547504025765,BlackConcentration (matched on SESDisadvantage deciles),
560,Low,0.4460547504025765,BlackConcentration (matched on SESDisadvantage deciles),
565,Low,0.4460547504025765,BlackConcentration (matched on SESDisadvantage deciles),
570,Low,0.4460547504025765,BlackConcentration (matched on SESDisadvantage deciles),
602,High,1.0,BlackConcentration (matched on SESDisadvantage deciles),
615,Low,0.4460547504025765,BlackConcentration (matched on SESDisadvantage deciles),
670,Low,0.4460547504025765,BlackConcentration (matched on SESDisadvantage deciles),
774,High,1.0,BlackConcentration (matched on SESDisadvantage deciles),
805,Low,0.4460547504025765,BlackConcentration (matched on SESDisadvantage deciles),
821,Low,0.4460547504025765,BlackConcentration (matched on SESDisadvantage deciles),
827,Low,0.4460547504025765,BlackConcentration (matched on SESDisadvantage deciles),
828,Low,0.4460547504025765,BlackConcentration (matched on SESDisadvantage deciles),
830,Low,0.4460547504025765,BlackConcentration (matched on SESDisadvantage deciles),
926,Low,0.4460547504025765,BlackConcentration (matched on SESDisadvantage deciles),
950,Low,0.4460547504025765,BlackConcentration (matched on SESDisadvantage deciles),
967,Low,0.4460547504025765,BlackConcentration (matched on SESDisadvantage deciles),
990,Low,0.4460547504025765,BlackConcentration (matched on SESDisadvantage deciles),
998,Low,0.4460547504025765,BlackConcentration (matched on SESDisadvantage deciles),
013,Low,0.7267616191904048,BlackConcentration (matched on SESDisadvantage deciles),
021,High,1.0,BlackConcentration (matched on SESDisadvantage deciles),
051,Low,0.7267616191904048,BlackConcentration (matched on SESDisadvantage deciles),
057,Low,0.7267616191904048,BlackConcentration (matched on SESDisadvantage deciles),
070,High,1.0,BlackConcentration (matched on SESDisadvantage deciles),
100,High,1.0,BlackConcentration (matched on SESDisadvantage deciles),
107,High,1.0,BlackConcentration (matched on SESDisadvantage deciles),
131,Low,0.7267616191904048,BlackConcentration (matched on SESDisadvantage deciles),
151,High,1.0,BlackConcentration (matched on SESDisadvantage deciles),
164,Low,0.7267616191904048,BlackConcentration (matched on SESDisadvantage deciles),
199,High,1.0,BlackConcentration (matched on SESDisadvantage deciles),
200,High,1.0,BlackConcentration (matched on SESDisadvantage deciles),
207,High,1.0,BlackConcentration (matched on SESDisadvantage deciles),
209,High,1.0,BlackConcentration (matched on SESDisadvantage deciles),
275,High,1.0,BlackConcentration (matched on SESDisadvantage deciles),
276,High,1.0,BlackConcentration (matched on SESDisadvantage deciles),
370,High,1.0,BlackConcentration (matched on SESDisadvantage deciles),
379,High,1.0,BlackConcentration (matched on SESDisadvantage deciles),
380,High,1.0,BlackConcentration (matched on SESDisadvantage deciles),
435,Low,0.7267616191904048,BlackConcentration (matched on SESDisadvantage deciles),
470,Low,0.7267616191904048,BlackConcentration (matched on SESDisadvantage deciles),
476,Low,0.7267616191904048,BlackConcentration (matched on SESDisadvantage deciles),
493,Low,0.7267616191904048,BlackConcentration (matched on SESDisadvantage deciles),
539,Low,0.7267616191904048,BlackConcentration (matched on SESDisadvantage deciles),
544,Low,0.7267616191904048,BlackConcentration (matched on SESDisadvantage deciles),
549,Low,0.7267616191904048,BlackConcentration (matched on SESDisadvantage deciles),
554,High,1.0,BlackConcentration (matched on SESDisadvantage deciles),
562,Low,0.7267616191904048,BlackConcentration (matched on SESDisadvantage deciles),
563,Low,0.7267616191904048,BlackConcentration (matched on SESDisadvantage deciles),
567,Low,0.7267616191904048,BlackConcentration (matched on SESDisadvantage deciles),
574,Low,0.7267616191904048,BlackConcentration (matched on SESDisadvantage deciles),
591,Low,0.7267616191904048,BlackConcentration (matched on SESDisadvantage deciles),
604,High,1.0,BlackConcentration (matched on SESDisadvantage deciles),
651,High,1.0,BlackConcentration (matched on SESDisadvantage deciles),
671,Low,0.7267616191904048,BlackConcentration (matched on SESDisadvantage deciles),
681,High,1.0,BlackConcentration (matched on SESDisadvantage deciles),
707,High,1.0,BlackConcentration (matched on SESDisadvantage deciles),
750,High,1.0,BlackConcentration (matched on SESDisadvantage deciles),
773,High,1.0,BlackConcentration (matched on SESDisadvantage deciles),
803,Low,0.7267616191904048,BlackConcentration (matched on SESDisadvantage deciles),
816,Low,0.7267616191904048,BlackConcentration (matched on SESDisadvantage deciles),
820,Low,0.7267616191904048,BlackConcentration (matched on SESDisadvantage deciles),
824,Low,0.7267616191904048,BlackConcentration (matched on SESDisadvantage deciles),
826,Low,0.7267616191904048,BlackConcentration (matched on SESDisadvantage deciles),
829,Low,0.7267616191904048,BlackConcentration (matched on SESDisadvantage deciles),
843,Low,0.7267616191904048,BlackConcentration (matched on SESDisadvantage deciles),
898,Low,0.7267616191904048,BlackConcentration (matched on SESDisadvantage deciles),
915,Low,0.7267616191904048,BlackConcentration (matched on SESDisadvantage deciles),
931,Low,0.7267616191904048,BlackConcentration (matched on SESDisadvantage deciles),
982,Low,0.7267616191904048,BlackConcentration (matched on SESDisadvantage deciles),
058,Low,0.5734989648033126,BlackConcentration (matched on SESDisadvantage deciles),
069,High,1.0,BlackConcentration (matched on SESDisadvantage deciles),
086,High,1.0,BlackConcentration (matched on SESDisadvantage deciles),
122,High,1.0,BlackConcentration (matched on SESDisadvantage deciles),
126,High,1.0,BlackConcentration (matched on SESDisadvantage deciles),
133,Low,0.5734989648033126,BlackConcentration (matched on SESDisadvantage deciles),
137,Low,0.5734989648033126,BlackConcentration (matched on SESDisadvantage deciles),
138,Low,0.5734989648033126,BlackConcentration (matched on SESDisadvantage deciles),
152,High,1.0,BlackConcentration (matched on SESDisadvantage deciles),
171,High,1.0,BlackConcentration (matched on SESDisadvantage deciles),
174,High,1.0,BlackConcentration (matched on SESDisadvantage deciles),
186,Low,0.5734989648033126,BlackConcentration (matched on SESDisadvantage deciles),
188,Low,0.5734989648033126,BlackConcentration (matched on SESDisadvantage deciles),
218,High,1.0,BlackConcentration (matched on SESDisadvantage deciles),
236,High,1.0,BlackConcentration (matched on SESDisadvantage deciles),
281,High,1.0,BlackConcentration (matched on SESDisadvantage deciles),
299,High,1.0,BlackConcentration (matched on SESDisadvantage deciles),
300,High,1.0,BlackConcentration (matched on SESDisadvantage deciles),
301,High,1.0,BlackConcentration (matched on SESDisadvantage deciles),
320,High,1.0,BlackConcentration (matched on SESDisadvantage deciles),
335,High,1.0,BlackConcentration (matched on SESDisadvantage deciles),
351,High,1.0,BlackConcentration (matched on SESDisadvantage deciles),
451,Low,0.5734989648033126,BlackConcentration (matched on SESDisadvantage deciles),
475,Low,0.5734989648033126,BlackConcentration (matched on SESDisadvantage deciles),
480,High,1.0,BlackConcentration (matched on SESDisadvantage deciles),
538,Low,0.5734989648033126,BlackConcentration (matched on SESDisadvantage deciles),
545,Low,0.5734989648033126,BlackConcentration (matched on SESDisadvantage deciles),
546,Low,0.5734989648033126,BlackConcentration (matched on SESDisadvantage deciles),
547,Low,0.5734989648033126,BlackConcentration (matched on SESDisadvantage deciles),
557,Low,0.5734989648033126,BlackConcentration (matched on SESDisadvantage deciles),
558,Low,0.5734989648033126,BlackConcentration (matched on SESDisadvantage deciles),
561,Low,0.5734989648033126,BlackConcentration (matched on SESDisadvantage deciles),
564,Low,0.5734989648033126,BlackConcentration (matched on SESDisadvantage deciles),
572,Low,0.5734989648033126,BlackConcentration (matched on SESDisadvantage deciles),
597,Low,0.5734989648033126,BlackConcentration (matched on SESDisadvantage deciles),
622,High,1.0,BlackConcentration (matched on SESDisadvantage deciles),
627,High,1.0,BlackConcentration (matched on SESDisadvantage deciles),
650,Low,0.5734989648033126,BlackConcentration (matched on SESDisadvantage deciles),
674,Low,0.5734989648033126,BlackConcentration (matched on SESDisadvantage deciles),
676,Low,0.5734989648033126,BlackConcentration (matched on SESDisadvantage deciles),
738,Low,0.5734989648033126,BlackConcentration (matched on SESDisadvantage deciles),
760,High,1.0,BlackConcentration (matched on SESDisadvantage deciles),
806,Low,0.5734989648033126,BlackConcentration (matched on SESDisadvantage deciles),
813,Low,0.5734989648033126,BlackConcentration (matched on SESDisadvantage deciles),
815,Low,0.5734989648033126,BlackConcentration (matched on SESDisadvantage deciles),
823,Low,0.5734989648033126,BlackConcentration (matched on SESDisadvantage deciles),
834,Low,0.5734989648033126,BlackConcentration (matched on SESDisadvantage deciles),
844,Low,0.5734989648033126,BlackConcentration (matched on SESDisadvantage deciles),
846,Low,0.5734989648033126,BlackConcentration (matched on SESDisadvantage deciles),
912,Low,0.5734989648033126,BlackConcentration (matched on SESDisadvantage deciles),
918,Low,0.5734989648033126,BlackConcentration (matched on SESDisadvantage deciles),
930,Low,0.5734989648033126,BlackConcentration (matched on SESDisadvantage deciles),
970,Low,0.5734989648033126,BlackConcentration (matched on SESDisadvantage deciles),
971,Low,0.5734989648033126,BlackConcentration (matched on SESDisadvantage deciles),
985,Low,0.5734989648033126,BlackConcentration (matched on SESDisadvantage deciles),
016,High,1.0,BlackConcentration (matched on SESDisadvantage deciles),
035,Low,0.7446236559139785,BlackConcentration (matched on SESDisadvantage deciles),
044,Low,0.7446236559139785,BlackConcentration (matched on SESDisadvantage deciles),
065,High,1.0,BlackConcentration (matched on SESDisadvantage deciles),
083,High,1.0,BlackConcentration (matched on SESDisadvantage deciles),
089,High,1.0,BlackConcentration (matched on SESDisadvantage deciles),
114,High,1.0,BlackConcentration (matched on SESDisadvantage deciles),
155,Low,0.7446236559139785,BlackConcentration (matched on SESDisadvantage deciles),
158,Low,0.7446236559139785,BlackConcentration (matched on SESDisadvantage deciles),
232,High,1.0,BlackConcentration (matched on SESDisadvantage deciles),
238,High,1.0,BlackConcentration (matched on SESDisadvantage deciles),
240,High,1.0,BlackConcentration (matched on SESDisadvantage deciles),
241,High,1.0,BlackConcentration (matched on SESDisadvantage deciles),
255,Low,0.7446236559139785,BlackConcentration (matched on SESDisadvantage deciles),
282,High,1.0,BlackConcentration (matched on SESDisadvantage deciles),
290,High,1.0,BlackConcentration (matched on SESDisadvantage deciles),
308,High,1.0,BlackConcentration (matched on SESDisadvantage deciles),
327,High,1.0,BlackConcentration (matched on SESDisadvantage deciles),
333,High,1.0,BlackConcentration (matched on SESDisadvantage deciles),
334,High,1.0,BlackConcentration (matched on SESDisadvantage deciles),
352,High,1.0,BlackConcentration (matched on SESDisadvantage deciles),
405,High,1.0,BlackConcentration (matched on SESDisadvantage deciles),
406,High,1.0,BlackConcentration (matched on SESDisadvantage deciles),
446,Low,0.7446236559139785,BlackConcentration (matched on SESDisadvantage deciles),
452,High,1.0,BlackConcentration (matched on SESDisadvantage deciles),
467,Low,0.7446236559139785,BlackConcentration (matched on SESDisadvantage deciles),
496,Low,0.7446236559139785,BlackConcentration (matched on SESDisadvantage deciles),
528,High,1.0,BlackConcentration (matched on SESDisadvantage deciles),
548,Low,0.7446236559139785,BlackConcentration (matched on SESDisadvantage deciles),
573,Low,0.7446236559139785,BlackConcentration (matched on SESDisadvantage deciles),
577,Low,0.7446236559139785,BlackConcentration (matched on SESDisadvantage deciles),
590,Low,0.7446236559139785,BlackConcentration (matched on SESDisadvantage deciles),
593,Low,0.7446236559139785,BlackConcentration (matched on SESDisadvantage deciles),
599,Low,0.7446236559139785,BlackConcentration (matched on SESDisadvantage deciles),
613,Low,0.7446236559139785,BlackConcentration (matched on SESDisadvantage deciles),
625,High,1.0,BlackConcentration (matched on SESDisadvantage deciles),
669,Low,0.7446236559139785,BlackConcentration (matched on SESDisadvantage deciles),
675,Low,0.7446236559139785,BlackConcentration (matched on SESDisadvantage deciles),
677,Low,0.7446236559139785,BlackConcentration (matched on SESDisadvantage deciles),
678,Low,0.7446236559139785,BlackConcentration (matched on SESDisadvantage deciles),
704,High,1.0,BlackConcentration (matched on SESDisadvantage deciles),
708,High,1.0,BlackConcentration (matched on SESDisadvantage deciles),
727,Low,0.7446236559139785,BlackConcentration (matched on SESDisadvantage deciles),
814,Low,0.7446236559139785,BlackConcentration (matched on SESDisadvantage deciles),
822,Low,0.7446236559139785,BlackConcentration (matched on SESDisadvantage deciles),
841,Low,0.7446236559139785,BlackConcentration (matched on SESDisadvantage deciles),
875,Low,0.7446236559139785,BlackConcentration (matched on SESDisadvantage deciles),
906,Low,0.7446236559139785,BlackConcentration (matched on SESDisadvantage deciles),
934,Low,0.7446236559139785,BlackConcentration (matched on SESDisadvantage deciles),
954,Low,0.7446236559139785,BlackConcentration (matched on SESDisadvantage deciles),
986,Low,0.7446236559139785,BlackConcentration (matched on SESDisadvantage deciles),
993,Low,0.7446236559139785,BlackConcentration (matched on SESDisadvantage deciles),
996,Low,0.7446236559139785,BlackConcentration (matched on SESDisadvantage deciles),
999,Low,0.7446236559139785,BlackConcentration (matched on SESDisadvantage deciles),
049,Low,1.9570652173913041,BlackConcentration (matched on SESDisadvantage deciles),
061,High,1.0,BlackConcentration (matched on SESDisadvantage deciles),
066,High,1.0,BlackConcentration (matched on SESDisadvantage deciles),
073,High,1.0,BlackConcentration (matched on SESDisadvantage deciles),
112,High,1.0,BlackConcentration (matched on SESDisadvantage deciles),
116,High,1.0,BlackConcentration (matched on SESDisadvantage deciles),
146,High,1.0,BlackConcentration (matched on SESDisadvantage deciles),
157,Low,1.9570652173913041,BlackConcentration (matched on SESDisadvantage deciles),
169,Low,1.9570652173913041,BlackConcentration (matched on SESDisadvantage deciles),
182,Low,1.9570652173913041,BlackConcentration (matched on SESDisadvantage deciles),
212,High,1.0,BlackConcentration (matched on SESDisadvantage deciles),
268,Low,1.9570652173913041,BlackConcentration (matched on SESDisadvantage deciles),
273,High,1.0,BlackConcentration (matched on SESDisadvantage deciles),
277,High,1.0,BlackConcentration (matched on SESDisadvantage deciles),
280,High,1.0,BlackConcentration (matched on SESDisadvantage deciles),
294,High,1.0,BlackConcentration (matched on SESDisadvantage deciles),
297,High,1.0,BlackConcentration (matched on SESDisadvantage deciles),
313,High,1.0,BlackConcentration (matched on SESDisadvantage deciles),
318,High,1.0,BlackConcentration (matched on SESDisadvantage deciles),
321,High,1.0,BlackConcentration (matched on SESDisadvantage deciles),
322,High,1.0,BlackConcentration (matched on SESDisadvantage deciles),
325,High,1.0,BlackConcentration (matched on SESDisadvantage deciles),
347,High,1.0,BlackConcentration (matched on SESDisadvantage deciles),
350,High,1.0,BlackConcentration (matched on SESDisadvantage deciles),
358,High,1.0,BlackConcentration (matched on SESDisadvantage deciles),
365,High,1.0,BlackConcentration (matched on SESDisadvantage deciles),
372,High,1.0,BlackConcentration (matched on SESDisadvantage deciles),
402,High,1.0,BlackConcentration (matched on SESDisadvantage deciles),
468,High,1.0,BlackConcentration (matched on SESDisadvantage deciles),
472,Low,1.9570652173913041,BlackConcentration (matched on SESDisadvantage deciles),
498,Low,1.9570652173913041,BlackConcentration (matched on SESDisadvantage deciles),
534,High,1.0,BlackConcentration (matched on SESDisadvantage deciles),
566,Low,1.9570652173913041,BlackConcentration (matched on SESDisadvantage deciles),
594,Low,1.9570652173913041,BlackConcentration (matched on SESDisadvantage deciles),
609,High,1.0,BlackConcentration (matched on SESDisadvantage deciles),
616,High,1.0,BlackConcentration (matched on SESDisadvantage deciles),
618,High,1.0,BlackConcentration (matched on SESDisadvantage deciles),
631,High,1.0,BlackConcentration (matched on SESDisadvantage deciles),
644,Low,1.9570652173913041,BlackConcentration (matched on SESDisadvantage deciles),
646,Low,1.9570652173913041,BlackConcentration (matched on SESDisadvantage deciles),
672,High,1.0,BlackConcentration (matched on SESDisadvantage deciles),
700,High,1.0,BlackConcentration (matched on SESDisadvantage deciles),
703,High,1.0,BlackConcentration (matched on SESDisadvantage deciles),
720,High,1.0,BlackConcentration (matched on SESDisadvantage deciles),
721,High,1.0,BlackConcentration (matched on SESDisadvantage deciles),
722,High,1.0,BlackConcentration (matched on SESDisadvantage deciles),
751,High,1.0,BlackConcentration (matched on SESDisadvantage deciles),
775,High,1.0,BlackConcentration (matched on SESDisadvantage deciles),
825,Low,1.9570652173913041,BlackConcentration (matched on SESDisadvantage deciles),
836,Low,1.9570652173913041,BlackConcentration (matched on SESDisadvantage deciles),
838,Low,1.9570652173913041,BlackConcentration (matched on SESDisadvantage deciles),
847,Low,1.9570652173913041,BlackConcentration (matched on SESDisadvantage deciles),
863,Low,1.9570652173913041,BlackConcentration (matched on SESDisadvantage deciles),
890,High,1.0,BlackConcentration (matched on SESDisadvantage deciles),
927,Low,1.9570652173913041,BlackConcentration (matched on SESDisadvantage deciles),
946,High,1.0,BlackConcentration (matched on SESDisadvantage deciles),
977,Low,1.9570652173913041,BlackConcentration (matched on SESDisadvantage deciles),
992,Low,1.9570652173913041,BlackConcentration (matched on SESDisadvantage deciles),
994,Low,1.9570652173913041,BlackConcentration (matched on SESDisadvantage deciles),
059,Low,1.3799818840579712,BlackConcentration (matched on SESDisadvantage deciles),
142,High,1.0,BlackConcentration (matched on SESDisadvantage deciles),
147,Low,1.3799818840579712,BlackConcentration (matched on SESDisadvantage deciles),
163,Low,1.3799818840579712,BlackConcentration (matched on SESDisadvantage deciles),
203,High,1.0,BlackConcentration (matched on SESDisadvantage deciles),
237,High,1.0,BlackConcentration (matched on SESDisadvantage deciles),
245,High,1.0,BlackConcentration (matched on SESDisadvantage deciles),
260,Low,1.3799818840579712,BlackConcentration (matched on SESDisadvantage deciles),
261,Low,1.3799818840579712,BlackConcentration (matched on SESDisadvantage deciles),
274,High,1.0,BlackConcentration (matched on SESDisadvantage deciles),
279,High,1.0,BlackConcentration (matched on SESDisadvantage deciles),
284,High,1.0,BlackConcentration (matched on SESDisadvantage deciles),
288,High,1.0,BlackConcentration (matched on SESDisadvantage deciles),
292,High,1.0,BlackConcentration (matched on SESDisadvantage deciles),
296,High,1.0,BlackConcentration (matched on SESDisadvantage deciles),
302,High,1.0,BlackConcentration (matched on SESDisadvantage deciles),
303,High,1.0,BlackConcentration (matched on SESDisadvantage deciles),
323,High,1.0,BlackConcentration (matched on SESDisadvantage deciles),
326,High,1.0,BlackConcentration (matched on SESDisadvantage deciles),
331,High,1.0,BlackConcentration (matched on SESDisadvantage deciles),
337,High,1.0,BlackConcentration (matched on SESDisadvantage deciles),
354,High,1.0,BlackConcentration (matched on SESDisadvantage deciles),
356,High,1.0,BlackConcentration (matched on SESDisadvantage deciles),
360,High,1.0,BlackConcentration (matched on SESDisadvantage deciles),
361,High,1.0,BlackConcentration (matched on SESDisadvantage deciles),
376,Low,1.3799818840579712,BlackConcentration (matched on SESDisadvantage deciles),
390,High,1.0,BlackConcentration (matched on SESDisadvantage deciles),
441,High,1.0,BlackConcentration (matched on SESDisadvantage deciles),
447,High,1.0,BlackConcentration (matched on SESDisadvantage deciles),
454,High,1.0,BlackConcentration (matched on SESDisadvantage deciles),
474,Low,1.3799818840579712,BlackConcentration (matched on SESDisadvantage deciles),
486,High,1.0,BlackConcentration (matched on SESDisadvantage deciles),
487,Low,1.3799818840579712,BlackConcentration (matched on SESDisadvantage deciles),
495,High,1.0,BlackConcentration (matched on SESDisadvantage deciles),
497,Low,1.3799818840579712,BlackConcentration (matched on SESDisadvantage deciles),
592,Low,1.3799818840579712,BlackConcentration (matched on SESDisadvantage deciles),
598,Low,1.3799818840579712,BlackConcentration (matched on SESDisadvantage deciles),
641,High,1.0,BlackConcentration (matched on SESDisadvantage deciles),
647,Low,1.3799818840579712,BlackConcentration (matched on SESDisadvantage deciles),
657,Low,1.3799818840579712,BlackConcentration (matched on SESDisadvantage deciles),
668,Low,1.3799818840579712,BlackConcentration (matched on SESDisadvantage deciles),
706,High,1.0,BlackConcentration (matched on SESDisadvantage deciles),
739,Low,1.3799818840579712,BlackConcentration (matched on SESDisadvantage deciles),
765,High,1.0,BlackConcentration (matched on SESDisadvantage deciles),
780,Low,1.3799818840579712,BlackConcentration (matched on SESDisadvantage deciles),
811,Low,1.3799818840579712,BlackConcentration (matched on SESDisadvantage deciles),
845,Low,1.3799818840579712,BlackConcentration (matched on SESDisadvantage deciles),
870,Low,1.3799818840579712,BlackConcentration (matched on SESDisadvantage deciles),
874,Low,1.3799818840579712,BlackConcentration (matched on SESDisadvantage deciles),
894,Low,1.3799818840579712,BlackConcentration (matched on SESDisadvantage deciles),
897,Low,1.3799818840579712,BlackConcentration (matched on SESDisadvantage deciles),
908,High,1.0,BlackConcentration (matched on SESDisadvantage deciles),
948,High,1.0,BlackConcentration (matched on SESDisadvantage deciles),
958,High,1.0,BlackConcentration (matched on SESDisadvantage deciles),
973,Low,1.3799818840579712,BlackConcentration (matched on SESDisadvantage deciles),
984,High,1.0,BlackConcentration (matched on SESDisadvantage deciles),
991,Low,1.3799818840579712,BlackConcentration (matched on SESDisadvantage deciles),
011,High,1.0,BlackConcentration (matched on SESDisadvantage deciles),
132,High,1.0,BlackConcentration (matched on SESDisadvantage deciles),
167,Low,1.4217995169082127,BlackConcentration (matched on SESDisadvantage deciles),
235,High,1.0,BlackConcentration (matched on SESDisadvantage deciles),
250,Low,1.4217995169082127,BlackConcentration (matched on SESDisadvantage deciles),
252,Low,1.4217995169082127,BlackConcentration (matched on SESDisadvantage deciles),
262,Low,1.4217995169082127,BlackConcentration (matched on SESDisadvantage deciles),
263,Low,1.4217995169082127,BlackConcentration (matched on SESDisadvantage deciles),
266,Low,1.4217995169082127,BlackConcentration (matched on SESDisadvantage deciles),
272,High,1.0,BlackConcentration (matched on SESDisadvantage deciles),
285,High,1.0,BlackConcentration (matched on SESDisadvantage deciles),
289,Low,1.4217995169082127,BlackConcentration (matched on SESDisadvantage deciles),
298,High,1.0,BlackConcentration (matched on SESDisadvantage deciles),
306,High,1.0,BlackConcentration (matched on SESDisadvantage deciles),
314,High,1.0,BlackConcentration (matched on SESDisadvantage deciles),
324,High,1.0,BlackConcentration (matched on SESDisadvantage deciles),
328,High,1.0,BlackConcentration (matched on SESDisadvantage deciles),
330,High,1.0,BlackConcentration (matched on SESDisadvantage deciles),
336,High,1.0,BlackConcentration (matched on SESDisadvantage deciles),
349,High,1.0,BlackConcentration (matched on SESDisadvantage deciles),
363,High,1.0,BlackConcentration (matched on SESDisadvantage deciles),
377,Low,1.4217995169082127,BlackConcentration (matched on SESDisadvantage deciles),
378,Low,1.4217995169082127,BlackConcentration (matched on SESDisadvantage deciles),
386,High,1.0,BlackConcentration (matched on SESDisadvantage deciles),
391,High,1.0,BlackConcentration (matched on SESDisadvantage deciles),
395,High,1.0,BlackConcentration (matched on SESDisadvantage deciles),
432,High,1.0,BlackConcentration (matched on SESDisadvantage deciles),
449,High,1.0,BlackConcentration (matched on SESDisadvantage deciles),
532,High,1.0,BlackConcentration (matched on SESDisadvantage deciles),
575,Low,1.4217995169082127,BlackConcentration (matched on SESDisadvantage deciles),
606,High,1.0,BlackConcentration (matched on SESDisadvantage deciles),
619,Low,1.4217995169082127,BlackConcentration (matched on SESDisadvantage deciles),
667,Low,1.4217995169082127,BlackConcentration (matched on SESDisadvantage deciles),
705,High,1.0,BlackConcentration (matched on SESDisadvantage deciles),
711,High,1.0,BlackConcentration (matched on SESDisadvantage deciles),
731,High,1.0,BlackConcentration (matched on SESDisadvantage deciles),
741,High,1.0,BlackConcentration (matched on SESDisadvantage deciles),
752,High,1.0,BlackConcentration (matched on SESDisadvantage deciles),
756,High,1.0,BlackConcentration (matched on SESDisadvantage deciles),
757,High,1.0,BlackConcentration (matched on SESDisadvantage deciles),
761,High,1.0,BlackConcentration (matched on SESDisadvantage deciles),
764,Low,1.4217995169082127,BlackConcentration (matched on SESDisadvantage deciles),
770,High,1.0,BlackConcentration (matched on SESDisadvantage deciles),
776,High,1.0,BlackConcentration (matched on SESDisadvantage deciles),
778,High,1.0,BlackConcentration (matched on SESDisadvantage deciles),
807,Low,1.4217995169082127,BlackConcentration (matched on SESDisadvantage deciles),
859,Low,1.4217995169082127,BlackConcentration (matched on SESDisadvantage deciles),
878,Low,1.4217995169082127,BlackConcentration (matched on SESDisadvantage deciles),
882,Low,1.4217995169082127,BlackConcentration (matched on SESDisadvantage deciles),
884,Low,1.4217995169082127,BlackConcentration (matched on SESDisadvantage deciles),
891,High,1.0,BlackConcentration (matched on SESDisadvantage deciles),
935,High,1.0,BlackConcentration (matched on SESDisadvantage deciles),
955,Low,1.4217995169082127,BlackConcentration (matched on SESDisadvantage deciles),
959,Low,1.4217995169082127,BlackConcentration (matched on SESDisadvantage deciles),
974,Low,1.4217995169082127,BlackConcentration (matched on SESDisadvantage deciles),
975,Low,1.4217995169082127,BlackConcentration (matched on SESDisadvantage deciles),
978,Low,1.4217995169082127,BlackConcentration (matched on SESDisadvantage deciles),
988,Low,1.4217995169082127,BlackConcentration (matched on SESDisadvantage deciles),
007,Low,1.2654379332073094,BlackConcentration (matched on SESDisadvantage deciles),
072,High,1.0,BlackConcentration (matched on SESDisadvantage deciles),
075,High,1.0,BlackConcentration (matched on SESDisadvantage deciles),
081,High,1.0,BlackConcentration (matched on SESDisadvantage deciles),
084,High,1.0,BlackConcentration (matched on SESDisadvantage deciles),
239,High,1.0,BlackConcentration (matched on SESDisadvantage deciles),
264,Low,1.2654379332073094,BlackConcentration (matched on SESDisadvantage deciles),
271,High,1.0,BlackConcentration (matched on SESDisadvantage deciles),
293,High,1.0,BlackConcentration (matched on SESDisadvantage deciles),
310,High,1.0,BlackConcentration (matched on SESDisadvantage deciles),
319,High,1.0,BlackConcentration (matched on SESDisadvantage deciles),
338,High,1.0,BlackConcentration (matched on SESDisadvantage deciles),
344,High,1.0,BlackConcentration (matched on SESDisadvantage deciles),
366,High,1.0,BlackConcentration (matched on SESDisadvantage deciles),
368,High,1.0,BlackConcentration (matched on SESDisadvantage deciles),
374,High,1.0,BlackConcentration (matched on SESDisadvantage deciles),
381,High,1.0,BlackConcentration (matched on SESDisadvantage deciles),
383,High,1.0,BlackConcentration (matched on SESDisadvantage deciles),
385,Low,1.2654379332073094,BlackConcentration (matched on SESDisadvantage deciles),
394,High,1.0,BlackConcentration (matched on SESDisadvantage deciles),
418,Low,1.2654379332073094,BlackConcentration (matched on SESDisadvantage deciles),
438,Low,1.2654379332073094,BlackConcentration (matched on SESDisadvantage deciles),
443,High,1.0,BlackConcentration (matched on SESDisadvantage deciles),
445,High,1.0,BlackConcentration (matched on SESDisadvantage deciles),
455,High,1.0,BlackConcentration (matched on SESDisadvantage deciles),
457,Low,1.2654379332073094,BlackConcentration (matched on SESDisadvantage deciles),
462,High,1.0,BlackConcentration (matched on SESDisadvantage deciles),
466,High,1.0,BlackConcentration (matched on SESDisadvantage deciles),
489,High,1.0,BlackConcentration (matched on SESDisadvantage deciles),
595,Low,1.2654379332073094,BlackConcentration (matched on SESDisadvantage deciles),
611,High,1.0,BlackConcentration (matched on SESDisadvantage deciles),
635,Low,1.2654379332073094,BlackConcentration (matched on SESDisadvantage deciles),
648,Low,1.2654379332073094,BlackConcentration (matched on SESDisadvantage deciles),
656,Low,1.2654379332073094,BlackConcentration (matched on SESDisadvantage deciles),
701,High,1.0,BlackConcentration (matched on SESDisadvantage deciles),
710,High,1.0,BlackConcentration (matched on SESDisadvantage deciles),
726,Low,1.2654379332073094,BlackConcentration (matched on SESDisadvantage deciles),
728,Low,1.2654379332073094,BlackConcentration (matched on SESDisadvantage deciles),
735,High,1.0,BlackConcentration (matched on SESDisadvantage deciles),
743,Low,1.2654379332073094,BlackConcentration (matched on SESDisadvantage deciles),
746,Low,1.2654379332073094,BlackConcentration (matched on SESDisadvantage deciles),
758,High,1.0,BlackConcentration (matched on SESDisadvantage deciles),
810,Low,1.2654379332073094,BlackConcentration (matched on SESDisadvantage deciles),
855,Low,1.2654379332073094,BlackConcentration (matched on SESDisadvantage deciles),
860,Low,1.2654379332073094,BlackConcentration (matched on SESDisadvantage deciles),
877,Low,1.2654379332073094,BlackConcentration (matched on SESDisadvantage deciles),
879,Low,1.2654379332073094,BlackConcentration (matched on SESDisadvantage deciles),
893,Low,1.2654379332073094,BlackConcentration (matched on SESDisadvantage deciles),
900,High,1.0,BlackConcentration (matched on SESDisadvantage deciles),
936,Low,1.2654379332073094,BlackConcentration (matched on SESDisadvantage deciles),
960,Low,1.2654379332073094,BlackConcentration (matched on SESDisadvantage deciles),
976,Low,1.2654379332073094,BlackConcentration (matched on SESDisadvantage deciles),
071,High,1.0,BlackConcentration (matched on SESDisadvantage deciles),
104,High,1.0,BlackConcentration (matched on SESDisadvantage deciles),
135,High,1.0,BlackConcentration (matched on SESDisadvantage deciles),
143,High,1.0,BlackConcentration (matched on SESDisadvantage deciles),
191,High,1.0,BlackConcentration (matched on SESDisadvantage deciles),
267,Low,1.7981582125603865,BlackConcentration (matched on SESDisadvantage deciles),
278,High,1.0,BlackConcentration (matched on SESDisadvantage deciles),
283,High,1.0,BlackConcentration (matched on SESDisadvantage deciles),
291,High,1.0,BlackConcentration (matched on SESDisadvantage deciles),
295,High,1.0,BlackConcentration (matched on SESDisadvantage deciles),
304,High,1.0,BlackConcentration (matched on SESDisadvantage deciles),
309,High,1.0,BlackConcentration (matched on SESDisadvantage deciles),
312,High,1.0,BlackConcentration (matched on SESDisadvantage deciles),
315,High,1.0,BlackConcentration (matched on SESDisadvantage deciles),
316,High,1.0,BlackConcentration (matched on SESDisadvantage deciles),
317,High,1.0,BlackConcentration (matched on SESDisadvantage deciles),
362,High,1.0,BlackConcentration (matched on SESDisadvantage deciles),
364,High,1.0,BlackConcentration (matched on SESDisadvantage deciles),
367,High,1.0,BlackConcentration (matched on SESDisadvantage deciles),
369,High,1.0,BlackConcentration (matched on SESDisadvantage deciles),
392,High,1.0,BlackConcentration (matched on SESDisadvantage deciles),
397,High,1.0,BlackConcentration (matched on SESDisadvantage deciles),
398,High,1.0,BlackConcentration (matched on SESDisadvantage deciles),
407,Low,1.7981582125603865,BlackConcentration (matched on SESDisadvantage deciles),
408,Low,1.7981582125603865,BlackConcentration (matched on SESDisadvantage deciles),
411,Low,1.7981582125603865,BlackConcentration (matched on SESDisadvantage deciles),
412,Low,1.7981582125603865,BlackConcentration (matched on SESDisadvantage deciles),
413,Low,1.7981582125603865,BlackConcentration (matched on SESDisadvantage deciles),
414,Low,1.7981582125603865,BlackConcentration (matched on SESDisadvantage deciles),
415,Low,1.7981582125603865,BlackConcentration (matched on SESDisadvantage deciles),
416,Low,1.7981582125603865,BlackConcentration (matched on SESDisadvantage deciles),
417,Low,1.7981582125603865,BlackConcentration (matched on SESDisadvantage deciles),
422,High,1.0,BlackConcentration (matched on SESDisadvantage deciles),
425,Low,1.7981582125603865,BlackConcentration (matched on SESDisadvantage deciles),
436,High,1.0,BlackConcentration (matched on SESDisadvantage deciles),
464,High,1.0,BlackConcentration (matched on SESDisadvantage deciles),
482,High,1.0,BlackConcentration (matched on SESDisadvantage deciles),
485,High,1.0,BlackConcentration (matched on SESDisadvantage deciles),
576,Low,1.7981582125603865,BlackConcentration (matched on SESDisadvantage deciles),
608,High,1.0,BlackConcentration (matched on SESDisadvantage deciles),
638,High,1.0,BlackConcentration (matched on SESDisadvantage deciles),
661,High,1.0,BlackConcentration (matched on SESDisadvantage deciles),
712,High,1.0,BlackConcentration (matched on SESDisadvantage deciles),
713,High,1.0,BlackConcentration (matched on SESDisadvantage deciles),
714,High,1.0,BlackConcentration (matched on SESDisadvantage deciles),
716,High,1.0,BlackConcentration (matched on SESDisadvantage deciles),
717,High,1.0,BlackConcentration (matched on SESDisadvantage deciles),
718,High,1.0,BlackConcentration (matched on SESDisadvantage deciles),
723,High,1.0,BlackConcentration (matched on SESDisadvantage deciles),
725,Low,1.7981582125603865,BlackConcentration (matched on SESDisadvantage deciles),
749,Low,1.7981582125603865,BlackConcentration (matched on SESDisadvantage deciles),
755,High,1.0,BlackConcentration (matched on SESDisadvantage deciles),
759,High,1.0,BlackConcentration (matched on SESDisadvantage deciles),
767,High,1.0,BlackConcentration (matched on SESDisadvantage deciles),
777,High,1.0,BlackConcentration (matched on SESDisadvantage deciles),
783,Low,1.7981582125603865,BlackConcentration (matched on SESDisadvantage deciles),
785,Low,1.7981582125603865,BlackConcentration (matched on SESDisadvantage deciles),
788,Low,1.7981582125603865,BlackConcentration (matched on SESDisadvantage deciles),
798,Low,1.7981582125603865,BlackConcentration (matched on SESDisadvantage deciles),
864,Low,1.7981582125603865,BlackConcentration (matched on SESDisadvantage deciles),
865,Low,1.7981582125603865,BlackConcentration (matched on SESDisadvantage deciles),
873,Low,1.7981582125603865,BlackConcentration (matched on SESDisadvantage deciles),
880,Low,1.7981582125603865,BlackConcentration (matched on SESDisadvantage deciles),
903,High,1.0,BlackConcentration (matched on SESDisadvantage deciles),
924,High,1.0,BlackConcentration (matched on SESDisadvantage deciles),
979,Low,1.7981582125603865,BlackConcentration (matched on SESDisadvantage deciles),
989,Low,1.7981582125603865,BlackConcentration (matched on SESDisadvantage deciles),
007,,1.0,SES_group (matched on share_black_nh deciles),High
013,,0.7168737060041409,SES_group (matched on share_black_nh deciles),Low
032,,0.7168737060041409,SES_group (matched on share_black_nh deciles),Low
034,,0.7168737060041409,SES_group (matched on share_black_nh deciles),Low
036,,0.7168737060041409,SES_group (matched on share_black_nh deciles),Low
050,,0.7168737060041409,SES_group (matched on share_black_nh deciles),Low
051,,0.7168737060041409,SES_group (matched on share_black_nh deciles),Low
052,,0.7168737060041409,SES_group (matched on share_black_nh deciles),Low
057,,0.7168737060041409,SES_group (matched on share_black_nh deciles),Low
252,,1.0,SES_group (matched on share_black_nh deciles),High
264,,1.0,SES_group (matched on share_black_nh deciles),High
266,,1.0,SES_group (matched on share_black_nh deciles),High
407,,1.0,SES_group (matched on share_black_nh deciles),High
413,,1.0,SES_group (matched on share_black_nh deciles),High
415,,1.0,SES_group (matched on share_black_nh deciles),High
470,,0.7168737060041409,SES_group (matched on share_black_nh deciles),Low
541,,0.7168737060041409,SES_group (matched on share_black_nh deciles),Low
542,,0.7168737060041409,SES_group (matched on share_black_nh deciles),Low
544,,0.7168737060041409,SES_group (matched on share_black_nh deciles),Low
545,,0.7168737060041409,SES_group (matched on share_black_nh deciles),Low
556,,0.7168737060041409,SES_group (matched on share_black_nh deciles),Low
574,,0.7168737060041409,SES_group (matched on share_black_nh deciles),Low
575,,1.0,SES_group (matched on share_black_nh deciles),High
576,,1.0,SES_group (matched on share_black_nh deciles),High
591,,0.7168737060041409,SES_group (matched on share_black_nh deciles),Low
595,,1.0,SES_group (matched on share_black_nh deciles),High
596,,0.7168737060041409,SES_group (matched on share_black_nh deciles),Low
597,,0.7168737060041409,SES_group (matched on share_black_nh deciles),Low
656,,1.0,SES_group (matched on share_black_nh deciles),High
726,,1.0,SES_group (matched on share_black_nh deciles),High
785,,1.0,SES_group (matched on share_black_nh deciles),High
804,,0.7168737060041409,SES_group (matched on share_black_nh deciles),Low
815,,0.7168737060041409,SES_group (matched on share_black_nh deciles),Low
816,,0.7168737060041409,SES_group (matched on share_black_nh deciles),Low
824,,0.7168737060041409,SES_group (matched on share_black_nh deciles),Low
827,,0.7168737060041409,SES_group (matched on share_black_nh deciles),Low
828,,0.7168737060041409,SES_group (matched on share_black_nh deciles),Low
829,,0.7168737060041409,SES_group (matched on share_black_nh deciles),Low
830,,0.7168737060041409,SES_group (matched on share_black_nh deciles),Low
831,,0.7168737060041409,SES_group (matched on share_black_nh deciles),Low
843,,0.7168737060041409,SES_group (matched on share_black_nh deciles),Low
865,,1.0,SES_group (matched on share_black_nh deciles),High
873,,1.0,SES_group (matched on share_black_nh deciles),High
879,,1.0,SES_group (matched on share_black_nh deciles),High
975,,1.0,SES_group (matched on share_black_nh deciles),High
976,,1.0,SES_group (matched on share_black_nh deciles),High
978,,1.0,SES_group (matched on share_black_nh deciles),High
988,,1.0,SES_group (matched on share_black_nh deciles),High
030,,0.7213541666666666,SES_group (matched on share_black_nh deciles),Low
037,,0.7213541666666666,SES_group (matched on share_black_nh deciles),Low
038,,0.7213541666666666,SES_group (matched on share_black_nh deciles),Low
053,,0.7213541666666666,SES_group (matched on share_black_nh deciles),Low
056,,0.7213541666666666,SES_group (matched on share_black_nh deciles),Low
102,,0.7213541666666666,SES_group (matched on share_black_nh deciles),Low
118,,0.7213541666666666,SES_group (matched on share_black_nh deciles),Low
131,,0.7213541666666666,SES_group (matched on share_black_nh deciles),Low
160,,0.7213541666666666,SES_group (matched on share_black_nh deciles),Low
262,,1.0,SES_group (matched on share_black_nh deciles),High
289,,1.0,SES_group (matched on share_black_nh deciles),High
385,,1.0,SES_group (matched on share_black_nh deciles),High
416,,1.0,SES_group (matched on share_black_nh deciles),High
417,,1.0,SES_group (matched on share_black_nh deciles),High
418,,1.0,SES_group (matched on share_black_nh deciles),High
425,,1.0,SES_group (matched on share_black_nh deciles),High
476,,0.7213541666666666,SES_group (matched on share_black_nh deciles),Low
530,,0.7213541666666666,SES_group (matched on share_black_nh deciles),Low
540,,0.7213541666666666,SES_group (matched on share_black_nh deciles),Low
546,,0.7213541666666666,SES_group (matched on share_black_nh deciles),Low
547,,0.7213541666666666,SES_group (matched on share_black_nh deciles),Low
549,,0.7213541666666666,SES_group (matched on share_black_nh deciles),Low
557,,0.7213541666666666,SES_group (matched on share_black_nh deciles),Low
561,,0.7213541666666666,SES_group (matched on share_black_nh deciles),Low
562,,0.7213541666666666,SES_group (matched on share_black_nh deciles),Low
565,,0.7213541666666666,SES_group (matched on share_black_nh deciles),Low
567,,0.7213541666666666,SES_group (matched on share_black_nh deciles),Low
570,,0.7213541666666666,SES_group (matched on share_black_nh deciles),Low
671,,0.7213541666666666,SES_group (matched on share_black_nh deciles),Low
725,,1.0,SES_group (matched on share_black_nh deciles),High
739,,1.0,SES_group (matched on share_black_nh deciles),High
743,,1.0,SES_group (matched on share_black_nh deciles),High
788,,1.0,SES_group (matched on share_black_nh deciles),High
801,,0.7213541666666666,SES_group (matched on share_black_nh deciles),Low
803,,0.7213541666666666,SES_group (matched on share_black_nh deciles),Low
805,,0.7213541666666666,SES_group (matched on share_black_nh deciles),Low
826,,0.7213541666666666,SES_group (matched on share_black_nh deciles),Low
840,,0.7213541666666666,SES_group (matched on share_black_nh deciles),Low
855,,1.0,SES_group (matched on share_black_nh deciles),High
859,,1.0,SES_group (matched on share_black_nh deciles),High
860,,1.0,SES_group (matched on share_black_nh deciles),High
864,,1.0,SES_group (matched on share_black_nh deciles),High
877,,1.0,SES_group (matched on share_black_nh deciles),High
878,,1.0,SES_group (matched on share_black_nh deciles),High
880,,1.0,SES_group (matched on share_black_nh deciles),High
898,,0.7213541666666666,SES_group (matched on share_black_nh deciles),Low
926,,0.7213541666666666,SES_group (matched on share_black_nh deciles),Low
960,,1.0,SES_group (matched on share_black_nh deciles),High
970,,0.7213541666666666,SES_group (matched on share_black_nh deciles),Low
974,,1.0,SES_group (matched on share_black_nh deciles),High
979,,1.0,SES_group (matched on share_black_nh deciles),High
989,,1.0,SES_group (matched on share_black_nh deciles),High
990,,0.7213541666666666,SES_group (matched on share_black_nh deciles),Low
991,,1.0,SES_group (matched on share_black_nh deciles),High
998,,0.7213541666666666,SES_group (matched on share_black_nh deciles),Low
015,,0.6338672768878718,SES_group (matched on share_black_nh deciles),Low
033,,0.6338672768878718,SES_group (matched on share_black_nh deciles),Low
054,,0.6338672768878718,SES_group (matched on share_black_nh deciles),Low
062,,0.6338672768878718,SES_group (matched on share_black_nh deciles),Low
074,,0.6338672768878718,SES_group (matched on share_black_nh deciles),Low
120,,0.6338672768878718,SES_group (matched on share_black_nh deciles),Low
128,,0.6338672768878718,SES_group (matched on share_black_nh deciles),Low
138,,0.6338672768878718,SES_group (matched on share_black_nh deciles),Low
141,,0.6338672768878718,SES_group (matched on share_black_nh deciles),Low
147,,1.0,SES_group (matched on share_black_nh deciles),High
156,,0.6338672768878718,SES_group (matched on share_black_nh deciles),Low
164,,0.6338672768878718,SES_group (matched on share_black_nh deciles),Low
170,,0.6338672768878718,SES_group (matched on share_black_nh deciles),Low
173,,0.6338672768878718,SES_group (matched on share_black_nh deciles),Low
175,,0.6338672768878718,SES_group (matched on share_black_nh deciles),Low
189,,0.6338672768878718,SES_group (matched on share_black_nh deciles),Low
195,,0.6338672768878718,SES_group (matched on share_black_nh deciles),Low
377,,1.0,SES_group (matched on share_black_nh deciles),High
411,,1.0,SES_group (matched on share_black_nh deciles),High
412,,1.0,SES_group (matched on share_black_nh deciles),High
435,,0.6338672768878718,SES_group (matched on share_black_nh deciles),Low
438,,1.0,SES_group (matched on share_black_nh deciles),High
451,,0.6338672768878718,SES_group (matched on share_black_nh deciles),Low
457,,1.0,SES_group (matched on share_black_nh deciles),High
461,,0.6338672768878718,SES_group (matched on share_black_nh deciles),Low
474,,1.0,SES_group (matched on share_black_nh deciles),High
493,,0.6338672768878718,SES_group (matched on share_black_nh deciles),Low
502,,0.6338672768878718,SES_group (matched on share_black_nh deciles),Low
535,,0.6338672768878718,SES_group (matched on share_black_nh deciles),Low
550,,0.6338672768878718,SES_group (matched on share_black_nh deciles),Low
560,,0.6338672768878718,SES_group (matched on share_black_nh deciles),Low
615,,0.6338672768878718,SES_group (matched on share_black_nh deciles),Low
619,,1.0,SES_group (matched on share_black_nh deciles),High
635,,1.0,SES_group (matched on share_black_nh deciles),High
648,,1.0,SES_group (matched on share_black_nh deciles),High
667,,1.0,SES_group (matched on share_black_nh deciles),High
670,,0.6338672768878718,SES_group (matched on share_black_nh deciles),Low
674,,0.6338672768878718,SES_group (matched on share_black_nh deciles),Low
680,,0.6338672768878718,SES_group (matched on share_black_nh deciles),Low
746,,1.0,SES_group (matched on share_black_nh deciles),High
749,,1.0,SES_group (matched on share_black_nh deciles),High
764,,1.0,SES_group (matched on share_black_nh deciles),High
783,,1.0,SES_group (matched on share_black_nh deciles),High
798,,1.0,SES_group (matched on share_black_nh deciles),High
807,,1.0,SES_group (matched on share_black_nh deciles),High
810,,1.0,SES_group (matched on share_black_nh deciles),High
821,,0.6338672768878718,SES_group (matched on share_black_nh deciles),Low
882,,1.0,SES_group (matched on share_black_nh deciles),High
884,,1.0,SES_group (matched on share_black_nh deciles),High
893,,1.0,SES_group (matched on share_black_nh deciles),High
915,,0.6338672768878718,SES_group (matched on share_black_nh deciles),Low
930,,0.6338672768878718,SES_group (matched on share_black_nh deciles),Low
931,,0.6338672768878718,SES_group (matched on share_black_nh deciles),Low
936,,1.0,SES_group (matched on share_black_nh deciles),High
940,,0.6338672768878718,SES_group (matched on share_black_nh deciles),Low
944,,0.6338672768878718,SES_group (matched on share_black_nh deciles),Low
950,,0.6338672768878718,SES_group (matched on share_black_nh deciles),Low
955,,1.0,SES_group (matched on share_black_nh deciles),High
959,,1.0,SES_group (matched on share_black_nh deciles),High
967,,0.6338672768878718,SES_group (matched on share_black_nh deciles),Low
968,,0.6338672768878718,SES_group (matched on share_black_nh deciles),Low
982,,0.6338672768878718,SES_group (matched on share_black_nh deciles),Low
010,,0.7299077733860342,SES_group (matched on share_black_nh deciles),Low
012,,0.7299077733860342,SES_group (matched on share_black_nh deciles),Low
014,,0.7299077733860342,SES_group (matched on share_black_nh deciles),Low
017,,0.7299077733860342,SES_group (matched on share_black_nh deciles),Low
018,,0.7299077733860342,SES_group (matched on share_black_nh deciles),Low
020,,0.7299077733860342,SES_group (matched on share_black_nh deciles),Low
024,,0.7299077733860342,SES_group (matched on share_black_nh deciles),Low
025,,0.7299077733860342,SES_group (matched on share_black_nh deciles),Low
026,,0.7299077733860342,SES_group (matched on share_black_nh deciles),Low
078,,0.7299077733860342,SES_group (matched on share_black_nh deciles),Low
130,,0.7299077733860342,SES_group (matched on share_black_nh deciles),Low
134,,0.7299077733860342,SES_group (matched on share_black_nh deciles),Low
137,,0.7299077733860342,SES_group (matched on share_black_nh deciles),Low
140,,0.7299077733860342,SES_group (matched on share_black_nh deciles),Low
144,,0.7299077733860342,SES_group (matched on share_black_nh deciles),Low
145,,0.7299077733860342,SES_group (matched on share_black_nh deciles),Low
167,,1.0,SES_group (matched on share_black_nh deciles),High
168,,0.7299077733860342,SES_group (matched on share_black_nh deciles),Low
172,,0.7299077733860342,SES_group (matched on share_black_nh deciles),Low
242,,1.0,SES_group (matched on share_black_nh deciles),High
243,,1.0,SES_group (matched on share_black_nh deciles),High
246,,1.0,SES_group (matched on share_black_nh deciles),High
250,,1.0,SES_group (matched on share_black_nh deciles),High
256,,1.0,SES_group (matched on share_black_nh deciles),High
259,,1.0,SES_group (matched on share_black_nh deciles),High
263,,1.0,SES_group (matched on share_black_nh deciles),High
267,,1.0,SES_group (matched on share_black_nh deciles),High
378,,1.0,SES_group (matched on share_black_nh deciles),High
408,,1.0,SES_group (matched on share_black_nh deciles),High
414,,1.0,SES_group (matched on share_black_nh deciles),High
426,,1.0,SES_group (matched on share_black_nh deciles),High
433,,1.0,SES_group (matched on share_black_nh deciles),High
437,,1.0,SES_group (matched on share_black_nh deciles),High
442,,0.7299077733860342,SES_group (matched on share_black_nh deciles),Low
456,,1.0,SES_group (matched on share_black_nh deciles),High
473,,1.0,SES_group (matched on share_black_nh deciles),High
499,,1.0,SES_group (matched on share_black_nh deciles),High
527,,0.7299077733860342,SES_group (matched on share_black_nh deciles),Low
531,,0.7299077733860342,SES_group (matched on share_black_nh deciles),Low
539,,0.7299077733860342,SES_group (matched on share_black_nh deciles),Low
543,,0.7299077733860342,SES_group (matched on share_black_nh deciles),Low
553,,0.7299077733860342,SES_group (matched on share_black_nh deciles),Low
559,,0.7299077733860342,SES_group (matched on share_black_nh deciles),Low
563,,0.7299077733860342,SES_group (matched on share_black_nh deciles),Low
610,,0.7299077733860342,SES_group (matched on share_black_nh deciles),Low
679,,1.0,SES_group (matched on share_black_nh deciles),High
728,,1.0,SES_group (matched on share_black_nh deciles),High
740,,0.7299077733860342,SES_group (matched on share_black_nh deciles),Low
745,,1.0,SES_group (matched on share_black_nh deciles),High
768,,1.0,SES_group (matched on share_black_nh deciles),High
790,,1.0,SES_group (matched on share_black_nh deciles),High
799,,1.0,SES_group (matched on share_black_nh deciles),High
820,,0.7299077733860342,SES_group (matched on share_black_nh deciles),Low
920,,0.7299077733860342,SES_group (matched on share_black_nh deciles),Low
949,,0.7299077733860342,SES_group (matched on share_black_nh deciles),Low
951,,0.7299077733860342,SES_group (matched on share_black_nh deciles),Low
983,,0.7299077733860342,SES_group (matched on share_black_nh deciles),Low
019,,1.0036231884057971,SES_group (matched on share_black_nh deciles),Low
027,,1.0036231884057971,SES_group (matched on share_black_nh deciles),Low
028,,1.0036231884057971,SES_group (matched on share_black_nh deciles),Low
031,,1.0036231884057971,SES_group (matched on share_black_nh deciles),Low
064,,1.0036231884057971,SES_group (matched on share_black_nh deciles),Low
068,,1.0036231884057971,SES_group (matched on share_black_nh deciles),Low
079,,1.0036231884057971,SES_group (matched on share_black_nh deciles),Low
087,,1.0036231884057971,SES_group (matched on share_black_nh deciles),Low
101,,1.0036231884057971,SES_group (matched on share_black_nh deciles),Low
136,,1.0,SES_group (matched on share_black_nh deciles),High
153,,1.0036231884057971,SES_group (matched on share_black_nh deciles),Low
154,,1.0,SES_group (matched on share_black_nh deciles),High
180,,1.0036231884057971,SES_group (matched on share_black_nh deciles),Low
184,,1.0036231884057971,SES_group (matched on share_black_nh deciles),Low
185,,1.0,SES_group (matched on share_black_nh deciles),High
307,,1.0,SES_group (matched on share_black_nh deciles),High
403,,1.0,SES_group (matched on share_black_nh deciles),High
404,,1.0,SES_group (matched on share_black_nh deciles),High
409,,1.0,SES_group (matched on share_black_nh deciles),High
410,,1.0036231884057971,SES_group (matched on share_black_nh deciles),Low
427,,1.0,SES_group (matched on share_black_nh deciles),High
439,,1.0,SES_group (matched on share_black_nh deciles),High
460,,1.0036231884057971,SES_group (matched on share_black_nh deciles),Low
469,,1.0,SES_group (matched on share_black_nh deciles),High
571,,1.0036231884057971,SES_group (matched on share_black_nh deciles),Low
600,,1.0036231884057971,SES_group (matched on share_black_nh deciles),Low
607,,1.0036231884057971,SES_group (matched on share_black_nh deciles),Low
626,,1.0036231884057971,SES_group (matched on share_black_nh deciles),Low
628,,1.0,SES_group (matched on share_black_nh deciles),High
633,,1.0036231884057971,SES_group (matched on share_black_nh deciles),Low
636,,1.0,SES_group (matched on share_black_nh deciles),High
639,,1.0,SES_group (matched on share_black_nh deciles),High
653,,1.0,SES_group (matched on share_black_nh deciles),High
654,,1.0,SES_group (matched on share_black_nh deciles),High
655,,1.0,SES_group (matched on share_black_nh deciles),High
658,,1.0,SES_group (matched on share_black_nh deciles),High
660,,1.0036231884057971,SES_group (matched on share_black_nh deciles),Low
662,,1.0036231884057971,SES_group (matched on share_black_nh deciles),Low
665,,1.0036231884057971,SES_group (matched on share_black_nh deciles),Low
729,,1.0,SES_group (matched on share_black_nh deciles),High
734,,1.0,SES_group (matched on share_black_nh deciles),High
736,,1.0,SES_group (matched on share_black_nh deciles),High
748,,1.0,SES_group (matched on share_black_nh deciles),High
769,,1.0,SES_group (matched on share_black_nh deciles),High
784,,1.0,SES_group (matched on share_black_nh deciles),High
793,,1.0,SES_group (matched on share_black_nh deciles),High
795,,1.0,SES_group (matched on share_black_nh deciles),High
808,,1.0036231884057971,SES_group (matched on share_black_nh deciles),Low
852,,1.0036231884057971,SES_group (matched on share_black_nh deciles),Low
883,,1.0,SES_group (matched on share_black_nh deciles),High
904,,1.0036231884057971,SES_group (matched on share_black_nh deciles),Low
905,,1.0036231884057971,SES_group (matched on share_black_nh deciles),Low
913,,1.0036231884057971,SES_group (matched on share_black_nh deciles),Low
922,,1.0,SES_group (matched on share_black_nh deciles),High
932,,1.0,SES_group (matched on share_black_nh deciles),High
953,,1.0,SES_group (matched on share_black_nh deciles),High
956,,1.0036231884057971,SES_group (matched on share_black_nh deciles),Low
980,,1.0036231884057971,SES_group (matched on share_black_nh deciles),Low
063,,0.63866930171278,SES_group (matched on share_black_nh deciles),Low
067,,0.63866930171278,SES_group (matched on share_black_nh deciles),Low
085,,0.63866930171278,SES_group (matched on share_black_nh deciles),Low
117,,0.63866930171278,SES_group (matched on share_black_nh deciles),Low
119,,0.63866930171278,SES_group (matched on share_black_nh deciles),Low
121,,0.63866930171278,SES_group (matched on share_black_nh deciles),Low
124,,0.63866930171278,SES_group (matched on share_black_nh deciles),Low
150,,0.63866930171278,SES_group (matched on share_black_nh deciles),Low
193,,0.63866930171278,SES_group (matched on share_black_nh deciles),Low
219,,0.63866930171278,SES_group (matched on share_black_nh deciles),Low
226,,0.63866930171278,SES_group (matched on share_black_nh deciles),Low
244,,0.63866930171278,SES_group (matched on share_black_nh deciles),Low
247,,1.0,SES_group (matched on share_black_nh deciles),High
248,,1.0,SES_group (matched on share_black_nh deciles),High
257,,1.0,SES_group (matched on share_black_nh deciles),High
286,,1.0,SES_group (matched on share_black_nh deciles),High
341,,0.63866930171278,SES_group (matched on share_black_nh deciles),Low
355,,1.0,SES_group (matched on share_black_nh deciles),High
400,,0.63866930171278,SES_group (matched on share_black_nh deciles),Low
420,,1.0,SES_group (matched on share_black_nh deciles),High
421,,1.0,SES_group (matched on share_black_nh deciles),High
424,,1.0,SES_group (matched on share_black_nh deciles),High
430,,0.63866930171278,SES_group (matched on share_black_nh deciles),Low
431,,0.63866930171278,SES_group (matched on share_black_nh deciles),Low
440,,0.63866930171278,SES_group (matched on share_black_nh deciles),Low
450,,0.63866930171278,SES_group (matched on share_black_nh deciles),Low
478,,1.0,SES_group (matched on share_black_nh deciles),High
601,,0.63866930171278,SES_group (matched on share_black_nh deciles),Low
605,,0.63866930171278,SES_group (matched on share_black_nh deciles),Low
612,,0.63866930171278,SES_group (matched on share_black_nh deciles),Low
614,,1.0,SES_group (matched on share_black_nh deciles),High
617,,0.63866930171278,SES_group (matched on share_black_nh deciles),Low
640,,0.63866930171278,SES_group (matched on share_black_nh deciles),Low
645,,1.0,SES_group (matched on share_black_nh deciles),High
673,,1.0,SES_group (matched on share_black_nh deciles),High
724,,1.0,SES_group (matched on share_black_nh deciles),High
730,,0.63866930171278,SES_group (matched on share_black_nh deciles),Low
744,,1.0,SES_group (matched on share_black_nh deciles),High
747,,1.0,SES_group (matched on share_black_nh deciles),High
762,,0.63866930171278,SES_group (matched on share_black_nh deciles),Low
779,,1.0,SES_group (matched on share_black_nh deciles),High
781,,0.63866930171278,SES_group (matched on share_black_nh deciles),Low
786,,0.63866930171278,SES_group (matched on share_black_nh deciles),Low
792,,1.0,SES_group (matched on share_black_nh deciles),High
809,,0.63866930171278,SES_group (matched on share_black_nh deciles),Low
850,,1.0,SES_group (matched on share_black_nh deciles),High
881,,1.0,SES_group (matched on share_black_nh deciles),High
910,,0.63866930171278,SES_group (matched on share_black_nh deciles),Low
933,,1.0,SES_group (matched on share_black_nh deciles),High
937,,1.0,SES_group (matched on share_black_nh deciles),High
941,,0.63866930171278,SES_group (matched on share_black_nh deciles),Low
943,,0.63866930171278,SES_group (matched on share_black_nh deciles),Low
957,,0.63866930171278,SES_group (matched on share_black_nh deciles),Low
995,,0.63866930171278,SES_group (matched on share_black_nh deciles),Low
060,,0.6151238896680692,SES_group (matched on share_black_nh deciles),Low
076,,0.6151238896680692,SES_group (matched on share_black_nh deciles),Low
077,,0.6151238896680692,SES_group (matched on share_black_nh deciles),Low
082,,0.6151238896680692,SES_group (matched on share_black_nh deciles),Low
088,,0.6151238896680692,SES_group (matched on share_black_nh deciles),Low
103,,0.6151238896680692,SES_group (matched on share_black_nh deciles),Low
105,,0.6151238896680692,SES_group (matched on share_black_nh deciles),Low
109,,0.6151238896680692,SES_group (matched on share_black_nh deciles),Low
123,,0.6151238896680692,SES_group (matched on share_black_nh deciles),Low
125,,0.6151238896680692,SES_group (matched on share_black_nh deciles),Low
139,,1.0,SES_group (matched on share_black_nh deciles),High
149,,1.0,SES_group (matched on share_black_nh deciles),High
181,,1.0,SES_group (matched on share_black_nh deciles),High
183,,0.6151238896680692,SES_group (matched on share_black_nh deciles),Low
194,,0.6151238896680692,SES_group (matched on share_black_nh deciles),Low
201,,0.6151238896680692,SES_group (matched on share_black_nh deciles),Low
217,,0.6151238896680692,SES_group (matched on share_black_nh deciles),Low
220,,0.6151238896680692,SES_group (matched on share_black_nh deciles),Low
222,,0.6151238896680692,SES_group (matched on share_black_nh deciles),Low
258,,1.0,SES_group (matched on share_black_nh deciles),High
344,,1.0,SES_group (matched on share_black_nh deciles),High
359,,1.0,SES_group (matched on share_black_nh deciles),High
379,,0.6151238896680692,SES_group (matched on share_black_nh deciles),Low
382,,1.0,SES_group (matched on share_black_nh deciles),High
384,,1.0,SES_group (matched on share_black_nh deciles),High
401,,1.0,SES_group (matched on share_black_nh deciles),High
463,,0.6151238896680692,SES_group (matched on share_black_nh deciles),Low
481,,0.6151238896680692,SES_group (matched on share_black_nh deciles),Low
483,,0.6151238896680692,SES_group (matched on share_black_nh deciles),Low
486,,1.0,SES_group (matched on share_black_nh deciles),High
537,,0.6151238896680692,SES_group (matched on share_black_nh deciles),Low
551,,0.6151238896680692,SES_group (matched on share_black_nh deciles),Low
629,,1.0,SES_group (matched on share_black_nh deciles),High
630,,0.6151238896680692,SES_group (matched on share_black_nh deciles),Low
681,,0.6151238896680692,SES_group (matched on share_black_nh deciles),Low
719,,1.0,SES_group (matched on share_black_nh deciles),High
750,,0.6151238896680692,SES_group (matched on share_black_nh deciles),Low
754,,1.0,SES_group (matched on share_black_nh deciles),High
773,,0.6151238896680692,SES_group (matched on share_black_nh deciles),Low
794,,1.0,SES_group (matched on share_black_nh deciles),High
796,,1.0,SES_group (matched on share_black_nh deciles),High
800,,0.6151238896680692,SES_group (matched on share_black_nh deciles),Low
891,,1.0,SES_group (matched on share_black_nh deciles),High
911,,0.6151238896680692,SES_group (matched on share_black_nh deciles),Low
923,,1.0,SES_group (matched on share_black_nh deciles),High
925,,1.0,SES_group (matched on share_black_nh deciles),High
945,,0.6151238896680692,SES_group (matched on share_black_nh deciles),Low
947,,0.6151238896680692,SES_group (matched on share_black_nh deciles),Low
952,,1.0,SES_group (matched on share_black_nh deciles),High
981,,0.6151238896680692,SES_group (matched on share_black_nh deciles),Low
011,,1.0,SES_group (matched on share_black_nh deciles),High
021,,0.8781702898550725,SES_group (matched on share_black_nh deciles),Low
023,,0.8781702898550725,SES_group (matched on share_black_nh deciles),Low
069,,0.8781702898550725,SES_group (matched on share_black_nh deciles),Low
070,,0.8781702898550725,SES_group (matched on share_black_nh deciles),Low
080,,0.8781702898550725,SES_group (matched on share_black_nh deciles),Low
100,,0.8781702898550725,SES_group (matched on share_black_nh deciles),Low
106,,0.8781702898550725,SES_group (matched on share_black_nh deciles),Low
107,,0.8781702898550725,SES_group (matched on share_black_nh deciles),Low
108,,0.8781702898550725,SES_group (matched on share_black_nh deciles),Low
110,,0.8781702898550725,SES_group (matched on share_black_nh deciles),Low
115,,0.8781702898550725,SES_group (matched on share_black_nh deciles),Low
126,,0.8781702898550725,SES_group (matched on share_black_nh deciles),Low
135,,1.0,SES_group (matched on share_black_nh deciles),High
143,,1.0,SES_group (matched on share_black_nh deciles),High
151,,0.8781702898550725,SES_group (matched on share_black_nh deciles),Low
152,,0.8781702898550725,SES_group (matched on share_black_nh deciles),Low
190,,0.8781702898550725,SES_group (matched on share_black_nh deciles),Low
199,,0.8781702898550725,SES_group (matched on share_black_nh deciles),Low
208,,0.8781702898550725,SES_group (matched on share_black_nh deciles),Low
210,,0.8781702898550725,SES_group (matched on share_black_nh deciles),Low
214,,0.8781702898550725,SES_group (matched on share_black_nh deciles),Low
216,,0.8781702898550725,SES_group (matched on share_black_nh deciles),Low
221,,0.8781702898550725,SES_group (matched on share_black_nh deciles),Low
227,,0.8781702898550725,SES_group (matched on share_black_nh deciles),Low
229,,0.8781702898550725,SES_group (matched on share_black_nh deciles),Low
231,,0.8781702898550725,SES_group (matched on share_black_nh deciles),Low
272,,1.0,SES_group (matched on share_black_nh deciles),High
324,,1.0,SES_group (matched on share_black_nh deciles),High
326,,1.0,SES_group (matched on share_black_nh deciles),High
331,,1.0,SES_group (matched on share_black_nh deciles),High
338,,1.0,SES_group (matched on share_black_nh deciles),High
349,,1.0,SES_group (matched on share_black_nh deciles),High
351,,0.8781702898550725,SES_group (matched on share_black_nh deciles),Low
356,,1.0,SES_group (matched on share_black_nh deciles),High
357,,0.8781702898550725,SES_group (matched on share_black_nh deciles),Low
370,,0.8781702898550725,SES_group (matched on share_black_nh deciles),Low
422,,1.0,SES_group (matched on share_black_nh deciles),High
447,,1.0,SES_group (matched on share_black_nh deciles),High
449,,1.0,SES_group (matched on share_black_nh deciles),High
455,,1.0,SES_group (matched on share_black_nh deciles),High
480,,0.8781702898550725,SES_group (matched on share_black_nh deciles),Low
554,,0.8781702898550725,SES_group (matched on share_black_nh deciles),Low
602,,0.8781702898550725,SES_group (matched on share_black_nh deciles),Low
611,,1.0,SES_group (matched on share_black_nh deciles),High
638,,1.0,SES_group (matched on share_black_nh deciles),High
651,,0.8781702898550725,SES_group (matched on share_black_nh deciles),Low
731,,1.0,SES_group (matched on share_black_nh deciles),High
735,,1.0,SES_group (matched on share_black_nh deciles),High
741,,1.0,SES_group (matched on share_black_nh deciles),High
757,,1.0,SES_group (matched on share_black_nh deciles),High
761,,1.0,SES_group (matched on share_black_nh deciles),High
765,,1.0,SES_group (matched on share_black_nh deciles),High
774,,0.8781702898550725,SES_group (matched on share_black_nh deciles),Low
776,,1.0,SES_group (matched on share_black_nh deciles),High
778,,1.0,SES_group (matched on share_black_nh deciles),High
900,,1.0,SES_group (matched on share_black_nh deciles),High
924,,1.0,SES_group (matched on share_black_nh deciles),High
935,,1.0,SES_group (matched on share_black_nh deciles),High
958,,1.0,SES_group (matched on share_black_nh deciles),High
072,,1.0,SES_group (matched on share_black_nh deciles),High
075,,1.0,SES_group (matched on share_black_nh deciles),High
081,,1.0,SES_group (matched on share_black_nh deciles),High
084,,1.0,SES_group (matched on share_black_nh deciles),High
132,,1.0,SES_group (matched on share_black_nh deciles),High
197,,2.542512077294686,SES_group (matched on share_black_nh deciles),Low
198,,2.542512077294686,SES_group (matched on share_black_nh deciles),Low
211,,2.542512077294686,SES_group (matched on share_black_nh deciles),Low
223,,2.542512077294686,SES_group (matched on share_black_nh deciles),Low
224,,2.542512077294686,SES_group (matched on share_black_nh deciles),Low
225,,2.542512077294686,SES_group (matched on share_black_nh deciles),Low
230,,2.542512077294686,SES_group (matched on share_black_nh deciles),Low
234,,2.542512077294686,SES_group (matched on share_black_nh deciles),Low
275,,2.542512077294686,SES_group (matched on share_black_nh deciles),Low
276,,2.542512077294686,SES_group (matched on share_black_nh deciles),Low
285,,1.0,SES_group (matched on share_black_nh deciles),High
293,,1.0,SES_group (matched on share_black_nh deciles),High
306,,1.0,SES_group (matched on share_black_nh deciles),High
315,,1.0,SES_group (matched on share_black_nh deciles),High
328,,1.0,SES_group (matched on share_black_nh deciles),High
330,,1.0,SES_group (matched on share_black_nh deciles),High
336,,1.0,SES_group (matched on share_black_nh deciles),High
362,,1.0,SES_group (matched on share_black_nh deciles),High
363,,1.0,SES_group (matched on share_black_nh deciles),High
364,,1.0,SES_group (matched on share_black_nh deciles),High
380,,2.542512077294686,SES_group (matched on share_black_nh deciles),Low
383,,1.0,SES_group (matched on share_black_nh deciles),High
394,,1.0,SES_group (matched on share_black_nh deciles),High
395,,1.0,SES_group (matched on share_black_nh deciles),High
432,,1.0,SES_group (matched on share_black_nh deciles),High
436,,1.0,SES_group (matched on share_black_nh deciles),High
443,,1.0,SES_group (matched on share_black_nh deciles),High
445,,1.0,SES_group (matched on share_black_nh deciles),High
462,,1.0,SES_group (matched on share_black_nh deciles),High
466,,1.0,SES_group (matched on share_black_nh deciles),High
489,,1.0,SES_group (matched on share_black_nh deciles),High
603,,2.542512077294686,SES_group (matched on share_black_nh deciles),Low
604,,2.542512077294686,SES_group (matched on share_black_nh deciles),Low
608,,1.0,SES_group (matched on share_black_nh deciles),High
622,,2.542512077294686,SES_group (matched on share_black_nh deciles),Low
661,,1.0,SES_group (matched on share_black_nh deciles),High
705,,1.0,SES_group (matched on share_black_nh deciles),High
707,,2.542512077294686,SES_group (matched on share_black_nh deciles),Low
714,,1.0,SES_group (matched on share_black_nh deciles),High
718,,1.0,SES_group (matched on share_black_nh deciles),High
752,,1.0,SES_group (matched on share_black_nh deciles),High
755,,1.0,SES_group (matched on share_black_nh deciles),High
756,,1.0,SES_group (matched on share_black_nh deciles),High
758,,1.0,SES_group (matched on share_black_nh deciles),High
759,,1.0,SES_group (matched on share_black_nh deciles),High
767,,1.0,SES_group (matched on share_black_nh deciles),High
770,,1.0,SES_group (matched on share_black_nh deciles),High
948,,1.0,SES_group (matched on share_black_nh deciles),High
071,,1.0,SES_group (matched on share_black_nh deciles),High
104,,1.0,SES_group (matched on share_black_nh deciles),High
191,,1.0,SES_group (matched on share_black_nh deciles),High
200,,8.36352657004831,SES_group (matched on share_black_nh deciles),Low
206,,8.36352657004831,SES_group (matched on share_black_nh deciles),Low
207,,8.36352657004831,SES_group (matched on share_black_nh deciles),Low
209,,8.36352657004831,SES_group (matched on share_black_nh deciles),Low
233,,8.36352657004831,SES_group (matched on share_black_nh deciles),Low
235,,1.0,SES_group (matched on share_black_nh deciles),High
236,,8.36352657004831,SES_group (matched on share_black_nh deciles),Low
237,,1.0,SES_group (matched on share_black_nh deciles),High
239,,1.0,SES_group (matched on share_black_nh deciles),High
271,,1.0,SES_group (matched on share_black_nh deciles),High
274,,1.0,SES_group (matched on share_black_nh deciles),High
278,,1.0,SES_group (matched on share_black_nh deciles),High
283,,1.0,SES_group (matched on share_black_nh deciles),High
291,,1.0,SES_group (matched on share_black_nh deciles),High
295,,1.0,SES_group (matched on share_black_nh deciles),High
298,,1.0,SES_group (matched on share_black_nh deciles),High
304,,1.0,SES_group (matched on share_black_nh deciles),High
309,,1.0,SES_group (matched on share_black_nh deciles),High
310,,1.0,SES_group (matched on share_black_nh deciles),High
312,,1.0,SES_group (matched on share_black_nh deciles),High
314,,1.0,SES_group (matched on share_black_nh deciles),High
316,,1.0,SES_group (matched on share_black_nh deciles),High
317,,1.0,SES_group (matched on share_black_nh deciles),High
319,,1.0,SES_group (matched on share_black_nh deciles),High
323,,1.0,SES_group (matched on share_black_nh deciles),High
354,,1.0,SES_group (matched on share_black_nh deciles),High
366,,1.0,SES_group (matched on share_black_nh deciles),High
367,,1.0,SES_group (matched on share_black_nh deciles),High
368,,1.0,SES_group (matched on share_black_nh deciles),High
369,,1.0,SES_group (matched on share_black_nh deciles),High
374,,1.0,SES_group (matched on share_black_nh deciles),High
381,,1.0,SES_group (matched on share_black_nh deciles),High
386,,1.0,SES_group (matched on share_black_nh deciles),High
391,,1.0,SES_group (matched on share_black_nh deciles),High
392,,1.0,SES_group (matched on share_black_nh deciles),High
397,,1.0,SES_group (matched on share_black_nh deciles),High
398,,1.0,SES_group (matched on share_black_nh deciles),High
441,,1.0,SES_group (matched on share_black_nh deciles),High
464,,1.0,SES_group (matched on share_black_nh deciles),High
482,,1.0,SES_group (matched on share_black_nh deciles),High
485,,1.0,SES_group (matched on share_black_nh deciles),High
532,,1.0,SES_group (matched on share_black_nh deciles),High
606,,1.0,SES_group (matched on share_black_nh deciles),High
701,,1.0,SES_group (matched on share_black_nh deciles),High
710,,1.0,SES_group (matched on share_black_nh deciles),High
711,,1.0,SES_group (matched on share_black_nh deciles),High
712,,1.0,SES_group (matched on share_black_nh deciles),High
713,,1.0,SES_group (matched on share_black_nh deciles),High
716,,1.0,SES_group (matched on share_black_nh deciles),High
717,,1.0,SES_group (matched on share_black_nh deciles),High
723,,1.0,SES_group (matched on share_black_nh deciles),High
777,,1.0,SES_group (matched on share_black_nh deciles),High
903,,1.0,SES_group (matched on share_black_nh deciles),High
