model,grouping,metric,comparison,fold,gap_structured,gap_tfidf_full,delta,gap_finbert_pca50
Logistic,BlackConcentration,TPR,tfidf_full - structured,1,0.0392,0.0392,0.0,
Logistic,BlackConcentration,TPR,tfidf_full - structured,2,-0.0649,-0.1006,-0.0357,
Logistic,BlackConcentration,TPR,tfidf_full - structured,3,0.0142,0.0559,0.0417,
Logistic,BlackConcentration,TPR,tfidf_full - structured,4,0.0361,0.0361,0.0,
Logistic,BlackConcentration,TPR,tfidf_full - structured,5,-0.0376,-0.0388,-0.0012,
Logistic,BlackConcentration,TPR,tfidf_full - structured,6,0.0271,0.0042,-0.0229,
Logistic,BlackConcentration,TPR,tfidf_full - structured,7,-0.0906,-0.0487,0.0419,
Logistic,BlackConcentration,TPR,tfidf_full - structured,8,0.086,0.0707,-0.0153,
Logistic,BlackConcentration,TPR,tfidf_full - structured,9,-0.0003,0.0089,0.0092,
Logistic,BlackConcentration,TPR,tfidf_full - structured,10,0.0546,0.1018,0.0472,
Logistic,BlackConcentration,TPR,tfidf_full - structured,11,-0.0252,0.0116,0.0368,
Logistic,BlackConcentration,TPR,tfidf_full - structured,12,0.0165,0.0388,0.0223,
Logistic,BlackConcentration,TPR,tfidf_full - structured,13,0.0612,0.0709,0.0097,
Logistic,BlackConcentration,TPR,tfidf_full - structured,14,0.1062,0.0864,-0.0198,
Logistic,BlackConcentration,FPR,tfidf_full - structured,1,-0.0298,-0.0332,-0.0034,
Logistic,BlackConcentration,FPR,tfidf_full - structured,2,0.0022,-0.0037,-0.0059,
Logistic,BlackConcentration,FPR,tfidf_full - structured,3,0.0355,0.0409,0.0054,
Logistic,BlackConcentration,FPR,tfidf_full - structured,4,-0.0487,-0.0563,-0.0076,
Logistic,BlackConcentration,FPR,tfidf_full - structured,5,0.0217,0.0154,-0.0063,
Logistic,BlackConcentration,FPR,tfidf_full - structured,6,-0.0224,-0.0197,0.0027,
Logistic,BlackConcentration,FPR,tfidf_full - structured,7,-0.0381,-0.0445,-0.0064,
Logistic,BlackConcentration,FPR,tfidf_full - structured,8,0.0468,0.0394,-0.0074,
Logistic,BlackConcentration,FPR,tfidf_full - structured,9,0.018,0.0077,-0.0103,
Logistic,BlackConcentration,FPR,tfidf_full - structured,10,0.0075,0.0126,0.0051,
Logistic,BlackConcentration,FPR,tfidf_full - structured,11,0.0148,0.0168,0.002,
Logistic,BlackConcentration,FPR,tfidf_full - structured,12,0.0272,0.0367,0.0095,
Logistic,BlackConcentration,FPR,tfidf_full - structured,13,0.0449,0.0516,0.0067,
Logistic,BlackConcentration,FPR,tfidf_full - structured,14,0.0342,0.042,0.0078,
Logistic,BlackConcentration,PPR,tfidf_full - structured,1,-0.0278,-0.0309,-0.0031,
Logistic,BlackConcentration,PPR,tfidf_full - structured,2,-0.0101,-0.0192,-0.0091,
Logistic,BlackConcentration,PPR,tfidf_full - structured,3,0.0354,0.0459,0.0105,
Logistic,BlackConcentration,PPR,tfidf_full - structured,4,-0.0372,-0.0436,-0.0064,
Logistic,BlackConcentration,PPR,tfidf_full - structured,5,0.0142,0.0087,-0.0055,
Logistic,BlackConcentration,PPR,tfidf_full - structured,6,-0.0078,-0.0094,-0.0016,
Logistic,BlackConcentration,PPR,tfidf_full - structured,7,-0.0459,-0.0451,0.0008,
Logistic,BlackConcentration,PPR,tfidf_full - structured,8,0.0554,0.0466,-0.0088,
Logistic,BlackConcentration,PPR,tfidf_full - structured,9,0.0191,0.0116,-0.0075,
Logistic,BlackConcentration,PPR,tfidf_full - structured,10,0.0217,0.033,0.0113,
Logistic,BlackConcentration,PPR,tfidf_full - structured,11,0.0165,0.0232,0.0067,
Logistic,BlackConcentration,PPR,tfidf_full - structured,12,0.0307,0.0424,0.0117,
Logistic,BlackConcentration,PPR,tfidf_full - structured,13,0.0541,0.0612,0.0071,
Logistic,BlackConcentration,PPR,tfidf_full - structured,14,0.0486,0.0521,0.0035,
Logistic,BlackConcentration,AUC,tfidf_full - structured,1,0.0799,0.075,-0.0049,
Logistic,BlackConcentration,AUC,tfidf_full - structured,2,-0.0405,-0.0451,-0.0046,
Logistic,BlackConcentration,AUC,tfidf_full - structured,3,0.0009,-0.0104,-0.0113,
Logistic,BlackConcentration,AUC,tfidf_full - structured,4,0.0822,0.0837,0.0015,
Logistic,BlackConcentration,AUC,tfidf_full - structured,5,0.0012,0.0005,-0.0007,
Logistic,BlackConcentration,AUC,tfidf_full - structured,6,0.0143,0.0076,-0.0067,
Logistic,BlackConcentration,AUC,tfidf_full - structured,7,-0.0018,0.0043,0.0061,
Logistic,BlackConcentration,AUC,tfidf_full - structured,8,0.0063,-0.0011,-0.0074,
Logistic,BlackConcentration,AUC,tfidf_full - structured,9,0.0003,-0.0098,-0.0101,
Logistic,BlackConcentration,AUC,tfidf_full - structured,10,0.0409,0.0424,0.0015,
Logistic,BlackConcentration,AUC,tfidf_full - structured,11,-0.0123,-0.0063,0.006,
Logistic,BlackConcentration,AUC,tfidf_full - structured,12,-0.0083,-0.0032,0.0051,
Logistic,BlackConcentration,AUC,tfidf_full - structured,13,0.0164,0.0158,-0.0006,
Logistic,BlackConcentration,AUC,tfidf_full - structured,14,0.0207,0.0178,-0.0029,
Logistic,BlackConcentration,TPR,finbert_pca50 - structured,1,0.0392,,0.0753,0.1145
Logistic,BlackConcentration,TPR,finbert_pca50 - structured,2,-0.0649,,-0.0357,-0.1006
Logistic,BlackConcentration,TPR,finbert_pca50 - structured,3,0.0142,,0.0,0.0142
Logistic,BlackConcentration,TPR,finbert_pca50 - structured,4,0.0361,,-0.0355,0.0006
Logistic,BlackConcentration,TPR,finbert_pca50 - structured,5,-0.0376,,0.0389,0.0013
Logistic,BlackConcentration,TPR,finbert_pca50 - structured,6,0.0271,,-0.0125,0.0146
Logistic,BlackConcentration,TPR,finbert_pca50 - structured,7,-0.0906,,0.0052,-0.0854
Logistic,BlackConcentration,TPR,finbert_pca50 - structured,8,0.086,,-0.022,0.064
Logistic,BlackConcentration,TPR,finbert_pca50 - structured,9,-0.0003,,0.028,0.0277
Logistic,BlackConcentration,TPR,finbert_pca50 - structured,10,0.0546,,-0.0171,0.0375
Logistic,BlackConcentration,TPR,finbert_pca50 - structured,11,-0.0252,,0.0013,-0.0239
Logistic,BlackConcentration,TPR,finbert_pca50 - structured,12,0.0165,,0.0125,0.029
Logistic,BlackConcentration,TPR,finbert_pca50 - structured,13,0.0612,,0.001,0.0622
Logistic,BlackConcentration,TPR,finbert_pca50 - structured,14,0.1062,,-0.0094,0.0968
Logistic,BlackConcentration,FPR,finbert_pca50 - structured,1,-0.0298,,-0.0136,-0.0434
Logistic,BlackConcentration,FPR,finbert_pca50 - structured,2,0.0022,,0.0023,0.0045
Logistic,BlackConcentration,FPR,finbert_pca50 - structured,3,0.0355,,-0.0261,0.0094
Logistic,BlackConcentration,FPR,finbert_pca50 - structured,4,-0.0487,,-0.0112,-0.0599
Logistic,BlackConcentration,FPR,finbert_pca50 - structured,5,0.0217,,-0.0172,0.0045
Logistic,BlackConcentration,FPR,finbert_pca50 - structured,6,-0.0224,,-0.0057,-0.0281
Logistic,BlackConcentration,FPR,finbert_pca50 - structured,7,-0.0381,,0.0128,-0.0253
Logistic,BlackConcentration,FPR,finbert_pca50 - structured,8,0.0468,,0.0058,0.0526
Logistic,BlackConcentration,FPR,finbert_pca50 - structured,9,0.018,,-0.0128,0.0052
Logistic,BlackConcentration,FPR,finbert_pca50 - structured,10,0.0075,,0.0113,0.0188
Logistic,BlackConcentration,FPR,finbert_pca50 - structured,11,0.0148,,-0.005,0.0098
Logistic,BlackConcentration,FPR,finbert_pca50 - structured,12,0.0272,,0.0086,0.0358
Logistic,BlackConcentration,FPR,finbert_pca50 - structured,13,0.0449,,-0.0019,0.043
Logistic,BlackConcentration,FPR,finbert_pca50 - structured,14,0.0342,,0.0051,0.0393
Logistic,BlackConcentration,PPR,finbert_pca50 - structured,1,-0.0278,,0.0015,-0.0263
Logistic,BlackConcentration,PPR,finbert_pca50 - structured,2,-0.0101,,-0.0019,-0.012
Logistic,BlackConcentration,PPR,finbert_pca50 - structured,3,0.0354,,-0.0226,0.0128
Logistic,BlackConcentration,PPR,finbert_pca50 - structured,4,-0.0372,,-0.0152,-0.0524
Logistic,BlackConcentration,PPR,finbert_pca50 - structured,5,0.0142,,-0.0091,0.0051
Logistic,BlackConcentration,PPR,finbert_pca50 - structured,6,-0.0078,,-0.0064,-0.0142
Logistic,BlackConcentration,PPR,finbert_pca50 - structured,7,-0.0459,,0.0117,-0.0342
Logistic,BlackConcentration,PPR,finbert_pca50 - structured,8,0.0554,,0.0006,0.056
Logistic,BlackConcentration,PPR,finbert_pca50 - structured,9,0.0191,,-0.0071,0.012
Logistic,BlackConcentration,PPR,finbert_pca50 - structured,10,0.0217,,0.0076,0.0293
Logistic,BlackConcentration,PPR,finbert_pca50 - structured,11,0.0165,,-0.0037,0.0128
Logistic,BlackConcentration,PPR,finbert_pca50 - structured,12,0.0307,,0.0093,0.04
Logistic,BlackConcentration,PPR,finbert_pca50 - structured,13,0.0541,,-0.0012,0.0529
Logistic,BlackConcentration,PPR,finbert_pca50 - structured,14,0.0486,,0.0028,0.0514
Logistic,BlackConcentration,AUC,finbert_pca50 - structured,1,0.0799,,-0.011,0.0689
Logistic,BlackConcentration,AUC,finbert_pca50 - structured,2,-0.0405,,-0.0184,-0.0589
Logistic,BlackConcentration,AUC,finbert_pca50 - structured,3,0.0009,,0.0108,0.0117
Logistic,BlackConcentration,AUC,finbert_pca50 - structured,4,0.0822,,0.0102,0.0924
Logistic,BlackConcentration,AUC,finbert_pca50 - structured,5,0.0012,,0.015,0.0162
Logistic,BlackConcentration,AUC,finbert_pca50 - structured,6,0.0143,,0.0072,0.0215
Logistic,BlackConcentration,AUC,finbert_pca50 - structured,7,-0.0018,,-0.0098,-0.0116
Logistic,BlackConcentration,AUC,finbert_pca50 - structured,8,0.0063,,0.0046,0.0109
Logistic,BlackConcentration,AUC,finbert_pca50 - structured,9,0.0003,,0.0004,0.0007
Logistic,BlackConcentration,AUC,finbert_pca50 - structured,10,0.0409,,-0.0022,0.0387
Logistic,BlackConcentration,AUC,finbert_pca50 - structured,11,-0.0123,,0.0033,-0.009
Logistic,BlackConcentration,AUC,finbert_pca50 - structured,12,-0.0083,,0.0003,-0.008
Logistic,BlackConcentration,AUC,finbert_pca50 - structured,13,0.0164,,-0.0013,0.0151
Logistic,BlackConcentration,AUC,finbert_pca50 - structured,14,0.0207,,0.0005,0.0212
Logistic,BlackConcentration,TPR,finbert_pca50 - tfidf_full,1,,0.0392,0.0753,0.1145
Logistic,BlackConcentration,TPR,finbert_pca50 - tfidf_full,2,,-0.1006,0.0,-0.1006
Logistic,BlackConcentration,TPR,finbert_pca50 - tfidf_full,3,,0.0559,-0.0417,0.0142
Logistic,BlackConcentration,TPR,finbert_pca50 - tfidf_full,4,,0.0361,-0.0355,0.0006
Logistic,BlackConcentration,TPR,finbert_pca50 - tfidf_full,5,,-0.0388,0.0401,0.0013
Logistic,BlackConcentration,TPR,finbert_pca50 - tfidf_full,6,,0.0042,0.0104,0.0146
Logistic,BlackConcentration,TPR,finbert_pca50 - tfidf_full,7,,-0.0487,-0.0367,-0.0854
Logistic,BlackConcentration,TPR,finbert_pca50 - tfidf_full,8,,0.0707,-0.0067,0.064
Logistic,BlackConcentration,TPR,finbert_pca50 - tfidf_full,9,,0.0089,0.0188,0.0277
Logistic,BlackConcentration,TPR,finbert_pca50 - tfidf_full,10,,0.1018,-0.0643,0.0375
Logistic,BlackConcentration,TPR,finbert_pca50 - tfidf_full,11,,0.0116,-0.0355,-0.0239
Logistic,BlackConcentration,TPR,finbert_pca50 - tfidf_full,12,,0.0388,-0.0098,0.029
Logistic,BlackConcentration,TPR,finbert_pca50 - tfidf_full,13,,0.0709,-0.0087,0.0622
Logistic,BlackConcentration,TPR,finbert_pca50 - tfidf_full,14,,0.0864,0.0104,0.0968
Logistic,BlackConcentration,FPR,finbert_pca50 - tfidf_full,1,,-0.0332,-0.0102,-0.0434
Logistic,BlackConcentration,FPR,finbert_pca50 - tfidf_full,2,,-0.0037,0.0082,0.0045
Logistic,BlackConcentration,FPR,finbert_pca50 - tfidf_full,3,,0.0409,-0.0315,0.0094
Logistic,BlackConcentration,FPR,finbert_pca50 - tfidf_full,4,,-0.0563,-0.0036,-0.0599
Logistic,BlackConcentration,FPR,finbert_pca50 - tfidf_full,5,,0.0154,-0.0109,0.0045
Logistic,BlackConcentration,FPR,finbert_pca50 - tfidf_full,6,,-0.0197,-0.0084,-0.0281
Logistic,BlackConcentration,FPR,finbert_pca50 - tfidf_full,7,,-0.0445,0.0192,-0.0253
Logistic,BlackConcentration,FPR,finbert_pca50 - tfidf_full,8,,0.0394,0.0132,0.0526
Logistic,BlackConcentration,FPR,finbert_pca50 - tfidf_full,9,,0.0077,-0.0025,0.0052
Logistic,BlackConcentration,FPR,finbert_pca50 - tfidf_full,10,,0.0126,0.0062,0.0188
Logistic,BlackConcentration,FPR,finbert_pca50 - tfidf_full,11,,0.0168,-0.007,0.0098
Logistic,BlackConcentration,FPR,finbert_pca50 - tfidf_full,12,,0.0367,-0.0009,0.0358
Logistic,BlackConcentration,FPR,finbert_pca50 - tfidf_full,13,,0.0516,-0.0086,0.043
Logistic,BlackConcentration,FPR,finbert_pca50 - tfidf_full,14,,0.042,-0.0027,0.0393
Logistic,BlackConcentration,PPR,finbert_pca50 - tfidf_full,1,,-0.0309,0.0046,-0.0263
Logistic,BlackConcentration,PPR,finbert_pca50 - tfidf_full,2,,-0.0192,0.0072,-0.012
Logistic,BlackConcentration,PPR,finbert_pca50 - tfidf_full,3,,0.0459,-0.0331,0.0128
Logistic,BlackConcentration,PPR,finbert_pca50 - tfidf_full,4,,-0.0436,-0.0088,-0.0524
Logistic,BlackConcentration,PPR,finbert_pca50 - tfidf_full,5,,0.0087,-0.0036,0.0051
Logistic,BlackConcentration,PPR,finbert_pca50 - tfidf_full,6,,-0.0094,-0.0048,-0.0142
Logistic,BlackConcentration,PPR,finbert_pca50 - tfidf_full,7,,-0.0451,0.0109,-0.0342
Logistic,BlackConcentration,PPR,finbert_pca50 - tfidf_full,8,,0.0466,0.0094,0.056
Logistic,BlackConcentration,PPR,finbert_pca50 - tfidf_full,9,,0.0116,0.0004,0.012
Logistic,BlackConcentration,PPR,finbert_pca50 - tfidf_full,10,,0.033,-0.0037,0.0293
Logistic,BlackConcentration,PPR,finbert_pca50 - tfidf_full,11,,0.0232,-0.0104,0.0128
Logistic,BlackConcentration,PPR,finbert_pca50 - tfidf_full,12,,0.0424,-0.0024,0.04
Logistic,BlackConcentration,PPR,finbert_pca50 - tfidf_full,13,,0.0612,-0.0083,0.0529
Logistic,BlackConcentration,PPR,finbert_pca50 - tfidf_full,14,,0.0521,-0.0007,0.0514
Logistic,BlackConcentration,AUC,finbert_pca50 - tfidf_full,1,,0.075,-0.0061,0.0689
Logistic,BlackConcentration,AUC,finbert_pca50 - tfidf_full,2,,-0.0451,-0.0138,-0.0589
Logistic,BlackConcentration,AUC,finbert_pca50 - tfidf_full,3,,-0.0104,0.0221,0.0117
Logistic,BlackConcentration,AUC,finbert_pca50 - tfidf_full,4,,0.0837,0.0087,0.0924
Logistic,BlackConcentration,AUC,finbert_pca50 - tfidf_full,5,,0.0005,0.0157,0.0162
Logistic,BlackConcentration,AUC,finbert_pca50 - tfidf_full,6,,0.0076,0.0139,0.0215
Logistic,BlackConcentration,AUC,finbert_pca50 - tfidf_full,7,,0.0043,-0.0159,-0.0116
Logistic,BlackConcentration,AUC,finbert_pca50 - tfidf_full,8,,-0.0011,0.012,0.0109
Logistic,BlackConcentration,AUC,finbert_pca50 - tfidf_full,9,,-0.0098,0.0105,0.0007
Logistic,BlackConcentration,AUC,finbert_pca50 - tfidf_full,10,,0.0424,-0.0037,0.0387
Logistic,BlackConcentration,AUC,finbert_pca50 - tfidf_full,11,,-0.0063,-0.0027,-0.009
Logistic,BlackConcentration,AUC,finbert_pca50 - tfidf_full,12,,-0.0032,-0.0048,-0.008
Logistic,BlackConcentration,AUC,finbert_pca50 - tfidf_full,13,,0.0158,-0.0007,0.0151
Logistic,BlackConcentration,AUC,finbert_pca50 - tfidf_full,14,,0.0178,0.0034,0.0212
Logistic,SES_group,TPR,tfidf_full - structured,1,0.0695,0.041,-0.0285,
Logistic,SES_group,TPR,tfidf_full - structured,2,0.0328,-0.0159,-0.0487,
Logistic,SES_group,TPR,tfidf_full - structured,3,0.0038,-0.0776,-0.0814,
Logistic,SES_group,TPR,tfidf_full - structured,4,0.2305,0.2214,-0.0091,
Logistic,SES_group,TPR,tfidf_full - structured,5,0.0323,0.0184,-0.0139,
Logistic,SES_group,TPR,tfidf_full - structured,6,0.0066,-0.0202,-0.0268,
Logistic,SES_group,TPR,tfidf_full - structured,7,0.1178,0.1711,0.0533,
Logistic,SES_group,TPR,tfidf_full - structured,8,0.0647,0.0457,-0.019,
Logistic,SES_group,TPR,tfidf_full - structured,9,0.0191,0.0574,0.0383,
Logistic,SES_group,TPR,tfidf_full - structured,10,0.0495,0.0671,0.0176,
Logistic,SES_group,TPR,tfidf_full - structured,11,0.0666,0.1055,0.0389,
Logistic,SES_group,TPR,tfidf_full - structured,12,0.0516,0.0598,0.0082,
Logistic,SES_group,TPR,tfidf_full - structured,13,0.0786,0.0952,0.0166,
Logistic,SES_group,TPR,tfidf_full - structured,14,0.0471,0.0421,-0.005,
Logistic,SES_group,FPR,tfidf_full - structured,1,0.0363,0.0287,-0.0076,
Logistic,SES_group,FPR,tfidf_full - structured,2,0.0862,0.0698,-0.0164,
Logistic,SES_group,FPR,tfidf_full - structured,3,0.1269,0.1302,0.0033,
Logistic,SES_group,FPR,tfidf_full - structured,4,-0.006,-0.0045,0.0015,
Logistic,SES_group,FPR,tfidf_full - structured,5,0.081,0.0709,-0.0101,
Logistic,SES_group,FPR,tfidf_full - structured,6,0.0855,0.0692,-0.0163,
Logistic,SES_group,FPR,tfidf_full - structured,7,0.0342,0.0447,0.0105,
Logistic,SES_group,FPR,tfidf_full - structured,8,0.0373,0.023,-0.0143,
Logistic,SES_group,FPR,tfidf_full - structured,9,0.0789,0.0918,0.0129,
Logistic,SES_group,FPR,tfidf_full - structured,10,0.0714,0.0722,0.0008,
Logistic,SES_group,FPR,tfidf_full - structured,11,0.0577,0.061,0.0033,
Logistic,SES_group,FPR,tfidf_full - structured,12,0.0435,0.0505,0.007,
Logistic,SES_group,FPR,tfidf_full - structured,13,0.0602,0.0593,-0.0009,
Logistic,SES_group,FPR,tfidf_full - structured,14,0.0453,0.0509,0.0056,
Logistic,SES_group,PPR,tfidf_full - structured,1,0.0459,0.035,-0.0109,
Logistic,SES_group,PPR,tfidf_full - structured,2,0.0956,0.0754,-0.0202,
Logistic,SES_group,PPR,tfidf_full - structured,3,0.1359,0.1299,-0.006,
Logistic,SES_group,PPR,tfidf_full - structured,4,0.0288,0.0288,0.0,
Logistic,SES_group,PPR,tfidf_full - structured,5,0.0736,0.0629,-0.0107,
Logistic,SES_group,PPR,tfidf_full - structured,6,0.0762,0.058,-0.0182,
Logistic,SES_group,PPR,tfidf_full - structured,7,0.055,0.0721,0.0171,
Logistic,SES_group,PPR,tfidf_full - structured,8,0.0457,0.0307,-0.015,
Logistic,SES_group,PPR,tfidf_full - structured,9,0.0741,0.0909,0.0168,
Logistic,SES_group,PPR,tfidf_full - structured,10,0.0729,0.0762,0.0033,
Logistic,SES_group,PPR,tfidf_full - structured,11,0.0633,0.0721,0.0088,
Logistic,SES_group,PPR,tfidf_full - structured,12,0.0522,0.0593,0.0071,
Logistic,SES_group,PPR,tfidf_full - structured,13,0.0691,0.071,0.0019,
Logistic,SES_group,PPR,tfidf_full - structured,14,0.0492,0.0533,0.0041,
Logistic,SES_group,AUC,tfidf_full - structured,1,-0.0121,-0.0155,-0.0034,
Logistic,SES_group,AUC,tfidf_full - structured,2,-0.0786,-0.065,0.0136,
Logistic,SES_group,AUC,tfidf_full - structured,3,-0.0934,-0.1046,-0.0112,
Logistic,SES_group,AUC,tfidf_full - structured,4,0.1199,0.1208,0.0009,
Logistic,SES_group,AUC,tfidf_full - structured,5,-0.0175,-0.0213,-0.0038,
Logistic,SES_group,AUC,tfidf_full - structured,6,-0.089,-0.0929,-0.0039,
Logistic,SES_group,AUC,tfidf_full - structured,7,0.0344,0.045,0.0106,
Logistic,SES_group,AUC,tfidf_full - structured,8,0.0321,0.0391,0.007,
Logistic,SES_group,AUC,tfidf_full - structured,9,-0.024,-0.0234,0.0006,
Logistic,SES_group,AUC,tfidf_full - structured,10,-0.0046,0.0004,0.005,
Logistic,SES_group,AUC,tfidf_full - structured,11,0.0199,0.0234,0.0035,
Logistic,SES_group,AUC,tfidf_full - structured,12,0.0042,0.0052,0.001,
Logistic,SES_group,AUC,tfidf_full - structured,13,0.0239,0.023,-0.0009,
Logistic,SES_group,AUC,tfidf_full - structured,14,0.0004,-0.0006,-0.001,
Logistic,SES_group,TPR,finbert_pca50 - structured,1,0.0695,,-0.0548,0.0147
Logistic,SES_group,TPR,finbert_pca50 - structured,2,0.0328,,-0.0731,-0.0403
Logistic,SES_group,TPR,finbert_pca50 - structured,3,0.0038,,0.0156,0.0194
Logistic,SES_group,TPR,finbert_pca50 - structured,4,0.2305,,-0.0633,0.1672
Logistic,SES_group,TPR,finbert_pca50 - structured,5,0.0323,,-0.0233,0.009
Logistic,SES_group,TPR,finbert_pca50 - structured,6,0.0066,,-0.0441,-0.0375
Logistic,SES_group,TPR,finbert_pca50 - structured,7,0.1178,,0.0588,0.1766
Logistic,SES_group,TPR,finbert_pca50 - structured,8,0.0647,,-0.003,0.0617
Logistic,SES_group,TPR,finbert_pca50 - structured,9,0.0191,,0.0346,0.0537
Logistic,SES_group,TPR,finbert_pca50 - structured,10,0.0495,,0.0251,0.0746
Logistic,SES_group,TPR,finbert_pca50 - structured,11,0.0666,,0.0296,0.0962
Logistic,SES_group,TPR,finbert_pca50 - structured,12,0.0516,,0.0009,0.0525
Logistic,SES_group,TPR,finbert_pca50 - structured,13,0.0786,,0.0031,0.0817
Logistic,SES_group,TPR,finbert_pca50 - structured,14,0.0471,,-0.0109,0.0362
Logistic,SES_group,FPR,finbert_pca50 - structured,1,0.0363,,-0.0066,0.0297
Logistic,SES_group,FPR,finbert_pca50 - structured,2,0.0862,,-0.0144,0.0718
Logistic,SES_group,FPR,finbert_pca50 - structured,3,0.1269,,-0.0391,0.0878
Logistic,SES_group,FPR,finbert_pca50 - structured,4,-0.006,,-0.0059,-0.0119
Logistic,SES_group,FPR,finbert_pca50 - structured,5,0.081,,-0.0066,0.0744
Logistic,SES_group,FPR,finbert_pca50 - structured,6,0.0855,,-0.0187,0.0668
Logistic,SES_group,FPR,finbert_pca50 - structured,7,0.0342,,0.0137,0.0479
Logistic,SES_group,FPR,finbert_pca50 - structured,8,0.0373,,-0.012,0.0253
Logistic,SES_group,FPR,finbert_pca50 - structured,9,0.0789,,0.0184,0.0973
Logistic,SES_group,FPR,finbert_pca50 - structured,10,0.0714,,-0.0121,0.0593
Logistic,SES_group,FPR,finbert_pca50 - structured,11,0.0577,,0.0057,0.0634
Logistic,SES_group,FPR,finbert_pca50 - structured,12,0.0435,,0.006,0.0495
Logistic,SES_group,FPR,finbert_pca50 - structured,13,0.0602,,-0.0088,0.0514
Logistic,SES_group,FPR,finbert_pca50 - structured,14,0.0453,,0.0035,0.0488
Logistic,SES_group,PPR,finbert_pca50 - structured,1,0.0459,,-0.014,0.0319
Logistic,SES_group,PPR,finbert_pca50 - structured,2,0.0956,,-0.0222,0.0734
Logistic,SES_group,PPR,finbert_pca50 - structured,3,0.1359,,-0.0305,0.1054
Logistic,SES_group,PPR,finbert_pca50 - structured,4,0.0288,,-0.0138,0.015
Logistic,SES_group,PPR,finbert_pca50 - structured,5,0.0736,,-0.009,0.0646
Logistic,SES_group,PPR,finbert_pca50 - structured,6,0.0762,,-0.0232,0.053
Logistic,SES_group,PPR,finbert_pca50 - structured,7,0.055,,0.0203,0.0753
Logistic,SES_group,PPR,finbert_pca50 - structured,8,0.0457,,-0.0103,0.0354
Logistic,SES_group,PPR,finbert_pca50 - structured,9,0.0741,,0.021,0.0951
Logistic,SES_group,PPR,finbert_pca50 - structured,10,0.0729,,-0.0067,0.0662
Logistic,SES_group,PPR,finbert_pca50 - structured,11,0.0633,,0.0095,0.0728
Logistic,SES_group,PPR,finbert_pca50 - structured,12,0.0522,,0.0054,0.0576
Logistic,SES_group,PPR,finbert_pca50 - structured,13,0.0691,,-0.0069,0.0622
Logistic,SES_group,PPR,finbert_pca50 - structured,14,0.0492,,0.0013,0.0505
Logistic,SES_group,AUC,finbert_pca50 - structured,1,-0.0121,,-0.0156,-0.0277
Logistic,SES_group,AUC,finbert_pca50 - structured,2,-0.0786,,-0.0094,-0.088
Logistic,SES_group,AUC,finbert_pca50 - structured,3,-0.0934,,0.0049,-0.0885
Logistic,SES_group,AUC,finbert_pca50 - structured,4,0.1199,,-0.0068,0.1131
Logistic,SES_group,AUC,finbert_pca50 - structured,5,-0.0175,,-0.0056,-0.0231
Logistic,SES_group,AUC,finbert_pca50 - structured,6,-0.089,,0.0033,-0.0857
Logistic,SES_group,AUC,finbert_pca50 - structured,7,0.0344,,0.0096,0.044
Logistic,SES_group,AUC,finbert_pca50 - structured,8,0.0321,,0.012,0.0441
Logistic,SES_group,AUC,finbert_pca50 - structured,9,-0.024,,-0.0069,-0.0309
Logistic,SES_group,AUC,finbert_pca50 - structured,10,-0.0046,,0.0028,-0.0018
Logistic,SES_group,AUC,finbert_pca50 - structured,11,0.0199,,0.0005,0.0204
Logistic,SES_group,AUC,finbert_pca50 - structured,12,0.0042,,-0.0045,-0.0003
Logistic,SES_group,AUC,finbert_pca50 - structured,13,0.0239,,-0.0023,0.0216
Logistic,SES_group,AUC,finbert_pca50 - structured,14,0.0004,,-0.0045,-0.0041
Logistic,SES_group,TPR,finbert_pca50 - tfidf_full,1,,0.041,-0.0263,0.0147
Logistic,SES_group,TPR,finbert_pca50 - tfidf_full,2,,-0.0159,-0.0244,-0.0403
Logistic,SES_group,TPR,finbert_pca50 - tfidf_full,3,,-0.0776,0.097,0.0194
Logistic,SES_group,TPR,finbert_pca50 - tfidf_full,4,,0.2214,-0.0542,0.1672
Logistic,SES_group,TPR,finbert_pca50 - tfidf_full,5,,0.0184,-0.0094,0.009
Logistic,SES_group,TPR,finbert_pca50 - tfidf_full,6,,-0.0202,-0.0173,-0.0375
Logistic,SES_group,TPR,finbert_pca50 - tfidf_full,7,,0.1711,0.0055,0.1766
Logistic,SES_group,TPR,finbert_pca50 - tfidf_full,8,,0.0457,0.016,0.0617
Logistic,SES_group,TPR,finbert_pca50 - tfidf_full,9,,0.0574,-0.0037,0.0537
Logistic,SES_group,TPR,finbert_pca50 - tfidf_full,10,,0.0671,0.0075,0.0746
Logistic,SES_group,TPR,finbert_pca50 - tfidf_full,11,,0.1055,-0.0093,0.0962
Logistic,SES_group,TPR,finbert_pca50 - tfidf_full,12,,0.0598,-0.0073,0.0525
Logistic,SES_group,TPR,finbert_pca50 - tfidf_full,13,,0.0952,-0.0135,0.0817
Logistic,SES_group,TPR,finbert_pca50 - tfidf_full,14,,0.0421,-0.0059,0.0362
Logistic,SES_group,FPR,finbert_pca50 - tfidf_full,1,,0.0287,0.001,0.0297
Logistic,SES_group,FPR,finbert_pca50 - tfidf_full,2,,0.0698,0.002,0.0718
Logistic,SES_group,FPR,finbert_pca50 - tfidf_full,3,,0.1302,-0.0424,0.0878
Logistic,SES_group,FPR,finbert_pca50 - tfidf_full,4,,-0.0045,-0.0074,-0.0119
Logistic,SES_group,FPR,finbert_pca50 - tfidf_full,5,,0.0709,0.0035,0.0744
Logistic,SES_group,FPR,finbert_pca50 - tfidf_full,6,,0.0692,-0.0024,0.0668
Logistic,SES_group,FPR,finbert_pca50 - tfidf_full,7,,0.0447,0.0032,0.0479
Logistic,SES_group,FPR,finbert_pca50 - tfidf_full,8,,0.023,0.0023,0.0253
Logistic,SES_group,FPR,finbert_pca50 - tfidf_full,9,,0.0918,0.0055,0.0973
Logistic,SES_group,FPR,finbert_pca50 - tfidf_full,10,,0.0722,-0.0129,0.0593
Logistic,SES_group,FPR,finbert_pca50 - tfidf_full,11,,0.061,0.0024,0.0634
Logistic,SES_group,FPR,finbert_pca50 - tfidf_full,12,,0.0505,-0.001,0.0495
Logistic,SES_group,FPR,finbert_pca50 - tfidf_full,13,,0.0593,-0.0079,0.0514
Logistic,SES_group,FPR,finbert_pca50 - tfidf_full,14,,0.0509,-0.0021,0.0488
Logistic,SES_group,PPR,finbert_pca50 - tfidf_full,1,,0.035,-0.0031,0.0319
Logistic,SES_group,PPR,finbert_pca50 - tfidf_full,2,,0.0754,-0.002,0.0734
Logistic,SES_group,PPR,finbert_pca50 - tfidf_full,3,,0.1299,-0.0245,0.1054
Logistic,SES_group,PPR,finbert_pca50 - tfidf_full,4,,0.0288,-0.0138,0.015
Logistic,SES_group,PPR,finbert_pca50 - tfidf_full,5,,0.0629,0.0017,0.0646
Logistic,SES_group,PPR,finbert_pca50 - tfidf_full,6,,0.058,-0.005,0.053
Logistic,SES_group,PPR,finbert_pca50 - tfidf_full,7,,0.0721,0.0032,0.0753
Logistic,SES_group,PPR,finbert_pca50 - tfidf_full,8,,0.0307,0.0047,0.0354
Logistic,SES_group,PPR,finbert_pca50 - tfidf_full,9,,0.0909,0.0042,0.0951
Logistic,SES_group,PPR,finbert_pca50 - tfidf_full,10,,0.0762,-0.01,0.0662
Logistic,SES_group,PPR,finbert_pca50 - tfidf_full,11,,0.0721,0.0007,0.0728
Logistic,SES_group,PPR,finbert_pca50 - tfidf_full,12,,0.0593,-0.0017,0.0576
Logistic,SES_group,PPR,finbert_pca50 - tfidf_full,13,,0.071,-0.0088,0.0622
Logistic,SES_group,PPR,finbert_pca50 - tfidf_full,14,,0.0533,-0.0028,0.0505
Logistic,SES_group,AUC,finbert_pca50 - tfidf_full,1,,-0.0155,-0.0122,-0.0277
Logistic,SES_group,AUC,finbert_pca50 - tfidf_full,2,,-0.065,-0.023,-0.088
Logistic,SES_group,AUC,finbert_pca50 - tfidf_full,3,,-0.1046,0.0161,-0.0885
Logistic,SES_group,AUC,finbert_pca50 - tfidf_full,4,,0.1208,-0.0077,0.1131
Logistic,SES_group,AUC,finbert_pca50 - tfidf_full,5,,-0.0213,-0.0018,-0.0231
Logistic,SES_group,AUC,finbert_pca50 - tfidf_full,6,,-0.0929,0.0072,-0.0857
Logistic,SES_group,AUC,finbert_pca50 - tfidf_full,7,,0.045,-0.001,0.044
Logistic,SES_group,AUC,finbert_pca50 - tfidf_full,8,,0.0391,0.005,0.0441
Logistic,SES_group,AUC,finbert_pca50 - tfidf_full,9,,-0.0234,-0.0075,-0.0309
Logistic,SES_group,AUC,finbert_pca50 - tfidf_full,10,,0.0004,-0.0022,-0.0018
Logistic,SES_group,AUC,finbert_pca50 - tfidf_full,11,,0.0234,-0.003,0.0204
Logistic,SES_group,AUC,finbert_pca50 - tfidf_full,12,,0.0052,-0.0055,-0.0003
Logistic,SES_group,AUC,finbert_pca50 - tfidf_full,13,,0.023,-0.0014,0.0216
Logistic,SES_group,AUC,finbert_pca50 - tfidf_full,14,,-0.0006,-0.0035,-0.0041
RandomForest,BlackConcentration,TPR,tfidf_full - structured,1,0.0169,0.1925,0.1756,
RandomForest,BlackConcentration,TPR,tfidf_full - structured,2,-0.1705,-0.0828,0.0877,
RandomForest,BlackConcentration,TPR,tfidf_full - structured,3,-0.0541,0.0434,0.0975,
RandomForest,BlackConcentration,TPR,tfidf_full - structured,4,0.046,-0.023,-0.069,
RandomForest,BlackConcentration,TPR,tfidf_full - structured,5,-0.0038,0.104,0.1078,
RandomForest,BlackConcentration,TPR,tfidf_full - structured,6,-0.0094,-0.0156,-0.0062,
RandomForest,BlackConcentration,TPR,tfidf_full - structured,7,-0.0817,-0.0702,0.0115,
RandomForest,BlackConcentration,TPR,tfidf_full - structured,8,-0.0,0.036,0.036,
RandomForest,BlackConcentration,TPR,tfidf_full - structured,9,0.0622,0.0252,-0.037,
RandomForest,BlackConcentration,TPR,tfidf_full - structured,10,0.0281,0.0923,0.0642,
RandomForest,BlackConcentration,TPR,tfidf_full - structured,11,-0.0367,-0.0227,0.014,
RandomForest,BlackConcentration,TPR,tfidf_full - structured,12,0.0292,-0.0113,-0.0405,
RandomForest,BlackConcentration,TPR,tfidf_full - structured,13,0.0349,0.0429,0.008,
RandomForest,BlackConcentration,TPR,tfidf_full - structured,14,0.0658,0.0712,0.0054,
RandomForest,BlackConcentration,FPR,tfidf_full - structured,1,-0.0128,0.0145,0.0273,
RandomForest,BlackConcentration,FPR,tfidf_full - structured,2,-0.0024,0.0569,0.0593,
RandomForest,BlackConcentration,FPR,tfidf_full - structured,3,0.0136,-0.0032,-0.0168,
RandomForest,BlackConcentration,FPR,tfidf_full - structured,4,-0.0258,-0.0277,-0.0019,
RandomForest,BlackConcentration,FPR,tfidf_full - structured,5,-0.0241,-0.0071,0.017,
RandomForest,BlackConcentration,FPR,tfidf_full - structured,6,0.0373,0.03,-0.0073,
RandomForest,BlackConcentration,FPR,tfidf_full - structured,7,-0.0065,-0.0221,-0.0156,
RandomForest,BlackConcentration,FPR,tfidf_full - structured,8,-0.0072,0.0366,0.0438,
RandomForest,BlackConcentration,FPR,tfidf_full - structured,9,0.0001,-0.0014,-0.0015,
RandomForest,BlackConcentration,FPR,tfidf_full - structured,10,-0.0181,0.0067,0.0248,
RandomForest,BlackConcentration,FPR,tfidf_full - structured,11,-0.0124,0.001,0.0134,
RandomForest,BlackConcentration,FPR,tfidf_full - structured,12,0.011,0.0299,0.0189,
RandomForest,BlackConcentration,FPR,tfidf_full - structured,13,-0.0013,0.018,0.0193,
RandomForest,BlackConcentration,FPR,tfidf_full - structured,14,0.0092,0.0075,-0.0017,
RandomForest,BlackConcentration,PPR,tfidf_full - structured,1,-0.0133,0.0389,0.0522,
RandomForest,BlackConcentration,PPR,tfidf_full - structured,2,-0.0254,0.0366,0.062,
RandomForest,BlackConcentration,PPR,tfidf_full - structured,3,0.0069,0.0055,-0.0014,
RandomForest,BlackConcentration,PPR,tfidf_full - structured,4,-0.0162,-0.0288,-0.0126,
RandomForest,BlackConcentration,PPR,tfidf_full - structured,5,-0.0201,0.0098,0.0299,
RandomForest,BlackConcentration,PPR,tfidf_full - structured,6,0.034,0.0277,-0.0063,
RandomForest,BlackConcentration,PPR,tfidf_full - structured,7,-0.0177,-0.0293,-0.0116,
RandomForest,BlackConcentration,PPR,tfidf_full - structured,8,-0.0046,0.0376,0.0422,
RandomForest,BlackConcentration,PPR,tfidf_full - structured,9,0.0113,0.0057,-0.0056,
RandomForest,BlackConcentration,PPR,tfidf_full - structured,10,-0.0047,0.0267,0.0314,
RandomForest,BlackConcentration,PPR,tfidf_full - structured,11,-0.0095,0.0041,0.0136,
RandomForest,BlackConcentration,PPR,tfidf_full - structured,12,0.0181,0.0285,0.0104,
RandomForest,BlackConcentration,PPR,tfidf_full - structured,13,0.0101,0.0278,0.0177,
RandomForest,BlackConcentration,PPR,tfidf_full - structured,14,0.0205,0.0205,0.0,
RandomForest,BlackConcentration,AUC,tfidf_full - structured,1,0.0136,0.0637,0.0501,
RandomForest,BlackConcentration,AUC,tfidf_full - structured,2,-0.061,-0.0619,-0.0009,
RandomForest,BlackConcentration,AUC,tfidf_full - structured,3,-0.0236,0.0043,0.0279,
RandomForest,BlackConcentration,AUC,tfidf_full - structured,4,0.0592,0.0611,0.0019,
RandomForest,BlackConcentration,AUC,tfidf_full - structured,5,-0.0106,0.022,0.0326,
RandomForest,BlackConcentration,AUC,tfidf_full - structured,6,-0.0202,-0.0161,0.0041,
RandomForest,BlackConcentration,AUC,tfidf_full - structured,7,-0.0268,-0.0365,-0.0097,
RandomForest,BlackConcentration,AUC,tfidf_full - structured,8,-0.0187,-0.0156,0.0031,
RandomForest,BlackConcentration,AUC,tfidf_full - structured,9,0.014,-0.0074,-0.0214,
RandomForest,BlackConcentration,AUC,tfidf_full - structured,10,0.0305,0.035,0.0045,
RandomForest,BlackConcentration,AUC,tfidf_full - structured,11,-0.0039,0.0023,0.0062,
RandomForest,BlackConcentration,AUC,tfidf_full - structured,12,-0.005,-0.0111,-0.0061,
RandomForest,BlackConcentration,AUC,tfidf_full - structured,13,0.0188,0.0166,-0.0022,
RandomForest,BlackConcentration,AUC,tfidf_full - structured,14,0.0212,0.0293,0.0081,
RandomForest,BlackConcentration,TPR,finbert_pca50 - structured,1,0.0169,,0.0589,0.0758
RandomForest,BlackConcentration,TPR,finbert_pca50 - structured,2,-0.1705,,0.0536,-0.1169
RandomForest,BlackConcentration,TPR,finbert_pca50 - structured,3,-0.0541,,0.0683,0.0142
RandomForest,BlackConcentration,TPR,finbert_pca50 - structured,4,0.046,,-0.0333,0.0127
RandomForest,BlackConcentration,TPR,finbert_pca50 - structured,5,-0.0038,,0.0276,0.0238
RandomForest,BlackConcentration,TPR,finbert_pca50 - structured,6,-0.0094,,0.0427,0.0333
RandomForest,BlackConcentration,TPR,finbert_pca50 - structured,7,-0.0817,,-0.041,-0.1227
RandomForest,BlackConcentration,TPR,finbert_pca50 - structured,8,-0.0,,0.0078,0.0078
RandomForest,BlackConcentration,TPR,finbert_pca50 - structured,9,0.0622,,-0.0323,0.0299
RandomForest,BlackConcentration,TPR,finbert_pca50 - structured,10,0.0281,,0.0343,0.0624
RandomForest,BlackConcentration,TPR,finbert_pca50 - structured,11,-0.0367,,-0.0131,-0.0498
RandomForest,BlackConcentration,TPR,finbert_pca50 - structured,12,0.0292,,-0.0279,0.0013
RandomForest,BlackConcentration,TPR,finbert_pca50 - structured,13,0.0349,,0.0177,0.0526
RandomForest,BlackConcentration,TPR,finbert_pca50 - structured,14,0.0658,,-0.0019,0.0639
RandomForest,BlackConcentration,FPR,finbert_pca50 - structured,1,-0.0128,,0.0706,0.0578
RandomForest,BlackConcentration,FPR,finbert_pca50 - structured,2,-0.0024,,0.0279,0.0255
RandomForest,BlackConcentration,FPR,finbert_pca50 - structured,3,0.0136,,-0.0351,-0.0215
RandomForest,BlackConcentration,FPR,finbert_pca50 - structured,4,-0.0258,,0.0177,-0.0081
RandomForest,BlackConcentration,FPR,finbert_pca50 - structured,5,-0.0241,,0.0299,0.0058
RandomForest,BlackConcentration,FPR,finbert_pca50 - structured,6,0.0373,,-0.0055,0.0318
RandomForest,BlackConcentration,FPR,finbert_pca50 - structured,7,-0.0065,,0.0179,0.0114
RandomForest,BlackConcentration,FPR,finbert_pca50 - structured,8,-0.0072,,-0.0052,-0.0124
RandomForest,BlackConcentration,FPR,finbert_pca50 - structured,9,0.0001,,-0.0031,-0.003
RandomForest,BlackConcentration,FPR,finbert_pca50 - structured,10,-0.0181,,0.0143,-0.0038
RandomForest,BlackConcentration,FPR,finbert_pca50 - structured,11,-0.0124,,0.0136,0.0012
RandomForest,BlackConcentration,FPR,finbert_pca50 - structured,12,0.011,,-0.0048,0.0062
RandomForest,BlackConcentration,FPR,finbert_pca50 - structured,13,-0.0013,,0.0071,0.0058
RandomForest,BlackConcentration,FPR,finbert_pca50 - structured,14,0.0092,,0.0066,0.0158
RandomForest,BlackConcentration,PPR,finbert_pca50 - structured,1,-0.0133,,0.0679,0.0546
RandomForest,BlackConcentration,PPR,finbert_pca50 - structured,2,-0.0254,,0.0308,0.0054
RandomForest,BlackConcentration,PPR,finbert_pca50 - structured,3,0.0069,,-0.0226,-0.0157
RandomForest,BlackConcentration,PPR,finbert_pca50 - structured,4,-0.0162,,0.01,-0.0062
RandomForest,BlackConcentration,PPR,finbert_pca50 - structured,5,-0.0201,,0.0295,0.0094
RandomForest,BlackConcentration,PPR,finbert_pca50 - structured,6,0.034,,0.0041,0.0381
RandomForest,BlackConcentration,PPR,finbert_pca50 - structured,7,-0.0177,,0.0091,-0.0086
RandomForest,BlackConcentration,PPR,finbert_pca50 - structured,8,-0.0046,,-0.003,-0.0076
RandomForest,BlackConcentration,PPR,finbert_pca50 - structured,9,0.0113,,-0.008,0.0033
RandomForest,BlackConcentration,PPR,finbert_pca50 - structured,10,-0.0047,,0.0135,0.0088
RandomForest,BlackConcentration,PPR,finbert_pca50 - structured,11,-0.0095,,0.0102,0.0007
RandomForest,BlackConcentration,PPR,finbert_pca50 - structured,12,0.0181,,-0.0087,0.0094
RandomForest,BlackConcentration,PPR,finbert_pca50 - structured,13,0.0101,,0.0082,0.0183
RandomForest,BlackConcentration,PPR,finbert_pca50 - structured,14,0.0205,,0.0058,0.0263
RandomForest,BlackConcentration,AUC,finbert_pca50 - structured,1,0.0136,,0.018,0.0316
RandomForest,BlackConcentration,AUC,finbert_pca50 - structured,2,-0.061,,0.0017,-0.0593
RandomForest,BlackConcentration,AUC,finbert_pca50 - structured,3,-0.0236,,0.0394,0.0158
RandomForest,BlackConcentration,AUC,finbert_pca50 - structured,4,0.0592,,-0.0019,0.0573
RandomForest,BlackConcentration,AUC,finbert_pca50 - structured,5,-0.0106,,0.0196,0.009
RandomForest,BlackConcentration,AUC,finbert_pca50 - structured,6,-0.0202,,0.0323,0.0121
RandomForest,BlackConcentration,AUC,finbert_pca50 - structured,7,-0.0268,,-0.002,-0.0288
RandomForest,BlackConcentration,AUC,finbert_pca50 - structured,8,-0.0187,,0.0171,-0.0016
RandomForest,BlackConcentration,AUC,finbert_pca50 - structured,9,0.014,,-0.0032,0.0108
RandomForest,BlackConcentration,AUC,finbert_pca50 - structured,10,0.0305,,-0.0026,0.0279
RandomForest,BlackConcentration,AUC,finbert_pca50 - structured,11,-0.0039,,0.0007,-0.0032
RandomForest,BlackConcentration,AUC,finbert_pca50 - structured,12,-0.005,,0.0007,-0.0043
RandomForest,BlackConcentration,AUC,finbert_pca50 - structured,13,0.0188,,-0.0001,0.0187
RandomForest,BlackConcentration,AUC,finbert_pca50 - structured,14,0.0212,,0.0013,0.0225
RandomForest,BlackConcentration,TPR,finbert_pca50 - tfidf_full,1,,0.1925,-0.1167,0.0758
RandomForest,BlackConcentration,TPR,finbert_pca50 - tfidf_full,2,,-0.0828,-0.0341,-0.1169
RandomForest,BlackConcentration,TPR,finbert_pca50 - tfidf_full,3,,0.0434,-0.0292,0.0142
RandomForest,BlackConcentration,TPR,finbert_pca50 - tfidf_full,4,,-0.023,0.0357,0.0127
RandomForest,BlackConcentration,TPR,finbert_pca50 - tfidf_full,5,,0.104,-0.0802,0.0238
RandomForest,BlackConcentration,TPR,finbert_pca50 - tfidf_full,6,,-0.0156,0.0489,0.0333
RandomForest,BlackConcentration,TPR,finbert_pca50 - tfidf_full,7,,-0.0702,-0.0525,-0.1227
RandomForest,BlackConcentration,TPR,finbert_pca50 - tfidf_full,8,,0.036,-0.0282,0.0078
RandomForest,BlackConcentration,TPR,finbert_pca50 - tfidf_full,9,,0.0252,0.0047,0.0299
RandomForest,BlackConcentration,TPR,finbert_pca50 - tfidf_full,10,,0.0923,-0.0299,0.0624
RandomForest,BlackConcentration,TPR,finbert_pca50 - tfidf_full,11,,-0.0227,-0.0271,-0.0498
RandomForest,BlackConcentration,TPR,finbert_pca50 - tfidf_full,12,,-0.0113,0.0126,0.0013
RandomForest,BlackConcentration,TPR,finbert_pca50 - tfidf_full,13,,0.0429,0.0097,0.0526
RandomForest,BlackConcentration,TPR,finbert_pca50 - tfidf_full,14,,0.0712,-0.0073,0.0639
RandomForest,BlackConcentration,FPR,finbert_pca50 - tfidf_full,1,,0.0145,0.0433,0.0578
RandomForest,BlackConcentration,FPR,finbert_pca50 - tfidf_full,2,,0.0569,-0.0314,0.0255
RandomForest,BlackConcentration,FPR,finbert_pca50 - tfidf_full,3,,-0.0032,-0.0183,-0.0215
RandomForest,BlackConcentration,FPR,finbert_pca50 - tfidf_full,4,,-0.0277,0.0196,-0.0081
RandomForest,BlackConcentration,FPR,finbert_pca50 - tfidf_full,5,,-0.0071,0.0129,0.0058
RandomForest,BlackConcentration,FPR,finbert_pca50 - tfidf_full,6,,0.03,0.0018,0.0318
RandomForest,BlackConcentration,FPR,finbert_pca50 - tfidf_full,7,,-0.0221,0.0335,0.0114
RandomForest,BlackConcentration,FPR,finbert_pca50 - tfidf_full,8,,0.0366,-0.049,-0.0124
RandomForest,BlackConcentration,FPR,finbert_pca50 - tfidf_full,9,,-0.0014,-0.0016,-0.003
RandomForest,BlackConcentration,FPR,finbert_pca50 - tfidf_full,10,,0.0067,-0.0105,-0.0038
RandomForest,BlackConcentration,FPR,finbert_pca50 - tfidf_full,11,,0.001,0.0002,0.0012
RandomForest,BlackConcentration,FPR,finbert_pca50 - tfidf_full,12,,0.0299,-0.0237,0.0062
RandomForest,BlackConcentration,FPR,finbert_pca50 - tfidf_full,13,,0.018,-0.0122,0.0058
RandomForest,BlackConcentration,FPR,finbert_pca50 - tfidf_full,14,,0.0075,0.0083,0.0158
RandomForest,BlackConcentration,PPR,finbert_pca50 - tfidf_full,1,,0.0389,0.0157,0.0546
RandomForest,BlackConcentration,PPR,finbert_pca50 - tfidf_full,2,,0.0366,-0.0312,0.0054
RandomForest,BlackConcentration,PPR,finbert_pca50 - tfidf_full,3,,0.0055,-0.0212,-0.0157
RandomForest,BlackConcentration,PPR,finbert_pca50 - tfidf_full,4,,-0.0288,0.0226,-0.0062
RandomForest,BlackConcentration,PPR,finbert_pca50 - tfidf_full,5,,0.0098,-0.0004,0.0094
RandomForest,BlackConcentration,PPR,finbert_pca50 - tfidf_full,6,,0.0277,0.0104,0.0381
RandomForest,BlackConcentration,PPR,finbert_pca50 - tfidf_full,7,,-0.0293,0.0207,-0.0086
RandomForest,BlackConcentration,PPR,finbert_pca50 - tfidf_full,8,,0.0376,-0.0452,-0.0076
RandomForest,BlackConcentration,PPR,finbert_pca50 - tfidf_full,9,,0.0057,-0.0024,0.0033
RandomForest,BlackConcentration,PPR,finbert_pca50 - tfidf_full,10,,0.0267,-0.0179,0.0088
RandomForest,BlackConcentration,PPR,finbert_pca50 - tfidf_full,11,,0.0041,-0.0034,0.0007
RandomForest,BlackConcentration,PPR,finbert_pca50 - tfidf_full,12,,0.0285,-0.0191,0.0094
RandomForest,BlackConcentration,PPR,finbert_pca50 - tfidf_full,13,,0.0278,-0.0095,0.0183
RandomForest,BlackConcentration,PPR,finbert_pca50 - tfidf_full,14,,0.0205,0.0058,0.0263
RandomForest,BlackConcentration,AUC,finbert_pca50 - tfidf_full,1,,0.0637,-0.0321,0.0316
RandomForest,BlackConcentration,AUC,finbert_pca50 - tfidf_full,2,,-0.0619,0.0026,-0.0593
RandomForest,BlackConcentration,AUC,finbert_pca50 - tfidf_full,3,,0.0043,0.0115,0.0158
RandomForest,BlackConcentration,AUC,finbert_pca50 - tfidf_full,4,,0.0611,-0.0038,0.0573
RandomForest,BlackConcentration,AUC,finbert_pca50 - tfidf_full,5,,0.022,-0.013,0.009
RandomForest,BlackConcentration,AUC,finbert_pca50 - tfidf_full,6,,-0.0161,0.0282,0.0121
RandomForest,BlackConcentration,AUC,finbert_pca50 - tfidf_full,7,,-0.0365,0.0077,-0.0288
RandomForest,BlackConcentration,AUC,finbert_pca50 - tfidf_full,8,,-0.0156,0.014,-0.0016
RandomForest,BlackConcentration,AUC,finbert_pca50 - tfidf_full,9,,-0.0074,0.0182,0.0108
RandomForest,BlackConcentration,AUC,finbert_pca50 - tfidf_full,10,,0.035,-0.0071,0.0279
RandomForest,BlackConcentration,AUC,finbert_pca50 - tfidf_full,11,,0.0023,-0.0055,-0.0032
RandomForest,BlackConcentration,AUC,finbert_pca50 - tfidf_full,12,,-0.0111,0.0068,-0.0043
RandomForest,BlackConcentration,AUC,finbert_pca50 - tfidf_full,13,,0.0166,0.0021,0.0187
RandomForest,BlackConcentration,AUC,finbert_pca50 - tfidf_full,14,,0.0293,-0.0068,0.0225
RandomForest,SES_group,TPR,tfidf_full - structured,1,-0.0165,0.0496,0.0661,
RandomForest,SES_group,TPR,tfidf_full - structured,2,0.0544,-0.03,-0.0844,
RandomForest,SES_group,TPR,tfidf_full - structured,3,-0.055,-0.1686,-0.1136,
RandomForest,SES_group,TPR,tfidf_full - structured,4,0.2308,0.1315,-0.0993,
RandomForest,SES_group,TPR,tfidf_full - structured,5,0.0463,0.0938,0.0475,
RandomForest,SES_group,TPR,tfidf_full - structured,6,-0.075,0.0025,0.0775,
RandomForest,SES_group,TPR,tfidf_full - structured,7,0.0146,0.0063,-0.0083,
RandomForest,SES_group,TPR,tfidf_full - structured,8,-0.0233,-0.0359,-0.0126,
RandomForest,SES_group,TPR,tfidf_full - structured,9,0.0164,0.0034,-0.013,
RandomForest,SES_group,TPR,tfidf_full - structured,10,0.1281,0.129,0.0009,
RandomForest,SES_group,TPR,tfidf_full - structured,11,0.0701,0.0701,0.0,
RandomForest,SES_group,TPR,tfidf_full - structured,12,0.0391,0.0562,0.0171,
RandomForest,SES_group,TPR,tfidf_full - structured,13,0.0871,0.0362,-0.0509,
RandomForest,SES_group,TPR,tfidf_full - structured,14,0.0661,0.025,-0.0411,
RandomForest,SES_group,FPR,tfidf_full - structured,1,0.0668,0.0214,-0.0454,
RandomForest,SES_group,FPR,tfidf_full - structured,2,0.0125,-0.0144,-0.0269,
RandomForest,SES_group,FPR,tfidf_full - structured,3,0.0264,0.0888,0.0624,
RandomForest,SES_group,FPR,tfidf_full - structured,4,-0.0481,-0.0692,-0.0211,
RandomForest,SES_group,FPR,tfidf_full - structured,5,0.0478,0.0425,-0.0053,
RandomForest,SES_group,FPR,tfidf_full - structured,6,0.0678,0.058,-0.0098,
RandomForest,SES_group,FPR,tfidf_full - structured,7,0.0108,0.0046,-0.0062,
RandomForest,SES_group,FPR,tfidf_full - structured,8,-0.0284,-0.0307,-0.0023,
RandomForest,SES_group,FPR,tfidf_full - structured,9,0.018,0.0384,0.0204,
RandomForest,SES_group,FPR,tfidf_full - structured,10,0.0315,0.0431,0.0116,
RandomForest,SES_group,FPR,tfidf_full - structured,11,0.0325,0.0517,0.0192,
RandomForest,SES_group,FPR,tfidf_full - structured,12,0.0128,0.0134,0.0006,
RandomForest,SES_group,FPR,tfidf_full - structured,13,0.0263,0.0362,0.0099,
RandomForest,SES_group,FPR,tfidf_full - structured,14,0.0193,0.0469,0.0276,
RandomForest,SES_group,PPR,tfidf_full - structured,1,0.0568,0.0288,-0.028,
RandomForest,SES_group,PPR,tfidf_full - structured,2,0.0302,0.0001,-0.0301,
RandomForest,SES_group,PPR,tfidf_full - structured,3,0.0396,0.076,0.0364,
RandomForest,SES_group,PPR,tfidf_full - structured,4,-0.0075,-0.0392,-0.0317,
RandomForest,SES_group,PPR,tfidf_full - structured,5,0.0473,0.0499,0.0026,
RandomForest,SES_group,PPR,tfidf_full - structured,6,0.0451,0.054,0.0089,
RandomForest,SES_group,PPR,tfidf_full - structured,7,0.0164,0.0112,-0.0052,
RandomForest,SES_group,PPR,tfidf_full - structured,8,-0.024,-0.0285,-0.0045,
RandomForest,SES_group,PPR,tfidf_full - structured,9,0.0207,0.0371,0.0164,
RandomForest,SES_group,PPR,tfidf_full - structured,10,0.0497,0.0607,0.011,
RandomForest,SES_group,PPR,tfidf_full - structured,11,0.0423,0.0586,0.0163,
RandomForest,SES_group,PPR,tfidf_full - structured,12,0.0228,0.0271,0.0043,
RandomForest,SES_group,PPR,tfidf_full - structured,13,0.0409,0.0416,0.0007,
RandomForest,SES_group,PPR,tfidf_full - structured,14,0.0295,0.047,0.0175,
RandomForest,SES_group,AUC,tfidf_full - structured,1,-0.0411,-0.0244,0.0167,
RandomForest,SES_group,AUC,tfidf_full - structured,2,-0.079,-0.0608,0.0182,
RandomForest,SES_group,AUC,tfidf_full - structured,3,-0.0761,-0.133,-0.0569,
RandomForest,SES_group,AUC,tfidf_full - structured,4,0.1334,0.1106,-0.0228,
RandomForest,SES_group,AUC,tfidf_full - structured,5,-0.0317,-0.0049,0.0268,
RandomForest,SES_group,AUC,tfidf_full - structured,6,-0.0908,-0.0844,0.0064,
RandomForest,SES_group,AUC,tfidf_full - structured,7,0.0105,0.0146,0.0041,
RandomForest,SES_group,AUC,tfidf_full - structured,8,0.0352,0.0189,-0.0163,
RandomForest,SES_group,AUC,tfidf_full - structured,9,-0.0169,-0.0123,0.0046,
RandomForest,SES_group,AUC,tfidf_full - structured,10,0.0182,0.0314,0.0132,
RandomForest,SES_group,AUC,tfidf_full - structured,11,0.0225,0.028,0.0055,
RandomForest,SES_group,AUC,tfidf_full - structured,12,0.0084,0.0156,0.0072,
RandomForest,SES_group,AUC,tfidf_full - structured,13,0.0183,0.0101,-0.0082,
RandomForest,SES_group,AUC,tfidf_full - structured,14,-0.0016,-0.0019,-0.0003,
RandomForest,SES_group,TPR,finbert_pca50 - structured,1,-0.0165,,0.0439,0.0274
RandomForest,SES_group,TPR,finbert_pca50 - structured,2,0.0544,,-0.0141,0.0403
RandomForest,SES_group,TPR,finbert_pca50 - structured,3,-0.055,,-0.0102,-0.0652
RandomForest,SES_group,TPR,finbert_pca50 - structured,4,0.2308,,-0.1152,0.1156
RandomForest,SES_group,TPR,finbert_pca50 - structured,5,0.0463,,-0.0131,0.0332
RandomForest,SES_group,TPR,finbert_pca50 - structured,6,-0.075,,0.0026,-0.0724
RandomForest,SES_group,TPR,finbert_pca50 - structured,7,0.0146,,0.0376,0.0522
RandomForest,SES_group,TPR,finbert_pca50 - structured,8,-0.0233,,0.0131,-0.0102
RandomForest,SES_group,TPR,finbert_pca50 - structured,9,0.0164,,0.0142,0.0306
RandomForest,SES_group,TPR,finbert_pca50 - structured,10,0.1281,,-0.046,0.0821
RandomForest,SES_group,TPR,finbert_pca50 - structured,11,0.0701,,0.0114,0.0815
RandomForest,SES_group,TPR,finbert_pca50 - structured,12,0.0391,,-0.0143,0.0248
RandomForest,SES_group,TPR,finbert_pca50 - structured,13,0.0871,,0.0085,0.0956
RandomForest,SES_group,TPR,finbert_pca50 - structured,14,0.0661,,-0.0393,0.0268
RandomForest,SES_group,FPR,finbert_pca50 - structured,1,0.0668,,0.0085,0.0753
RandomForest,SES_group,FPR,finbert_pca50 - structured,2,0.0125,,-0.0227,-0.0102
RandomForest,SES_group,FPR,finbert_pca50 - structured,3,0.0264,,0.0056,0.032
RandomForest,SES_group,FPR,finbert_pca50 - structured,4,-0.0481,,-0.0047,-0.0528
RandomForest,SES_group,FPR,finbert_pca50 - structured,5,0.0478,,0.0247,0.0725
RandomForest,SES_group,FPR,finbert_pca50 - structured,6,0.0678,,-0.0122,0.0556
RandomForest,SES_group,FPR,finbert_pca50 - structured,7,0.0108,,-0.024,-0.0132
RandomForest,SES_group,FPR,finbert_pca50 - structured,8,-0.0284,,-0.0039,-0.0323
RandomForest,SES_group,FPR,finbert_pca50 - structured,9,0.018,,-0.0192,-0.0012
RandomForest,SES_group,FPR,finbert_pca50 - structured,10,0.0315,,-0.0103,0.0212
RandomForest,SES_group,FPR,finbert_pca50 - structured,11,0.0325,,-0.0021,0.0304
RandomForest,SES_group,FPR,finbert_pca50 - structured,12,0.0128,,-0.0034,0.0094
RandomForest,SES_group,FPR,finbert_pca50 - structured,13,0.0263,,-0.0077,0.0186
RandomForest,SES_group,FPR,finbert_pca50 - structured,14,0.0193,,0.0198,0.0391
RandomForest,SES_group,PPR,finbert_pca50 - structured,1,0.0568,,0.0141,0.0709
RandomForest,SES_group,PPR,finbert_pca50 - structured,2,0.0302,,-0.0218,0.0084
RandomForest,SES_group,PPR,finbert_pca50 - structured,3,0.0396,,-0.013,0.0266
RandomForest,SES_group,PPR,finbert_pca50 - structured,4,-0.0075,,-0.0203,-0.0278
RandomForest,SES_group,PPR,finbert_pca50 - structured,5,0.0473,,0.0192,0.0665
RandomForest,SES_group,PPR,finbert_pca50 - structured,6,0.0451,,-0.0078,0.0373
RandomForest,SES_group,PPR,finbert_pca50 - structured,7,0.0164,,-0.0134,0.003
RandomForest,SES_group,PPR,finbert_pca50 - structured,8,-0.024,,-0.0013,-0.0253
RandomForest,SES_group,PPR,finbert_pca50 - structured,9,0.0207,,-0.0149,0.0058
RandomForest,SES_group,PPR,finbert_pca50 - structured,10,0.0497,,-0.0176,0.0321
RandomForest,SES_group,PPR,finbert_pca50 - structured,11,0.0423,,-0.0003,0.042
RandomForest,SES_group,PPR,finbert_pca50 - structured,12,0.0228,,-0.0055,0.0173
RandomForest,SES_group,PPR,finbert_pca50 - structured,13,0.0409,,-0.0053,0.0356
RandomForest,SES_group,PPR,finbert_pca50 - structured,14,0.0295,,0.0113,0.0408
RandomForest,SES_group,AUC,finbert_pca50 - structured,1,-0.0411,,-0.0197,-0.0608
RandomForest,SES_group,AUC,finbert_pca50 - structured,2,-0.079,,0.0037,-0.0753
RandomForest,SES_group,AUC,finbert_pca50 - structured,3,-0.0761,,-0.031,-0.1071
RandomForest,SES_group,AUC,finbert_pca50 - structured,4,0.1334,,-0.018,0.1154
RandomForest,SES_group,AUC,finbert_pca50 - structured,5,-0.0317,,0.006,-0.0257
RandomForest,SES_group,AUC,finbert_pca50 - structured,6,-0.0908,,0.0147,-0.0761
RandomForest,SES_group,AUC,finbert_pca50 - structured,7,0.0105,,0.0065,0.017
RandomForest,SES_group,AUC,finbert_pca50 - structured,8,0.0352,,-0.0081,0.0271
RandomForest,SES_group,AUC,finbert_pca50 - structured,9,-0.0169,,-0.0028,-0.0197
RandomForest,SES_group,AUC,finbert_pca50 - structured,10,0.0182,,-0.0083,0.0099
RandomForest,SES_group,AUC,finbert_pca50 - structured,11,0.0225,,-0.0004,0.0221
RandomForest,SES_group,AUC,finbert_pca50 - structured,12,0.0084,,0.0025,0.0109
RandomForest,SES_group,AUC,finbert_pca50 - structured,13,0.0183,,-0.001,0.0173
RandomForest,SES_group,AUC,finbert_pca50 - structured,14,-0.0016,,-0.0015,-0.0031
RandomForest,SES_group,TPR,finbert_pca50 - tfidf_full,1,,0.0496,-0.0222,0.0274
RandomForest,SES_group,TPR,finbert_pca50 - tfidf_full,2,,-0.03,0.0703,0.0403
RandomForest,SES_group,TPR,finbert_pca50 - tfidf_full,3,,-0.1686,0.1034,-0.0652
RandomForest,SES_group,TPR,finbert_pca50 - tfidf_full,4,,0.1315,-0.0159,0.1156
RandomForest,SES_group,TPR,finbert_pca50 - tfidf_full,5,,0.0938,-0.0606,0.0332
RandomForest,SES_group,TPR,finbert_pca50 - tfidf_full,6,,0.0025,-0.0749,-0.0724
RandomForest,SES_group,TPR,finbert_pca50 - tfidf_full,7,,0.0063,0.0459,0.0522
RandomForest,SES_group,TPR,finbert_pca50 - tfidf_full,8,,-0.0359,0.0257,-0.0102
RandomForest,SES_group,TPR,finbert_pca50 - tfidf_full,9,,0.0034,0.0272,0.0306
RandomForest,SES_group,TPR,finbert_pca50 - tfidf_full,10,,0.129,-0.0469,0.0821
RandomForest,SES_group,TPR,finbert_pca50 - tfidf_full,11,,0.0701,0.0114,0.0815
RandomForest,SES_group,TPR,finbert_pca50 - tfidf_full,12,,0.0562,-0.0314,0.0248
RandomForest,SES_group,TPR,finbert_pca50 - tfidf_full,13,,0.0362,0.0594,0.0956
RandomForest,SES_group,TPR,finbert_pca50 - tfidf_full,14,,0.025,0.0018,0.0268
RandomForest,SES_group,FPR,finbert_pca50 - tfidf_full,1,,0.0214,0.0539,0.0753
RandomForest,SES_group,FPR,finbert_pca50 - tfidf_full,2,,-0.0144,0.0042,-0.0102
RandomForest,SES_group,FPR,finbert_pca50 - tfidf_full,3,,0.0888,-0.0568,0.032
RandomForest,SES_group,FPR,finbert_pca50 - tfidf_full,4,,-0.0692,0.0164,-0.0528
RandomForest,SES_group,FPR,finbert_pca50 - tfidf_full,5,,0.0425,0.03,0.0725
RandomForest,SES_group,FPR,finbert_pca50 - tfidf_full,6,,0.058,-0.0024,0.0556
RandomForest,SES_group,FPR,finbert_pca50 - tfidf_full,7,,0.0046,-0.0178,-0.0132
RandomForest,SES_group,FPR,finbert_pca50 - tfidf_full,8,,-0.0307,-0.0016,-0.0323
RandomForest,SES_group,FPR,finbert_pca50 - tfidf_full,9,,0.0384,-0.0396,-0.0012
RandomForest,SES_group,FPR,finbert_pca50 - tfidf_full,10,,0.0431,-0.0219,0.0212
RandomForest,SES_group,FPR,finbert_pca50 - tfidf_full,11,,0.0517,-0.0213,0.0304
RandomForest,SES_group,FPR,finbert_pca50 - tfidf_full,12,,0.0134,-0.004,0.0094
RandomForest,SES_group,FPR,finbert_pca50 - tfidf_full,13,,0.0362,-0.0176,0.0186
RandomForest,SES_group,FPR,finbert_pca50 - tfidf_full,14,,0.0469,-0.0078,0.0391
RandomForest,SES_group,PPR,finbert_pca50 - tfidf_full,1,,0.0288,0.0421,0.0709
RandomForest,SES_group,PPR,finbert_pca50 - tfidf_full,2,,0.0001,0.0083,0.0084
RandomForest,SES_group,PPR,finbert_pca50 - tfidf_full,3,,0.076,-0.0494,0.0266
RandomForest,SES_group,PPR,finbert_pca50 - tfidf_full,4,,-0.0392,0.0114,-0.0278
RandomForest,SES_group,PPR,finbert_pca50 - tfidf_full,5,,0.0499,0.0166,0.0665
RandomForest,SES_group,PPR,finbert_pca50 - tfidf_full,6,,0.054,-0.0167,0.0373
RandomForest,SES_group,PPR,finbert_pca50 - tfidf_full,7,,0.0112,-0.0082,0.003
RandomForest,SES_group,PPR,finbert_pca50 - tfidf_full,8,,-0.0285,0.0032,-0.0253
RandomForest,SES_group,PPR,finbert_pca50 - tfidf_full,9,,0.0371,-0.0313,0.0058
RandomForest,SES_group,PPR,finbert_pca50 - tfidf_full,10,,0.0607,-0.0286,0.0321
RandomForest,SES_group,PPR,finbert_pca50 - tfidf_full,11,,0.0586,-0.0166,0.042
RandomForest,SES_group,PPR,finbert_pca50 - tfidf_full,12,,0.0271,-0.0098,0.0173
RandomForest,SES_group,PPR,finbert_pca50 - tfidf_full,13,,0.0416,-0.006,0.0356
RandomForest,SES_group,PPR,finbert_pca50 - tfidf_full,14,,0.047,-0.0062,0.0408
RandomForest,SES_group,AUC,finbert_pca50 - tfidf_full,1,,-0.0244,-0.0364,-0.0608
RandomForest,SES_group,AUC,finbert_pca50 - tfidf_full,2,,-0.0608,-0.0145,-0.0753
RandomForest,SES_group,AUC,finbert_pca50 - tfidf_full,3,,-0.133,0.0259,-0.1071
RandomForest,SES_group,AUC,finbert_pca50 - tfidf_full,4,,0.1106,0.0048,0.1154
RandomForest,SES_group,AUC,finbert_pca50 - tfidf_full,5,,-0.0049,-0.0208,-0.0257
RandomForest,SES_group,AUC,finbert_pca50 - tfidf_full,6,,-0.0844,0.0083,-0.0761
RandomForest,SES_group,AUC,finbert_pca50 - tfidf_full,7,,0.0146,0.0024,0.017
RandomForest,SES_group,AUC,finbert_pca50 - tfidf_full,8,,0.0189,0.0082,0.0271
RandomForest,SES_group,AUC,finbert_pca50 - tfidf_full,9,,-0.0123,-0.0074,-0.0197
RandomForest,SES_group,AUC,finbert_pca50 - tfidf_full,10,,0.0314,-0.0215,0.0099
RandomForest,SES_group,AUC,finbert_pca50 - tfidf_full,11,,0.028,-0.0059,0.0221
RandomForest,SES_group,AUC,finbert_pca50 - tfidf_full,12,,0.0156,-0.0047,0.0109
RandomForest,SES_group,AUC,finbert_pca50 - tfidf_full,13,,0.0101,0.0072,0.0173
RandomForest,SES_group,AUC,finbert_pca50 - tfidf_full,14,,-0.0019,-0.0012,-0.0031
XGBoost,BlackConcentration,TPR,tfidf_full - structured,1,-0.0178,0.1934,0.2112,
XGBoost,BlackConcentration,TPR,tfidf_full - structured,2,-0.0633,-0.1721,-0.1088,
XGBoost,BlackConcentration,TPR,tfidf_full - structured,3,-0.07,-0.0736,-0.0036,
XGBoost,BlackConcentration,TPR,tfidf_full - structured,4,0.0638,-0.0073,-0.0711,
XGBoost,BlackConcentration,TPR,tfidf_full - structured,5,-0.0213,0.0789,0.1002,
XGBoost,BlackConcentration,TPR,tfidf_full - structured,6,0.0385,-0.0594,-0.0979,
XGBoost,BlackConcentration,TPR,tfidf_full - structured,7,-0.0749,-0.0227,0.0522,
XGBoost,BlackConcentration,TPR,tfidf_full - structured,8,0.0435,0.0074,-0.0361,
XGBoost,BlackConcentration,TPR,tfidf_full - structured,9,0.0228,-0.0287,-0.0515,
XGBoost,BlackConcentration,TPR,tfidf_full - structured,10,0.0065,0.0465,0.04,
XGBoost,BlackConcentration,TPR,tfidf_full - structured,11,-0.0214,0.0037,0.0251,
XGBoost,BlackConcentration,TPR,tfidf_full - structured,12,-0.0239,-0.0169,0.007,
XGBoost,BlackConcentration,TPR,tfidf_full - structured,13,0.0341,0.0404,0.0063,
XGBoost,BlackConcentration,TPR,tfidf_full - structured,14,0.0758,0.0683,-0.0075,
XGBoost,BlackConcentration,FPR,tfidf_full - structured,1,-0.057,-0.0102,0.0468,
XGBoost,BlackConcentration,FPR,tfidf_full - structured,2,-0.0076,0.0109,0.0185,
XGBoost,BlackConcentration,FPR,tfidf_full - structured,3,0.054,-0.004,-0.058,
XGBoost,BlackConcentration,FPR,tfidf_full - structured,4,-0.0294,-0.0798,-0.0504,
XGBoost,BlackConcentration,FPR,tfidf_full - structured,5,0.0022,-0.0267,-0.0289,
XGBoost,BlackConcentration,FPR,tfidf_full - structured,6,-0.0017,-0.0267,-0.025,
XGBoost,BlackConcentration,FPR,tfidf_full - structured,7,-0.0429,-0.0465,-0.0036,
XGBoost,BlackConcentration,FPR,tfidf_full - structured,8,0.0306,0.0331,0.0025,
XGBoost,BlackConcentration,FPR,tfidf_full - structured,9,0.0091,-0.013,-0.0221,
XGBoost,BlackConcentration,FPR,tfidf_full - structured,10,-0.0309,-0.0316,-0.0007,
XGBoost,BlackConcentration,FPR,tfidf_full - structured,11,-0.0119,-0.011,0.0009,
XGBoost,BlackConcentration,FPR,tfidf_full - structured,12,0.024,-0.0006,-0.0246,
XGBoost,BlackConcentration,FPR,tfidf_full - structured,13,0.0368,0.0271,-0.0097,
XGBoost,BlackConcentration,FPR,tfidf_full - structured,14,0.034,0.0153,-0.0187,
XGBoost,BlackConcentration,PPR,tfidf_full - structured,1,-0.0592,0.0179,0.0771,
XGBoost,BlackConcentration,PPR,tfidf_full - structured,2,-0.0175,-0.014,0.0035,
XGBoost,BlackConcentration,PPR,tfidf_full - structured,3,0.0399,-0.0114,-0.0513,
XGBoost,BlackConcentration,PPR,tfidf_full - structured,4,-0.0164,-0.0702,-0.0538,
XGBoost,BlackConcentration,PPR,tfidf_full - structured,5,-0.0002,-0.0103,-0.0101,
XGBoost,BlackConcentration,PPR,tfidf_full - structured,6,0.0113,-0.0273,-0.0386,
XGBoost,BlackConcentration,PPR,tfidf_full - structured,7,-0.0476,-0.0429,0.0047,
XGBoost,BlackConcentration,PPR,tfidf_full - structured,8,0.0344,0.0295,-0.0049,
XGBoost,BlackConcentration,PPR,tfidf_full - structured,9,0.0146,-0.0118,-0.0264,
XGBoost,BlackConcentration,PPR,tfidf_full - structured,10,-0.0181,-0.0126,0.0055,
XGBoost,BlackConcentration,PPR,tfidf_full - structured,11,-0.0062,-0.0025,0.0037,
XGBoost,BlackConcentration,PPR,tfidf_full - structured,12,0.0222,0.0023,-0.0199,
XGBoost,BlackConcentration,PPR,tfidf_full - structured,13,0.0434,0.036,-0.0074,
XGBoost,BlackConcentration,PPR,tfidf_full - structured,14,0.0436,0.0268,-0.0168,
XGBoost,BlackConcentration,AUC,tfidf_full - structured,1,0.0302,0.1015,0.0713,
XGBoost,BlackConcentration,AUC,tfidf_full - structured,2,0.0023,-0.0759,-0.0782,
XGBoost,BlackConcentration,AUC,tfidf_full - structured,3,-0.0096,-0.0171,-0.0075,
XGBoost,BlackConcentration,AUC,tfidf_full - structured,4,0.0642,0.0794,0.0152,
XGBoost,BlackConcentration,AUC,tfidf_full - structured,5,0.0065,0.0332,0.0267,
XGBoost,BlackConcentration,AUC,tfidf_full - structured,6,0.0116,-0.0126,-0.0242,
XGBoost,BlackConcentration,AUC,tfidf_full - structured,7,-0.0071,-0.0046,0.0025,
XGBoost,BlackConcentration,AUC,tfidf_full - structured,8,-0.0005,0.0063,0.0068,
XGBoost,BlackConcentration,AUC,tfidf_full - structured,9,-0.005,-0.0078,-0.0028,
XGBoost,BlackConcentration,AUC,tfidf_full - structured,10,0.0408,0.0333,-0.0075,
XGBoost,BlackConcentration,AUC,tfidf_full - structured,11,-0.0056,-0.0012,0.0044,
XGBoost,BlackConcentration,AUC,tfidf_full - structured,12,-0.0043,-0.0032,0.0011,
XGBoost,BlackConcentration,AUC,tfidf_full - structured,13,0.012,0.0208,0.0088,
XGBoost,BlackConcentration,AUC,tfidf_full - structured,14,0.0123,0.0204,0.0081,
XGBoost,BlackConcentration,TPR,finbert_pca50 - structured,1,-0.0178,,0.0338,0.016
XGBoost,BlackConcentration,TPR,finbert_pca50 - structured,2,-0.0633,,-0.099,-0.1623
XGBoost,BlackConcentration,TPR,finbert_pca50 - structured,3,-0.07,,0.1037,0.0337
XGBoost,BlackConcentration,TPR,finbert_pca50 - structured,4,0.0638,,-0.1084,-0.0446
XGBoost,BlackConcentration,TPR,finbert_pca50 - structured,5,-0.0213,,0.0777,0.0564
XGBoost,BlackConcentration,TPR,finbert_pca50 - structured,6,0.0385,,-0.0135,0.025
XGBoost,BlackConcentration,TPR,finbert_pca50 - structured,7,-0.0749,,0.0468,-0.0281
XGBoost,BlackConcentration,TPR,finbert_pca50 - structured,8,0.0435,,0.0156,0.0591
XGBoost,BlackConcentration,TPR,finbert_pca50 - structured,9,0.0228,,0.0082,0.031
XGBoost,BlackConcentration,TPR,finbert_pca50 - structured,10,0.0065,,0.0242,0.0307
XGBoost,BlackConcentration,TPR,finbert_pca50 - structured,11,-0.0214,,0.0052,-0.0162
XGBoost,BlackConcentration,TPR,finbert_pca50 - structured,12,-0.0239,,0.0267,0.0028
XGBoost,BlackConcentration,TPR,finbert_pca50 - structured,13,0.0341,,-0.0141,0.02
XGBoost,BlackConcentration,TPR,finbert_pca50 - structured,14,0.0758,,0.0076,0.0834
XGBoost,BlackConcentration,FPR,finbert_pca50 - structured,1,-0.057,,0.0366,-0.0204
XGBoost,BlackConcentration,FPR,finbert_pca50 - structured,2,-0.0076,,0.0064,-0.0012
XGBoost,BlackConcentration,FPR,finbert_pca50 - structured,3,0.054,,-0.0032,0.0508
XGBoost,BlackConcentration,FPR,finbert_pca50 - structured,4,-0.0294,,-0.0191,-0.0485
XGBoost,BlackConcentration,FPR,finbert_pca50 - structured,5,0.0022,,0.0055,0.0077
XGBoost,BlackConcentration,FPR,finbert_pca50 - structured,6,-0.0017,,-0.0262,-0.0279
XGBoost,BlackConcentration,FPR,finbert_pca50 - structured,7,-0.0429,,0.0211,-0.0218
XGBoost,BlackConcentration,FPR,finbert_pca50 - structured,8,0.0306,,-0.0099,0.0207
XGBoost,BlackConcentration,FPR,finbert_pca50 - structured,9,0.0091,,-0.0315,-0.0224
XGBoost,BlackConcentration,FPR,finbert_pca50 - structured,10,-0.0309,,0.0054,-0.0255
XGBoost,BlackConcentration,FPR,finbert_pca50 - structured,11,-0.0119,,-0.0005,-0.0124
XGBoost,BlackConcentration,FPR,finbert_pca50 - structured,12,0.024,,-0.0014,0.0226
XGBoost,BlackConcentration,FPR,finbert_pca50 - structured,13,0.0368,,-0.0027,0.0341
XGBoost,BlackConcentration,FPR,finbert_pca50 - structured,14,0.034,,-0.0073,0.0267
XGBoost,BlackConcentration,PPR,finbert_pca50 - structured,1,-0.0592,,0.0396,-0.0196
XGBoost,BlackConcentration,PPR,finbert_pca50 - structured,2,-0.0175,,-0.0056,-0.0231
XGBoost,BlackConcentration,PPR,finbert_pca50 - structured,3,0.0399,,0.011,0.0509
XGBoost,BlackConcentration,PPR,finbert_pca50 - structured,4,-0.0164,,-0.033,-0.0494
XGBoost,BlackConcentration,PPR,finbert_pca50 - structured,5,-0.0002,,0.016,0.0158
XGBoost,BlackConcentration,PPR,finbert_pca50 - structured,6,0.0113,,-0.0231,-0.0118
XGBoost,BlackConcentration,PPR,finbert_pca50 - structured,7,-0.0476,,0.0249,-0.0227
XGBoost,BlackConcentration,PPR,finbert_pca50 - structured,8,0.0344,,-0.0051,0.0293
XGBoost,BlackConcentration,PPR,finbert_pca50 - structured,9,0.0146,,-0.0258,-0.0112
XGBoost,BlackConcentration,PPR,finbert_pca50 - structured,10,-0.0181,,0.0087,-0.0094
XGBoost,BlackConcentration,PPR,finbert_pca50 - structured,11,-0.0062,,0.0,-0.0062
XGBoost,BlackConcentration,PPR,finbert_pca50 - structured,12,0.0222,,0.0027,0.0249
XGBoost,BlackConcentration,PPR,finbert_pca50 - structured,13,0.0434,,-0.0047,0.0387
XGBoost,BlackConcentration,PPR,finbert_pca50 - structured,14,0.0436,,-0.0049,0.0387
XGBoost,BlackConcentration,AUC,finbert_pca50 - structured,1,0.0302,,0.0066,0.0368
XGBoost,BlackConcentration,AUC,finbert_pca50 - structured,2,0.0023,,-0.0479,-0.0456
XGBoost,BlackConcentration,AUC,finbert_pca50 - structured,3,-0.0096,,0.0275,0.0179
XGBoost,BlackConcentration,AUC,finbert_pca50 - structured,4,0.0642,,-0.0035,0.0607
XGBoost,BlackConcentration,AUC,finbert_pca50 - structured,5,0.0065,,0.0173,0.0238
XGBoost,BlackConcentration,AUC,finbert_pca50 - structured,6,0.0116,,-0.0017,0.0099
XGBoost,BlackConcentration,AUC,finbert_pca50 - structured,7,-0.0071,,-0.0011,-0.0082
XGBoost,BlackConcentration,AUC,finbert_pca50 - structured,8,-0.0005,,0.0108,0.0103
XGBoost,BlackConcentration,AUC,finbert_pca50 - structured,9,-0.005,,0.0,-0.005
XGBoost,BlackConcentration,AUC,finbert_pca50 - structured,10,0.0408,,-0.011,0.0298
XGBoost,BlackConcentration,AUC,finbert_pca50 - structured,11,-0.0056,,0.0027,-0.0029
XGBoost,BlackConcentration,AUC,finbert_pca50 - structured,12,-0.0043,,-0.0009,-0.0052
XGBoost,BlackConcentration,AUC,finbert_pca50 - structured,13,0.012,,0.0012,0.0132
XGBoost,BlackConcentration,AUC,finbert_pca50 - structured,14,0.0123,,0.0059,0.0182
XGBoost,BlackConcentration,TPR,finbert_pca50 - tfidf_full,1,,0.1934,-0.1774,0.016
XGBoost,BlackConcentration,TPR,finbert_pca50 - tfidf_full,2,,-0.1721,0.0098,-0.1623
XGBoost,BlackConcentration,TPR,finbert_pca50 - tfidf_full,3,,-0.0736,0.1073,0.0337
XGBoost,BlackConcentration,TPR,finbert_pca50 - tfidf_full,4,,-0.0073,-0.0373,-0.0446
XGBoost,BlackConcentration,TPR,finbert_pca50 - tfidf_full,5,,0.0789,-0.0225,0.0564
XGBoost,BlackConcentration,TPR,finbert_pca50 - tfidf_full,6,,-0.0594,0.0844,0.025
XGBoost,BlackConcentration,TPR,finbert_pca50 - tfidf_full,7,,-0.0227,-0.0054,-0.0281
XGBoost,BlackConcentration,TPR,finbert_pca50 - tfidf_full,8,,0.0074,0.0517,0.0591
XGBoost,BlackConcentration,TPR,finbert_pca50 - tfidf_full,9,,-0.0287,0.0597,0.031
XGBoost,BlackConcentration,TPR,finbert_pca50 - tfidf_full,10,,0.0465,-0.0158,0.0307
XGBoost,BlackConcentration,TPR,finbert_pca50 - tfidf_full,11,,0.0037,-0.0199,-0.0162
XGBoost,BlackConcentration,TPR,finbert_pca50 - tfidf_full,12,,-0.0169,0.0197,0.0028
XGBoost,BlackConcentration,TPR,finbert_pca50 - tfidf_full,13,,0.0404,-0.0204,0.02
XGBoost,BlackConcentration,TPR,finbert_pca50 - tfidf_full,14,,0.0683,0.0151,0.0834
XGBoost,BlackConcentration,FPR,finbert_pca50 - tfidf_full,1,,-0.0102,-0.0102,-0.0204
XGBoost,BlackConcentration,FPR,finbert_pca50 - tfidf_full,2,,0.0109,-0.0121,-0.0012
XGBoost,BlackConcentration,FPR,finbert_pca50 - tfidf_full,3,,-0.004,0.0548,0.0508
XGBoost,BlackConcentration,FPR,finbert_pca50 - tfidf_full,4,,-0.0798,0.0313,-0.0485
XGBoost,BlackConcentration,FPR,finbert_pca50 - tfidf_full,5,,-0.0267,0.0344,0.0077
XGBoost,BlackConcentration,FPR,finbert_pca50 - tfidf_full,6,,-0.0267,-0.0012,-0.0279
XGBoost,BlackConcentration,FPR,finbert_pca50 - tfidf_full,7,,-0.0465,0.0247,-0.0218
XGBoost,BlackConcentration,FPR,finbert_pca50 - tfidf_full,8,,0.0331,-0.0124,0.0207
XGBoost,BlackConcentration,FPR,finbert_pca50 - tfidf_full,9,,-0.013,-0.0094,-0.0224
XGBoost,BlackConcentration,FPR,finbert_pca50 - tfidf_full,10,,-0.0316,0.0061,-0.0255
XGBoost,BlackConcentration,FPR,finbert_pca50 - tfidf_full,11,,-0.011,-0.0014,-0.0124
XGBoost,BlackConcentration,FPR,finbert_pca50 - tfidf_full,12,,-0.0006,0.0232,0.0226
XGBoost,BlackConcentration,FPR,finbert_pca50 - tfidf_full,13,,0.0271,0.007,0.0341
XGBoost,BlackConcentration,FPR,finbert_pca50 - tfidf_full,14,,0.0153,0.0114,0.0267
XGBoost,BlackConcentration,PPR,finbert_pca50 - tfidf_full,1,,0.0179,-0.0375,-0.0196
XGBoost,BlackConcentration,PPR,finbert_pca50 - tfidf_full,2,,-0.014,-0.0091,-0.0231
XGBoost,BlackConcentration,PPR,finbert_pca50 - tfidf_full,3,,-0.0114,0.0623,0.0509
XGBoost,BlackConcentration,PPR,finbert_pca50 - tfidf_full,4,,-0.0702,0.0208,-0.0494
XGBoost,BlackConcentration,PPR,finbert_pca50 - tfidf_full,5,,-0.0103,0.0261,0.0158
XGBoost,BlackConcentration,PPR,finbert_pca50 - tfidf_full,6,,-0.0273,0.0155,-0.0118
XGBoost,BlackConcentration,PPR,finbert_pca50 - tfidf_full,7,,-0.0429,0.0202,-0.0227
XGBoost,BlackConcentration,PPR,finbert_pca50 - tfidf_full,8,,0.0295,-0.0002,0.0293
XGBoost,BlackConcentration,PPR,finbert_pca50 - tfidf_full,9,,-0.0118,0.0006,-0.0112
XGBoost,BlackConcentration,PPR,finbert_pca50 - tfidf_full,10,,-0.0126,0.0032,-0.0094
XGBoost,BlackConcentration,PPR,finbert_pca50 - tfidf_full,11,,-0.0025,-0.0037,-0.0062
XGBoost,BlackConcentration,PPR,finbert_pca50 - tfidf_full,12,,0.0023,0.0226,0.0249
XGBoost,BlackConcentration,PPR,finbert_pca50 - tfidf_full,13,,0.036,0.0027,0.0387
XGBoost,BlackConcentration,PPR,finbert_pca50 - tfidf_full,14,,0.0268,0.0119,0.0387
XGBoost,BlackConcentration,AUC,finbert_pca50 - tfidf_full,1,,0.1015,-0.0647,0.0368
XGBoost,BlackConcentration,AUC,finbert_pca50 - tfidf_full,2,,-0.0759,0.0303,-0.0456
XGBoost,BlackConcentration,AUC,finbert_pca50 - tfidf_full,3,,-0.0171,0.035,0.0179
XGBoost,BlackConcentration,AUC,finbert_pca50 - tfidf_full,4,,0.0794,-0.0187,0.0607
XGBoost,BlackConcentration,AUC,finbert_pca50 - tfidf_full,5,,0.0332,-0.0094,0.0238
XGBoost,BlackConcentration,AUC,finbert_pca50 - tfidf_full,6,,-0.0126,0.0225,0.0099
XGBoost,BlackConcentration,AUC,finbert_pca50 - tfidf_full,7,,-0.0046,-0.0036,-0.0082
XGBoost,BlackConcentration,AUC,finbert_pca50 - tfidf_full,8,,0.0063,0.004,0.0103
XGBoost,BlackConcentration,AUC,finbert_pca50 - tfidf_full,9,,-0.0078,0.0028,-0.005
XGBoost,BlackConcentration,AUC,finbert_pca50 - tfidf_full,10,,0.0333,-0.0035,0.0298
XGBoost,BlackConcentration,AUC,finbert_pca50 - tfidf_full,11,,-0.0012,-0.0017,-0.0029
XGBoost,BlackConcentration,AUC,finbert_pca50 - tfidf_full,12,,-0.0032,-0.002,-0.0052
XGBoost,BlackConcentration,AUC,finbert_pca50 - tfidf_full,13,,0.0208,-0.0076,0.0132
XGBoost,BlackConcentration,AUC,finbert_pca50 - tfidf_full,14,,0.0204,-0.0022,0.0182
XGBoost,SES_group,TPR,tfidf_full - structured,1,0.0211,0.0628,0.0417,
XGBoost,SES_group,TPR,tfidf_full - structured,2,-0.0019,0.0033,0.0052,
XGBoost,SES_group,TPR,tfidf_full - structured,3,0.0162,0.0189,0.0027,
XGBoost,SES_group,TPR,tfidf_full - structured,4,0.2581,0.2029,-0.0552,
XGBoost,SES_group,TPR,tfidf_full - structured,5,0.0165,0.0949,0.0784,
XGBoost,SES_group,TPR,tfidf_full - structured,6,0.0048,-0.0356,-0.0404,
XGBoost,SES_group,TPR,tfidf_full - structured,7,0.0941,0.0676,-0.0265,
XGBoost,SES_group,TPR,tfidf_full - structured,8,0.0281,0.0245,-0.0036,
XGBoost,SES_group,TPR,tfidf_full - structured,9,0.0148,0.0432,0.0284,
XGBoost,SES_group,TPR,tfidf_full - structured,10,0.0731,0.0567,-0.0164,
XGBoost,SES_group,TPR,tfidf_full - structured,11,0.1006,0.0719,-0.0287,
XGBoost,SES_group,TPR,tfidf_full - structured,12,0.0407,0.0284,-0.0123,
XGBoost,SES_group,TPR,tfidf_full - structured,13,0.0393,0.0404,0.0011,
XGBoost,SES_group,TPR,tfidf_full - structured,14,0.0704,0.0507,-0.0197,
XGBoost,SES_group,FPR,tfidf_full - structured,1,0.0229,0.0933,0.0704,
XGBoost,SES_group,FPR,tfidf_full - structured,2,0.1126,0.0552,-0.0574,
XGBoost,SES_group,FPR,tfidf_full - structured,3,0.1014,0.0593,-0.0421,
XGBoost,SES_group,FPR,tfidf_full - structured,4,0.0056,-0.0188,-0.0244,
XGBoost,SES_group,FPR,tfidf_full - structured,5,0.0742,0.0556,-0.0186,
XGBoost,SES_group,FPR,tfidf_full - structured,6,0.0607,0.0547,-0.006,
XGBoost,SES_group,FPR,tfidf_full - structured,7,0.0436,0.0152,-0.0284,
XGBoost,SES_group,FPR,tfidf_full - structured,8,0.0178,0.001,-0.0168,
XGBoost,SES_group,FPR,tfidf_full - structured,9,0.0612,0.0784,0.0172,
XGBoost,SES_group,FPR,tfidf_full - structured,10,0.0576,0.0593,0.0017,
XGBoost,SES_group,FPR,tfidf_full - structured,11,0.0619,0.067,0.0051,
XGBoost,SES_group,FPR,tfidf_full - structured,12,0.0492,0.0384,-0.0108,
XGBoost,SES_group,FPR,tfidf_full - structured,13,0.0442,0.0339,-0.0103,
XGBoost,SES_group,FPR,tfidf_full - structured,14,0.0509,0.0614,0.0105,
XGBoost,SES_group,PPR,tfidf_full - structured,1,0.0267,0.0921,0.0654,
XGBoost,SES_group,PPR,tfidf_full - structured,2,0.1123,0.0653,-0.047,
XGBoost,SES_group,PPR,tfidf_full - structured,3,0.1148,0.0769,-0.0379,
XGBoost,SES_group,PPR,tfidf_full - structured,4,0.0423,0.014,-0.0283,
XGBoost,SES_group,PPR,tfidf_full - structured,5,0.0655,0.0611,-0.0044,
XGBoost,SES_group,PPR,tfidf_full - structured,6,0.0565,0.0427,-0.0138,
XGBoost,SES_group,PPR,tfidf_full - structured,7,0.0595,0.0313,-0.0282,
XGBoost,SES_group,PPR,tfidf_full - structured,8,0.0235,0.0088,-0.0147,
XGBoost,SES_group,PPR,tfidf_full - structured,9,0.0584,0.0775,0.0191,
XGBoost,SES_group,PPR,tfidf_full - structured,10,0.0648,0.064,-0.0008,
XGBoost,SES_group,PPR,tfidf_full - structured,11,0.072,0.072,0.0,
XGBoost,SES_group,PPR,tfidf_full - structured,12,0.0553,0.0444,-0.0109,
XGBoost,SES_group,PPR,tfidf_full - structured,13,0.0496,0.041,-0.0086,
XGBoost,SES_group,PPR,tfidf_full - structured,14,0.0575,0.0633,0.0058,
XGBoost,SES_group,AUC,tfidf_full - structured,1,-0.002,0.0071,0.0091,
XGBoost,SES_group,AUC,tfidf_full - structured,2,-0.116,-0.1009,0.0151,
XGBoost,SES_group,AUC,tfidf_full - structured,3,-0.1065,-0.1102,-0.0037,
XGBoost,SES_group,AUC,tfidf_full - structured,4,0.1392,0.1268,-0.0124,
XGBoost,SES_group,AUC,tfidf_full - structured,5,-0.0203,-0.0025,0.0178,
XGBoost,SES_group,AUC,tfidf_full - structured,6,-0.0941,-0.078,0.0161,
XGBoost,SES_group,AUC,tfidf_full - structured,7,0.0209,0.0118,-0.0091,
XGBoost,SES_group,AUC,tfidf_full - structured,8,0.0354,0.0134,-0.022,
XGBoost,SES_group,AUC,tfidf_full - structured,9,-0.0194,-0.0149,0.0045,
XGBoost,SES_group,AUC,tfidf_full - structured,10,0.0078,0.0088,0.001,
XGBoost,SES_group,AUC,tfidf_full - structured,11,0.0294,0.0261,-0.0033,
XGBoost,SES_group,AUC,tfidf_full - structured,12,-0.001,0.0033,0.0043,
XGBoost,SES_group,AUC,tfidf_full - structured,13,0.0184,0.0143,-0.0041,
XGBoost,SES_group,AUC,tfidf_full - structured,14,0.0,-0.0008,-0.0008,
XGBoost,SES_group,TPR,finbert_pca50 - structured,1,0.0211,,-0.0749,-0.0538
XGBoost,SES_group,TPR,finbert_pca50 - structured,2,-0.0019,,-0.0924,-0.0943
XGBoost,SES_group,TPR,finbert_pca50 - structured,3,0.0162,,-0.0986,-0.0824
XGBoost,SES_group,TPR,finbert_pca50 - structured,4,0.2581,,-0.0984,0.1597
XGBoost,SES_group,TPR,finbert_pca50 - structured,5,0.0165,,0.0625,0.079
XGBoost,SES_group,TPR,finbert_pca50 - structured,6,0.0048,,-0.021,-0.0162
XGBoost,SES_group,TPR,finbert_pca50 - structured,7,0.0941,,0.0465,0.1406
XGBoost,SES_group,TPR,finbert_pca50 - structured,8,0.0281,,0.0217,0.0498
XGBoost,SES_group,TPR,finbert_pca50 - structured,9,0.0148,,0.0449,0.0597
XGBoost,SES_group,TPR,finbert_pca50 - structured,10,0.0731,,-0.0087,0.0644
XGBoost,SES_group,TPR,finbert_pca50 - structured,11,0.1006,,-0.0333,0.0673
XGBoost,SES_group,TPR,finbert_pca50 - structured,12,0.0407,,0.0074,0.0481
XGBoost,SES_group,TPR,finbert_pca50 - structured,13,0.0393,,0.002,0.0413
XGBoost,SES_group,TPR,finbert_pca50 - structured,14,0.0704,,-0.0211,0.0493
XGBoost,SES_group,FPR,finbert_pca50 - structured,1,0.0229,,0.0621,0.085
XGBoost,SES_group,FPR,finbert_pca50 - structured,2,0.1126,,-0.0291,0.0835
XGBoost,SES_group,FPR,finbert_pca50 - structured,3,0.1014,,-0.0133,0.0881
XGBoost,SES_group,FPR,finbert_pca50 - structured,4,0.0056,,-0.0264,-0.0208
XGBoost,SES_group,FPR,finbert_pca50 - structured,5,0.0742,,0.0087,0.0829
XGBoost,SES_group,FPR,finbert_pca50 - structured,6,0.0607,,-0.0024,0.0583
XGBoost,SES_group,FPR,finbert_pca50 - structured,7,0.0436,,0.0036,0.0472
XGBoost,SES_group,FPR,finbert_pca50 - structured,8,0.0178,,0.011,0.0288
XGBoost,SES_group,FPR,finbert_pca50 - structured,9,0.0612,,0.0081,0.0693
XGBoost,SES_group,FPR,finbert_pca50 - structured,10,0.0576,,0.0071,0.0647
XGBoost,SES_group,FPR,finbert_pca50 - structured,11,0.0619,,-0.0121,0.0498
XGBoost,SES_group,FPR,finbert_pca50 - structured,12,0.0492,,0.0015,0.0507
XGBoost,SES_group,FPR,finbert_pca50 - structured,13,0.0442,,-0.0027,0.0415
XGBoost,SES_group,FPR,finbert_pca50 - structured,14,0.0509,,-0.0033,0.0476
XGBoost,SES_group,PPR,finbert_pca50 - structured,1,0.0267,,0.0396,0.0663
XGBoost,SES_group,PPR,finbert_pca50 - structured,2,0.1123,,-0.0359,0.0764
XGBoost,SES_group,PPR,finbert_pca50 - structured,3,0.1148,,-0.0244,0.0904
XGBoost,SES_group,PPR,finbert_pca50 - structured,4,0.0423,,-0.0365,0.0058
XGBoost,SES_group,PPR,finbert_pca50 - structured,5,0.0655,,0.0166,0.0821
XGBoost,SES_group,PPR,finbert_pca50 - structured,6,0.0565,,-0.0053,0.0512
XGBoost,SES_group,PPR,finbert_pca50 - structured,7,0.0595,,0.0095,0.069
XGBoost,SES_group,PPR,finbert_pca50 - structured,8,0.0235,,0.0126,0.0361
XGBoost,SES_group,PPR,finbert_pca50 - structured,9,0.0584,,0.0139,0.0723
XGBoost,SES_group,PPR,finbert_pca50 - structured,10,0.0648,,0.0048,0.0696
XGBoost,SES_group,PPR,finbert_pca50 - structured,11,0.072,,-0.0154,0.0566
XGBoost,SES_group,PPR,finbert_pca50 - structured,12,0.0553,,0.0022,0.0575
XGBoost,SES_group,PPR,finbert_pca50 - structured,13,0.0496,,-0.0023,0.0473
XGBoost,SES_group,PPR,finbert_pca50 - structured,14,0.0575,,-0.0061,0.0514
XGBoost,SES_group,AUC,finbert_pca50 - structured,1,-0.002,,-0.0466,-0.0486
XGBoost,SES_group,AUC,finbert_pca50 - structured,2,-0.116,,-0.0176,-0.1336
XGBoost,SES_group,AUC,finbert_pca50 - structured,3,-0.1065,,-0.0045,-0.111
XGBoost,SES_group,AUC,finbert_pca50 - structured,4,0.1392,,-0.0249,0.1143
XGBoost,SES_group,AUC,finbert_pca50 - structured,5,-0.0203,,0.011,-0.0093
XGBoost,SES_group,AUC,finbert_pca50 - structured,6,-0.0941,,0.0099,-0.0842
XGBoost,SES_group,AUC,finbert_pca50 - structured,7,0.0209,,0.0041,0.025
XGBoost,SES_group,AUC,finbert_pca50 - structured,8,0.0354,,0.0019,0.0373
XGBoost,SES_group,AUC,finbert_pca50 - structured,9,-0.0194,,0.0009,-0.0185
XGBoost,SES_group,AUC,finbert_pca50 - structured,10,0.0078,,-0.0056,0.0022
XGBoost,SES_group,AUC,finbert_pca50 - structured,11,0.0294,,-0.009,0.0204
XGBoost,SES_group,AUC,finbert_pca50 - structured,12,-0.001,,-0.0028,-0.0038
XGBoost,SES_group,AUC,finbert_pca50 - structured,13,0.0184,,-0.0046,0.0138
XGBoost,SES_group,AUC,finbert_pca50 - structured,14,0.0,,-0.0055,-0.0055
XGBoost,SES_group,TPR,finbert_pca50 - tfidf_full,1,,0.0628,-0.1166,-0.0538
XGBoost,SES_group,TPR,finbert_pca50 - tfidf_full,2,,0.0033,-0.0976,-0.0943
XGBoost,SES_group,TPR,finbert_pca50 - tfidf_full,3,,0.0189,-0.1013,-0.0824
XGBoost,SES_group,TPR,finbert_pca50 - tfidf_full,4,,0.2029,-0.0432,0.1597
XGBoost,SES_group,TPR,finbert_pca50 - tfidf_full,5,,0.0949,-0.0159,0.079
XGBoost,SES_group,TPR,finbert_pca50 - tfidf_full,6,,-0.0356,0.0194,-0.0162
XGBoost,SES_group,TPR,finbert_pca50 - tfidf_full,7,,0.0676,0.073,0.1406
XGBoost,SES_group,TPR,finbert_pca50 - tfidf_full,8,,0.0245,0.0253,0.0498
XGBoost,SES_group,TPR,finbert_pca50 - tfidf_full,9,,0.0432,0.0165,0.0597
XGBoost,SES_group,TPR,finbert_pca50 - tfidf_full,10,,0.0567,0.0077,0.0644
XGBoost,SES_group,TPR,finbert_pca50 - tfidf_full,11,,0.0719,-0.0046,0.0673
XGBoost,SES_group,TPR,finbert_pca50 - tfidf_full,12,,0.0284,0.0197,0.0481
XGBoost,SES_group,TPR,finbert_pca50 - tfidf_full,13,,0.0404,0.0009,0.0413
XGBoost,SES_group,TPR,finbert_pca50 - tfidf_full,14,,0.0507,-0.0014,0.0493
XGBoost,SES_group,FPR,finbert_pca50 - tfidf_full,1,,0.0933,-0.0083,0.085
XGBoost,SES_group,FPR,finbert_pca50 - tfidf_full,2,,0.0552,0.0283,0.0835
XGBoost,SES_group,FPR,finbert_pca50 - tfidf_full,3,,0.0593,0.0288,0.0881
XGBoost,SES_group,FPR,finbert_pca50 - tfidf_full,4,,-0.0188,-0.002,-0.0208
XGBoost,SES_group,FPR,finbert_pca50 - tfidf_full,5,,0.0556,0.0273,0.0829
XGBoost,SES_group,FPR,finbert_pca50 - tfidf_full,6,,0.0547,0.0036,0.0583
XGBoost,SES_group,FPR,finbert_pca50 - tfidf_full,7,,0.0152,0.032,0.0472
XGBoost,SES_group,FPR,finbert_pca50 - tfidf_full,8,,0.001,0.0278,0.0288
XGBoost,SES_group,FPR,finbert_pca50 - tfidf_full,9,,0.0784,-0.0091,0.0693
XGBoost,SES_group,FPR,finbert_pca50 - tfidf_full,10,,0.0593,0.0054,0.0647
XGBoost,SES_group,FPR,finbert_pca50 - tfidf_full,11,,0.067,-0.0172,0.0498
XGBoost,SES_group,FPR,finbert_pca50 - tfidf_full,12,,0.0384,0.0123,0.0507
XGBoost,SES_group,FPR,finbert_pca50 - tfidf_full,13,,0.0339,0.0076,0.0415
XGBoost,SES_group,FPR,finbert_pca50 - tfidf_full,14,,0.0614,-0.0138,0.0476
XGBoost,SES_group,PPR,finbert_pca50 - tfidf_full,1,,0.0921,-0.0258,0.0663
XGBoost,SES_group,PPR,finbert_pca50 - tfidf_full,2,,0.0653,0.0111,0.0764
XGBoost,SES_group,PPR,finbert_pca50 - tfidf_full,3,,0.0769,0.0135,0.0904
XGBoost,SES_group,PPR,finbert_pca50 - tfidf_full,4,,0.014,-0.0082,0.0058
XGBoost,SES_group,PPR,finbert_pca50 - tfidf_full,5,,0.0611,0.021,0.0821
XGBoost,SES_group,PPR,finbert_pca50 - tfidf_full,6,,0.0427,0.0085,0.0512
XGBoost,SES_group,PPR,finbert_pca50 - tfidf_full,7,,0.0313,0.0377,0.069
XGBoost,SES_group,PPR,finbert_pca50 - tfidf_full,8,,0.0088,0.0273,0.0361
XGBoost,SES_group,PPR,finbert_pca50 - tfidf_full,9,,0.0775,-0.0052,0.0723
XGBoost,SES_group,PPR,finbert_pca50 - tfidf_full,10,,0.064,0.0056,0.0696
XGBoost,SES_group,PPR,finbert_pca50 - tfidf_full,11,,0.072,-0.0154,0.0566
XGBoost,SES_group,PPR,finbert_pca50 - tfidf_full,12,,0.0444,0.0131,0.0575
XGBoost,SES_group,PPR,finbert_pca50 - tfidf_full,13,,0.041,0.0063,0.0473
XGBoost,SES_group,PPR,finbert_pca50 - tfidf_full,14,,0.0633,-0.0119,0.0514
XGBoost,SES_group,AUC,finbert_pca50 - tfidf_full,1,,0.0071,-0.0557,-0.0486
XGBoost,SES_group,AUC,finbert_pca50 - tfidf_full,2,,-0.1009,-0.0327,-0.1336
XGBoost,SES_group,AUC,finbert_pca50 - tfidf_full,3,,-0.1102,-0.0008,-0.111
XGBoost,SES_group,AUC,finbert_pca50 - tfidf_full,4,,0.1268,-0.0125,0.1143
XGBoost,SES_group,AUC,finbert_pca50 - tfidf_full,5,,-0.0025,-0.0068,-0.0093
XGBoost,SES_group,AUC,finbert_pca50 - tfidf_full,6,,-0.078,-0.0062,-0.0842
XGBoost,SES_group,AUC,finbert_pca50 - tfidf_full,7,,0.0118,0.0132,0.025
XGBoost,SES_group,AUC,finbert_pca50 - tfidf_full,8,,0.0134,0.0239,0.0373
XGBoost,SES_group,AUC,finbert_pca50 - tfidf_full,9,,-0.0149,-0.0036,-0.0185
XGBoost,SES_group,AUC,finbert_pca50 - tfidf_full,10,,0.0088,-0.0066,0.0022
XGBoost,SES_group,AUC,finbert_pca50 - tfidf_full,11,,0.0261,-0.0057,0.0204
XGBoost,SES_group,AUC,finbert_pca50 - tfidf_full,12,,0.0033,-0.0071,-0.0038
XGBoost,SES_group,AUC,finbert_pca50 - tfidf_full,13,,0.0143,-0.0005,0.0138
XGBoost,SES_group,AUC,finbert_pca50 - tfidf_full,14,,-0.0008,-0.0047,-0.0055
