model,grouping,metric,comparison,mean_gap_structured,mean_gap_tfidf_full,n_folds,mean_delta,sd_delta,ci_lo,ci_hi,cohens_dz,t_stat,p_ttest,w_stat,p_wilcoxon,mean_gap_finbert_pca50,q_ttest,q_wilcoxon,both_agree_sig,both_agree_sig_BH
Logistic,BlackConcentration,TPR,tfidf_full - structured,0.0159,0.024,14,0.0081,0.0267,-0.0073,0.0235,0.305,1.141,0.2744,25.0,0.2721,,0.6977,0.7798,False,False
Logistic,BlackConcentration,FPR,tfidf_full - structured,0.0081,0.0076,14,-0.0006,0.0068,-0.0045,0.0034,-0.0849,-0.3178,0.7557,46.0,0.7148,,0.793,0.7798,False,False
Logistic,BlackConcentration,PPR,tfidf_full - structured,0.0119,0.0126,14,0.0007,0.0077,-0.0038,0.0051,0.0887,0.332,0.7452,46.0,0.7148,,0.793,0.7798,False,False
Logistic,BlackConcentration,AUC,tfidf_full - structured,0.0143,0.0122,14,-0.0021,0.0057,-0.0054,0.0012,-0.3613,-1.3517,0.1995,34.0,0.2454,,0.6977,0.7798,False,False
Logistic,BlackConcentration,TPR,finbert_pca50 - structured,0.0159,,14,0.0021,0.0299,-0.0151,0.0194,0.0716,0.2679,0.793,45.0,0.9721,0.018,0.793,0.9721,False,False
Logistic,BlackConcentration,FPR,finbert_pca50 - structured,0.0081,,14,-0.0034,0.0117,-0.0102,0.0034,-0.2905,-1.0869,0.2968,39.0,0.4263,0.0047,0.6977,0.7798,False,False
Logistic,BlackConcentration,PPR,finbert_pca50 - structured,0.0119,,14,-0.0024,0.0094,-0.0078,0.003,-0.2565,-0.9596,0.3548,41.0,0.5016,0.0095,0.6977,0.7798,False,False
Logistic,BlackConcentration,AUC,finbert_pca50 - structured,0.0143,,14,0.0007,0.0091,-0.0046,0.006,0.075,0.2808,0.7833,44.0,0.6257,0.015,0.793,0.7798,False,False
Logistic,BlackConcentration,TPR,finbert_pca50 - tfidf_full,,0.024,14,-0.006,0.0365,-0.0271,0.0151,-0.1643,-0.6146,0.5494,38.0,0.6002,0.018,0.793,0.7798,False,False
Logistic,BlackConcentration,FPR,finbert_pca50 - tfidf_full,,0.0076,14,-0.0028,0.0123,-0.0099,0.0043,-0.229,-0.8569,0.407,37.0,0.3575,0.0047,0.6977,0.7798,False,False
Logistic,BlackConcentration,PPR,finbert_pca50 - tfidf_full,,0.0126,14,-0.0031,0.0109,-0.0094,0.0032,-0.283,-1.059,0.3089,39.0,0.4263,0.0095,0.6977,0.7798,False,False
Logistic,BlackConcentration,AUC,finbert_pca50 - tfidf_full,,0.0122,14,0.0028,0.0114,-0.0038,0.0093,0.2419,0.9053,0.3818,41.0,0.5016,0.015,0.6977,0.7798,False,False
Logistic,SES_group,TPR,tfidf_full - structured,0.0622,0.0579,14,-0.0043,0.0366,-0.0254,0.0169,-0.1161,-0.4345,0.671,47.0,0.7609,,0.7236,0.7609,False,False
Logistic,SES_group,FPR,tfidf_full - structured,0.0599,0.0584,14,-0.0015,0.0098,-0.0071,0.0042,-0.1507,-0.564,0.5824,47.0,0.7298,,0.7236,0.7609,False,False
Logistic,SES_group,PPR,tfidf_full - structured,0.067,0.0654,14,-0.0016,0.0122,-0.0086,0.0055,-0.1283,-0.48,0.6392,38.0,0.6002,,0.7236,0.7609,False,False
Logistic,SES_group,AUC,tfidf_full - structured,-0.006,-0.0047,14,0.0013,0.0064,-0.0024,0.005,0.2012,0.7527,0.4651,43.5,0.572,,0.7236,0.7609,False,False
Logistic,SES_group,TPR,finbert_pca50 - structured,0.0622,,14,-0.0075,0.0398,-0.0305,0.0155,-0.1881,-0.7036,0.4941,45.0,0.6698,0.0547,0.7236,0.7609,False,False
Logistic,SES_group,FPR,finbert_pca50 - structured,0.0599,,14,-0.0055,0.0146,-0.0139,0.0029,-0.377,-1.4105,0.1819,29.0,0.1531,0.0544,0.6125,0.4142,False,False
Logistic,SES_group,PPR,finbert_pca50 - structured,0.067,,14,-0.0056,0.0156,-0.0146,0.0033,-0.3627,-1.3571,0.1978,30.0,0.1726,0.0613,0.6125,0.4142,False,False
Logistic,SES_group,AUC,finbert_pca50 - structured,-0.006,,14,-0.0016,0.0076,-0.006,0.0028,-0.2122,-0.794,0.4415,40.0,0.4631,-0.0076,0.7236,0.7609,False,False
Logistic,SES_group,TPR,finbert_pca50 - tfidf_full,,0.0579,14,-0.0032,0.0335,-0.0226,0.0161,-0.0966,-0.3614,0.7236,30.0,0.1726,0.0547,0.7236,0.4142,False,False
Logistic,SES_group,FPR,finbert_pca50 - tfidf_full,,0.0584,14,-0.004,0.0122,-0.0111,0.003,-0.329,-1.2309,0.2402,43.0,0.5507,0.0544,0.6125,0.7609,False,False
Logistic,SES_group,PPR,finbert_pca50 - tfidf_full,,0.0654,14,-0.0041,0.008,-0.0087,0.0005,-0.5092,-1.9051,0.0791,28.0,0.1353,0.0613,0.6125,0.4142,False,False
Logistic,SES_group,AUC,finbert_pca50 - tfidf_full,,-0.0047,14,-0.0029,0.0091,-0.0081,0.0024,-0.3182,-1.1904,0.2552,29.0,0.1531,-0.0076,0.6125,0.4142,False,False
RandomForest,BlackConcentration,TPR,tfidf_full - structured,-0.0052,0.0273,14,0.0325,0.0671,-0.0062,0.0712,0.4844,1.8125,0.0931,27.0,0.1189,,0.1948,0.2854,False,False
RandomForest,BlackConcentration,FPR,tfidf_full - structured,-0.0028,0.01,14,0.0128,0.022,0.0001,0.0255,0.5811,2.1744,0.0487,23.0,0.0676,,0.1948,0.2028,False,False
RandomForest,BlackConcentration,PPR,tfidf_full - structured,-0.0008,0.0151,14,0.0158,0.0243,0.0018,0.0299,0.6519,2.4391,0.0298,17.0,0.0464,,0.1948,0.2028,True,False
RandomForest,BlackConcentration,AUC,tfidf_full - structured,-0.0009,0.0061,14,0.007,0.0184,-0.0036,0.0177,0.3808,1.4247,0.1778,32.0,0.2166,,0.2667,0.3249,False,False
RandomForest,BlackConcentration,TPR,finbert_pca50 - structured,-0.0052,,14,0.0115,0.0373,-0.01,0.0331,0.3092,1.157,0.2681,35.0,0.2958,0.0063,0.3575,0.3944,False,False
RandomForest,BlackConcentration,FPR,finbert_pca50 - structured,-0.0028,,14,0.0108,0.0239,-0.003,0.0247,0.4533,1.6961,0.1137,23.0,0.0676,0.008,0.1949,0.2028,False,False
RandomForest,BlackConcentration,PPR,finbert_pca50 - structured,-0.0008,,14,0.0105,0.0217,-0.0021,0.023,0.4826,1.8059,0.0941,22.0,0.058,0.0097,0.1948,0.2028,False,False
RandomForest,BlackConcentration,AUC,finbert_pca50 - structured,-0.0009,,14,0.0086,0.0141,0.0005,0.0168,0.6134,2.2953,0.039,31.0,0.1937,0.0078,0.1948,0.3249,False,False
RandomForest,BlackConcentration,TPR,finbert_pca50 - tfidf_full,,0.0273,14,-0.021,0.0439,-0.0463,0.0044,-0.4774,-1.7864,0.0974,29.0,0.1531,0.0063,0.1948,0.3062,False,False
RandomForest,BlackConcentration,FPR,finbert_pca50 - tfidf_full,,0.01,14,-0.0019,0.025,-0.0164,0.0125,-0.0775,-0.2899,0.7764,49.0,0.8552,0.008,0.7764,0.8552,False,False
RandomForest,BlackConcentration,PPR,finbert_pca50 - tfidf_full,,0.0151,14,-0.0054,0.02,-0.0169,0.0062,-0.2686,-1.0052,0.3332,39.0,0.4263,0.0097,0.3998,0.5116,False,False
RandomForest,BlackConcentration,AUC,finbert_pca50 - tfidf_full,,0.0061,14,0.0016,0.0149,-0.007,0.0102,0.1095,0.4098,0.6887,43.5,0.572,0.0078,0.7513,0.624,False,False
RandomForest,SES_group,TPR,tfidf_full - structured,0.0417,0.0264,14,-0.0153,0.0583,-0.049,0.0184,-0.2622,-0.9811,0.3444,32.0,0.3454,,0.6456,0.715,False,False
RandomForest,SES_group,FPR,tfidf_full - structured,0.0211,0.0236,14,0.0025,0.0263,-0.0127,0.0177,0.0943,0.3528,0.7299,48.0,0.8077,,0.8759,0.8077,False,False
RandomForest,SES_group,PPR,tfidf_full - structured,0.0293,0.0303,14,0.001,0.0198,-0.0104,0.0125,0.0526,0.1966,0.8471,45.0,0.6698,,0.9241,0.8038,False,False
RandomForest,SES_group,AUC,tfidf_full - structured,-0.0065,-0.0066,14,-0.0001,0.021,-0.0123,0.012,-0.0061,-0.0229,0.9821,43.0,0.583,,0.9821,0.7773,False,False
RandomForest,SES_group,TPR,finbert_pca50 - structured,0.0417,,14,-0.0086,0.0397,-0.0316,0.0143,-0.2175,-0.8139,0.4304,42.5,0.5301,0.033,0.6456,0.7773,False,False
RandomForest,SES_group,FPR,finbert_pca50 - structured,0.0211,,14,-0.0037,0.0145,-0.0121,0.0047,-0.2537,-0.9494,0.3597,37.0,0.3575,0.0175,0.6456,0.715,False,False
RandomForest,SES_group,PPR,finbert_pca50 - structured,0.0293,,14,-0.0055,0.0129,-0.0129,0.002,-0.424,-1.5865,0.1366,27.0,0.1189,0.0238,0.6456,0.715,False,False
RandomForest,SES_group,AUC,finbert_pca50 - structured,-0.0065,,14,-0.0041,0.0121,-0.0111,0.0029,-0.3393,-1.2697,0.2265,36.0,0.3258,-0.0106,0.6456,0.715,False,False
RandomForest,SES_group,TPR,finbert_pca50 - tfidf_full,,0.0264,14,0.0067,0.0522,-0.0235,0.0368,0.1276,0.4774,0.641,47.0,0.7609,0.033,0.8547,0.8077,False,False
RandomForest,SES_group,FPR,finbert_pca50 - tfidf_full,,0.0236,14,-0.0062,0.0277,-0.0222,0.0098,-0.2223,-0.8316,0.4206,34.0,0.2676,0.0175,0.6456,0.715,False,False
RandomForest,SES_group,PPR,finbert_pca50 - tfidf_full,,0.0303,14,-0.0065,0.0227,-0.0196,0.0066,-0.2871,-1.0742,0.3023,35.0,0.2958,0.0238,0.6456,0.715,False,False
RandomForest,SES_group,AUC,finbert_pca50 - tfidf_full,,-0.0066,14,-0.004,0.0157,-0.013,0.0051,-0.2527,-0.9457,0.3616,42.0,0.5416,-0.0106,0.6456,0.7773,False,False
XGBoost,BlackConcentration,TPR,tfidf_full - structured,-0.0005,0.0041,14,0.0047,0.0832,-0.0433,0.0527,0.0563,0.2105,0.8365,52.0,1.0,,0.9926,1.0,False,False
XGBoost,BlackConcentration,FPR,tfidf_full - structured,0.0007,-0.0117,14,-0.0124,0.0268,-0.0278,0.0031,-0.4616,-1.7271,0.1078,23.0,0.0676,,0.5192,0.3624,False,False
XGBoost,BlackConcentration,PPR,tfidf_full - structured,0.0032,-0.0065,14,-0.0096,0.032,-0.0281,0.0088,-0.3008,-1.1256,0.2807,25.0,0.0906,,0.8421,0.3624,False,False
XGBoost,BlackConcentration,AUC,tfidf_full - structured,0.0106,0.0123,14,0.0018,0.0316,-0.0165,0.02,0.0557,0.2086,0.838,41.0,0.5016,,0.9926,0.8686,False,False
XGBoost,BlackConcentration,TPR,finbert_pca50 - structured,-0.0005,,14,0.0082,0.0574,-0.025,0.0413,0.1425,0.5332,0.6029,35.0,0.2958,0.0076,0.9926,0.7099,False,False
XGBoost,BlackConcentration,FPR,finbert_pca50 - structured,0.0007,,14,-0.0019,0.0176,-0.0121,0.0083,-0.1085,-0.4059,0.6914,43.0,0.583,-0.0013,0.9926,0.8745,False,False
XGBoost,BlackConcentration,PPR,finbert_pca50 - structured,0.0032,,14,0.0001,0.0197,-0.0113,0.0114,0.0025,0.0095,0.9926,45.0,0.9721,0.0032,0.9926,1.0,False,False
XGBoost,BlackConcentration,AUC,finbert_pca50 - structured,0.0106,,14,0.0004,0.0168,-0.0093,0.0101,0.025,0.0936,0.9269,36.0,0.5067,0.011,0.9926,0.8686,False,False
XGBoost,BlackConcentration,TPR,finbert_pca50 - tfidf_full,,0.0041,14,0.0035,0.0679,-0.0357,0.0427,0.0516,0.193,0.85,49.0,0.8552,0.0076,0.9926,1.0,False,False
XGBoost,BlackConcentration,FPR,finbert_pca50 - tfidf_full,,-0.0117,14,0.0104,0.0206,-0.0014,0.0223,0.5077,1.8997,0.0799,31.0,0.1937,-0.0013,0.5192,0.5811,False,False
XGBoost,BlackConcentration,PPR,finbert_pca50 - tfidf_full,,-0.0065,14,0.0097,0.0224,-0.0032,0.0226,0.4323,1.6175,0.1298,25.0,0.0906,0.0032,0.5192,0.3624,False,False
XGBoost,BlackConcentration,AUC,finbert_pca50 - tfidf_full,,0.0123,14,-0.0013,0.0238,-0.0151,0.0124,-0.0564,-0.2111,0.8361,47.0,0.7609,0.011,0.9926,1.0,False,False
XGBoost,SES_group,TPR,tfidf_full - structured,0.0554,0.0522,14,-0.0032,0.0346,-0.0232,0.0168,-0.0934,-0.3494,0.7324,42.0,0.5416,,0.8437,0.8124,False,False
XGBoost,SES_group,FPR,tfidf_full - structured,0.0546,0.0467,14,-0.0079,0.0302,-0.0253,0.0096,-0.2596,-0.9714,0.3491,30.0,0.1726,,0.5237,0.4142,False,False
XGBoost,SES_group,PPR,tfidf_full - structured,0.0613,0.0539,14,-0.0074,0.0274,-0.0233,0.0084,-0.2719,-1.0174,0.3275,24.0,0.133,,0.5237,0.4142,False,False
XGBoost,SES_group,AUC,tfidf_full - structured,-0.0077,-0.0068,14,0.0009,0.0114,-0.0057,0.0075,0.0786,0.294,0.7734,45.0,0.6698,,0.8437,0.8578,False,False
XGBoost,SES_group,TPR,finbert_pca50 - structured,0.0554,,14,-0.0188,0.055,-0.0506,0.0129,-0.3423,-1.2806,0.2227,36.0,0.3258,0.0366,0.5237,0.5585,False,False
XGBoost,SES_group,FPR,finbert_pca50 - structured,0.0546,,14,0.0009,0.0216,-0.0116,0.0134,0.0423,0.1584,0.8766,50.0,0.9032,0.0555,0.8766,0.9032,False,False
XGBoost,SES_group,PPR,finbert_pca50 - structured,0.0613,,14,-0.0019,0.0211,-0.0141,0.0103,-0.0904,-0.3382,0.7406,49.0,0.8552,0.0594,0.8437,0.9032,False,False
XGBoost,SES_group,AUC,finbert_pca50 - structured,-0.0077,,14,-0.0067,0.015,-0.0153,0.002,-0.4453,-1.6662,0.1196,28.0,0.1353,-0.0144,0.5237,0.4142,False,False
XGBoost,SES_group,TPR,finbert_pca50 - tfidf_full,,0.0522,14,-0.0156,0.0549,-0.0473,0.0161,-0.2837,-1.0616,0.3077,46.0,0.7148,0.0366,0.5237,0.8578,False,False
XGBoost,SES_group,FPR,finbert_pca50 - tfidf_full,,0.0467,14,0.0088,0.0175,-0.0014,0.0189,0.5003,1.8718,0.0839,29.0,0.1531,0.0555,0.5237,0.4142,False,False
XGBoost,SES_group,PPR,finbert_pca50 - tfidf_full,,0.0539,14,0.0055,0.0174,-0.0045,0.0156,0.3185,1.1918,0.2546,34.0,0.2676,0.0594,0.5237,0.5352,False,False
XGBoost,SES_group,AUC,finbert_pca50 - tfidf_full,,-0.0068,14,-0.0076,0.0186,-0.0183,0.0032,-0.4052,-1.5163,0.1534,23.0,0.0676,-0.0144,0.5237,0.4142,False,False
