representation,model,grouping,fold,group_level,n,n_defaults,intercept,slope,ECE
structured,Logistic,SES_group,1,Low,515,76,-1.7535,0.6191,0.3106
structured,Logistic,SES_group,1,High,214,35,-1.6896,0.6372,0.3146
structured,Logistic,BlackConcentration,1,Low,180,33,-1.5007,0.4268,0.2952
structured,Logistic,BlackConcentration,1,High,460,68,-1.8115,0.7816,0.3154
structured,Logistic,SES_group,2,Low,561,52,-2.1498,0.7656,0.3068
structured,Logistic,SES_group,2,High,263,41,-1.6259,0.4671,0.2802
structured,Logistic,SES_group,3,Low,606,64,-2.2057,1.0116,0.3304
structured,Logistic,SES_group,3,High,292,58,-1.5063,0.7682,0.2952
structured,Logistic,SES_group,4,Low,814,110,-1.8221,0.6684,0.3081
structured,Logistic,SES_group,4,High,397,56,-2.0468,1.2212,0.3234
structured,Logistic,BlackConcentration,4,Low,249,39,-1.6877,0.458,0.3169
structured,Logistic,BlackConcentration,4,High,841,127,-1.8109,0.8375,0.3111
structured,Logistic,SES_group,5,Low,910,134,-1.6862,1.031,0.285
structured,Logistic,SES_group,5,High,430,63,-1.8869,0.8073,0.3359
structured,Logistic,BlackConcentration,5,Low,293,42,-1.8306,1.1882,0.2991
structured,Logistic,BlackConcentration,5,High,909,133,-1.821,1.1471,0.2992
structured,Logistic,SES_group,6,Low,959,174,-1.6994,0.9974,0.3186
structured,Logistic,SES_group,6,High,507,104,-1.4824,0.5168,0.3283
structured,Logistic,BlackConcentration,6,Low,349,60,-1.7261,0.8134,0.3393
structured,Logistic,BlackConcentration,6,High,1002,192,-1.6428,0.8618,0.3206
structured,Logistic,SES_group,7,Low,1211,171,-1.752,0.8606,0.2994
structured,Logistic,SES_group,7,High,676,112,-1.7182,1.0619,0.3081
structured,Logistic,BlackConcentration,7,Low,428,64,-1.7858,0.9076,0.3169
structured,Logistic,BlackConcentration,7,High,1276,191,-1.7498,0.8677,0.3103
structured,Logistic,SES_group,8,Low,1715,306,-1.6689,0.7108,0.3272
structured,Logistic,SES_group,8,High,838,160,-1.7511,0.9637,0.3334
structured,Logistic,BlackConcentration,8,Low,555,105,-1.5973,0.7344,0.3137
structured,Logistic,BlackConcentration,8,High,1783,346,-1.6437,0.7847,0.3298
structured,Logistic,SES_group,9,Low,2595,373,-1.7815,0.8387,0.3024
structured,Logistic,SES_group,9,High,1429,226,-1.7711,0.7301,0.328
structured,Logistic,BlackConcentration,9,Low,1020,143,-1.855,0.7579,0.3229
structured,Logistic,BlackConcentration,9,High,2715,412,-1.7719,0.7531,0.3158
structured,Logistic,SES_group,10,Low,2711,372,-1.7699,0.8942,0.2991
structured,Logistic,SES_group,10,High,1356,209,-1.7563,0.8981,0.3151
structured,Logistic,BlackConcentration,10,Low,1012,139,-1.8091,0.7234,0.3148
structured,Logistic,BlackConcentration,10,High,2694,445,-1.636,0.9243,0.2937
structured,Logistic,SES_group,11,Low,3647,513,-1.7794,0.8323,0.3071
structured,Logistic,SES_group,11,High,1900,295,-1.8296,0.9909,0.328
structured,Logistic,BlackConcentration,11,Low,1378,170,-1.9815,0.8068,0.3355
structured,Logistic,BlackConcentration,11,High,3563,528,-1.7836,0.7752,0.321
structured,Logistic,SES_group,12,Low,4705,689,-1.7826,0.911,0.3138
structured,Logistic,SES_group,12,High,2608,445,-1.7097,1.01,0.3173
structured,Logistic,BlackConcentration,12,Low,1792,264,-1.7901,0.9818,0.3156
structured,Logistic,BlackConcentration,12,High,4898,809,-1.7206,0.9597,0.3162
structured,Logistic,SES_group,13,Low,5686,837,-1.7505,0.8347,0.312
structured,Logistic,SES_group,13,High,3003,506,-1.7599,1.0203,0.3248
structured,Logistic,BlackConcentration,13,Low,2170,307,-1.8097,0.8798,0.3201
structured,Logistic,BlackConcentration,13,High,5628,929,-1.7276,0.9593,0.3172
structured,Logistic,SES_group,14,Low,6707,984,-1.7139,0.9216,0.298
structured,Logistic,SES_group,14,High,3399,539,-1.7384,0.9777,0.3135
structured,Logistic,BlackConcentration,14,Low,2684,400,-1.6748,0.8532,0.2942
structured,Logistic,BlackConcentration,14,High,6570,1054,-1.681,0.9268,0.3032
structured,XGBoost,SES_group,1,Low,515,76,-1.493,0.5393,0.2211
structured,XGBoost,SES_group,1,High,214,35,-1.456,0.6108,0.2497
structured,XGBoost,BlackConcentration,1,Low,180,33,-1.2977,0.5538,0.2155
structured,XGBoost,BlackConcentration,1,High,460,68,-1.4937,0.6799,0.231
structured,XGBoost,SES_group,2,Low,561,52,-1.8749,0.796,0.2422
structured,XGBoost,SES_group,2,High,263,41,-1.4764,0.3587,0.2247
structured,XGBoost,SES_group,3,Low,606,64,-1.9184,1.1513,0.2724
structured,XGBoost,SES_group,3,High,292,58,-1.2929,0.5437,0.2464
structured,XGBoost,SES_group,4,Low,814,110,-1.6667,0.573,0.2626
structured,XGBoost,SES_group,4,High,397,56,-1.7022,1.1347,0.2721
structured,XGBoost,BlackConcentration,4,Low,249,39,-1.566,0.5327,0.2693
structured,XGBoost,BlackConcentration,4,High,841,127,-1.5558,0.6965,0.257
structured,XGBoost,SES_group,5,Low,910,134,-1.5208,0.9757,0.248
structured,XGBoost,SES_group,5,High,430,63,-1.7443,0.8952,0.2978
structured,XGBoost,BlackConcentration,5,Low,293,42,-1.6096,1.1252,0.2594
structured,XGBoost,BlackConcentration,5,High,909,133,-1.5982,1.1658,0.2591
structured,XGBoost,SES_group,6,Low,959,174,-1.5798,1.0722,0.2869
structured,XGBoost,SES_group,6,High,507,104,-1.4053,0.5829,0.2918
structured,XGBoost,BlackConcentration,6,Low,349,60,-1.6437,0.9471,0.3069
structured,XGBoost,BlackConcentration,6,High,1002,192,-1.5118,0.8931,0.2853
structured,XGBoost,SES_group,7,Low,1211,171,-1.6536,0.8562,0.2775
structured,XGBoost,SES_group,7,High,676,112,-1.5803,1.0293,0.2833
structured,XGBoost,BlackConcentration,7,Low,428,64,-1.6997,0.8535,0.3007
structured,XGBoost,BlackConcentration,7,High,1276,191,-1.6348,0.9295,0.2835
structured,XGBoost,SES_group,8,Low,1715,306,-1.5592,0.7796,0.294
structured,XGBoost,SES_group,8,High,838,160,-1.5841,1.0569,0.2952
structured,XGBoost,BlackConcentration,8,Low,555,105,-1.5299,0.8608,0.2907
structured,XGBoost,BlackConcentration,8,High,1783,346,-1.5104,0.8528,0.2929
structured,XGBoost,SES_group,9,Low,2595,373,-1.6011,0.9198,0.2655
structured,XGBoost,SES_group,9,High,1429,226,-1.5936,0.8631,0.2815
structured,XGBoost,BlackConcentration,9,Low,1020,143,-1.6735,0.8632,0.2798
structured,XGBoost,BlackConcentration,9,High,2715,412,-1.5939,0.9163,0.2733
structured,XGBoost,SES_group,10,Low,2711,372,-1.6353,0.8911,0.2673
structured,XGBoost,SES_group,10,High,1356,209,-1.6403,0.8991,0.2866
structured,XGBoost,BlackConcentration,10,Low,1012,139,-1.7236,0.7799,0.2913
structured,XGBoost,BlackConcentration,10,High,2694,445,-1.5072,0.9086,0.2639
structured,XGBoost,SES_group,11,Low,3647,513,-1.7086,0.906,0.2904
structured,XGBoost,SES_group,11,High,1900,295,-1.7641,1.1902,0.3105
structured,XGBoost,BlackConcentration,11,Low,1378,170,-1.9388,0.9413,0.3233
structured,XGBoost,BlackConcentration,11,High,3563,528,-1.709,0.9136,0.3019
structured,XGBoost,SES_group,12,Low,4705,689,-1.7647,0.9847,0.3092
structured,XGBoost,SES_group,12,High,2608,445,-1.6655,1.0267,0.3078
structured,XGBoost,BlackConcentration,12,Low,1792,264,-1.7846,1.0659,0.3132
structured,XGBoost,BlackConcentration,12,High,4898,809,-1.6839,1.0127,0.3082
structured,XGBoost,SES_group,13,Low,5686,837,-1.732,0.8874,0.307
structured,XGBoost,SES_group,13,High,3003,506,-1.7081,1.0461,0.3147
structured,XGBoost,BlackConcentration,13,Low,2170,307,-1.7984,0.906,0.3178
structured,XGBoost,BlackConcentration,13,High,5628,929,-1.6873,1.0146,0.3078
structured,XGBoost,SES_group,14,Low,6707,984,-1.6824,1.01,0.2903
structured,XGBoost,SES_group,14,High,3399,539,-1.6923,1.0409,0.3031
structured,XGBoost,BlackConcentration,14,Low,2684,400,-1.6576,0.9351,0.2905
structured,XGBoost,BlackConcentration,14,High,6570,1054,-1.64,1.0107,0.2931
structured_has_desc,Logistic,SES_group,1,Low,515,76,-1.7491,0.6139,0.3091
structured_has_desc,Logistic,SES_group,1,High,214,35,-1.6817,0.6204,0.313
structured_has_desc,Logistic,BlackConcentration,1,Low,180,33,-1.4974,0.4223,0.2974
structured_has_desc,Logistic,BlackConcentration,1,High,460,68,-1.8067,0.7726,0.3144
structured_has_desc,Logistic,SES_group,2,Low,561,52,-2.1453,0.7616,0.3058
structured_has_desc,Logistic,SES_group,2,High,263,41,-1.6237,0.4671,0.2791
structured_has_desc,Logistic,SES_group,3,Low,606,64,-2.2058,1.0119,0.3304
structured_has_desc,Logistic,SES_group,3,High,292,58,-1.5063,0.7684,0.2952
structured_has_desc,Logistic,SES_group,4,Low,814,110,-1.8214,0.6658,0.3079
structured_has_desc,Logistic,SES_group,4,High,397,56,-2.0446,1.2168,0.3233
structured_has_desc,Logistic,BlackConcentration,4,Low,249,39,-1.6864,0.4557,0.3165
structured_has_desc,Logistic,BlackConcentration,4,High,841,127,-1.8102,0.8367,0.3109
structured_has_desc,Logistic,SES_group,5,Low,910,134,-1.6861,1.0311,0.2849
structured_has_desc,Logistic,SES_group,5,High,430,63,-1.8882,0.8089,0.3361
structured_has_desc,Logistic,BlackConcentration,5,Low,293,42,-1.8301,1.1861,0.299
structured_has_desc,Logistic,BlackConcentration,5,High,909,133,-1.8209,1.1472,0.2992
structured_has_desc,Logistic,SES_group,6,Low,959,174,-1.6996,0.9969,0.3187
structured_has_desc,Logistic,SES_group,6,High,507,104,-1.483,0.5181,0.3284
structured_has_desc,Logistic,BlackConcentration,6,Low,349,60,-1.7266,0.8132,0.3394
structured_has_desc,Logistic,BlackConcentration,6,High,1002,192,-1.643,0.8622,0.3206
structured_has_desc,Logistic,SES_group,7,Low,1211,171,-1.7524,0.8606,0.2995
structured_has_desc,Logistic,SES_group,7,High,676,112,-1.7184,1.0609,0.3082
structured_has_desc,Logistic,BlackConcentration,7,Low,428,64,-1.7861,0.9075,0.3169
structured_has_desc,Logistic,BlackConcentration,7,High,1276,191,-1.7502,0.8681,0.3104
structured_has_desc,Logistic,SES_group,8,Low,1715,306,-1.6658,0.7114,0.3261
structured_has_desc,Logistic,SES_group,8,High,838,160,-1.7454,0.9628,0.3323
structured_has_desc,Logistic,BlackConcentration,8,Low,555,105,-1.5942,0.7351,0.3128
structured_has_desc,Logistic,BlackConcentration,8,High,1783,346,-1.6416,0.7874,0.3289
structured_has_desc,Logistic,SES_group,9,Low,2595,373,-1.7817,0.8362,0.3024
structured_has_desc,Logistic,SES_group,9,High,1429,226,-1.771,0.7227,0.3285
structured_has_desc,Logistic,BlackConcentration,9,Low,1020,143,-1.8556,0.7542,0.3232
structured_has_desc,Logistic,BlackConcentration,9,High,2715,412,-1.7724,0.7505,0.3159
structured_has_desc,Logistic,SES_group,10,Low,2711,372,-1.7715,0.8946,0.2995
structured_has_desc,Logistic,SES_group,10,High,1356,209,-1.7577,0.8967,0.3155
structured_has_desc,Logistic,BlackConcentration,10,Low,1012,139,-1.8094,0.7193,0.315
structured_has_desc,Logistic,BlackConcentration,10,High,2694,445,-1.6381,0.926,0.2941
structured_has_desc,Logistic,SES_group,11,Low,3647,513,-1.7833,0.8302,0.3081
structured_has_desc,Logistic,SES_group,11,High,1900,295,-1.8362,0.9954,0.3291
structured_has_desc,Logistic,BlackConcentration,11,Low,1378,170,-1.9859,0.8068,0.3367
structured_has_desc,Logistic,BlackConcentration,11,High,3563,528,-1.7876,0.7765,0.322
structured_has_desc,Logistic,SES_group,12,Low,4705,689,-1.7864,0.9107,0.3147
structured_has_desc,Logistic,SES_group,12,High,2608,445,-1.714,1.0107,0.3183
structured_has_desc,Logistic,BlackConcentration,12,Low,1792,264,-1.7947,0.9821,0.3166
structured_has_desc,Logistic,BlackConcentration,12,High,4898,809,-1.7244,0.9597,0.3171
structured_has_desc,Logistic,SES_group,13,Low,5686,837,-1.7519,0.8353,0.3123
structured_has_desc,Logistic,SES_group,13,High,3003,506,-1.7619,1.021,0.3252
structured_has_desc,Logistic,BlackConcentration,13,Low,2170,307,-1.8111,0.8802,0.3204
structured_has_desc,Logistic,BlackConcentration,13,High,5628,929,-1.7292,0.9588,0.3176
structured_has_desc,Logistic,SES_group,14,Low,6707,984,-1.7139,0.9216,0.298
structured_has_desc,Logistic,SES_group,14,High,3399,539,-1.7385,0.9778,0.3135
structured_has_desc,Logistic,BlackConcentration,14,Low,2684,400,-1.6748,0.8532,0.2942
structured_has_desc,Logistic,BlackConcentration,14,High,6570,1054,-1.6811,0.9268,0.3032
structured_has_desc,XGBoost,SES_group,1,Low,515,76,-1.4907,0.5126,0.2175
structured_has_desc,XGBoost,SES_group,1,High,214,35,-1.4421,0.6487,0.2551
structured_has_desc,XGBoost,BlackConcentration,1,Low,180,33,-1.2962,0.4959,0.2099
structured_has_desc,XGBoost,BlackConcentration,1,High,460,68,-1.4839,0.6768,0.2282
structured_has_desc,XGBoost,SES_group,2,Low,561,52,-1.8641,0.8096,0.2398
structured_has_desc,XGBoost,SES_group,2,High,263,41,-1.486,0.3311,0.2251
structured_has_desc,XGBoost,SES_group,3,Low,606,64,-1.9222,1.2158,0.2724
structured_has_desc,XGBoost,SES_group,3,High,292,58,-1.29,0.5584,0.2444
structured_has_desc,XGBoost,SES_group,4,Low,814,110,-1.6678,0.5718,0.2633
structured_has_desc,XGBoost,SES_group,4,High,397,56,-1.7004,1.1557,0.2723
structured_has_desc,XGBoost,BlackConcentration,4,Low,249,39,-1.57,0.522,0.2709
structured_has_desc,XGBoost,BlackConcentration,4,High,841,127,-1.5566,0.721,0.2579
structured_has_desc,XGBoost,SES_group,5,Low,910,134,-1.5239,1.0001,0.2492
structured_has_desc,XGBoost,SES_group,5,High,430,63,-1.7284,0.8417,0.297
structured_has_desc,XGBoost,BlackConcentration,5,Low,293,42,-1.6176,1.1076,0.2605
structured_has_desc,XGBoost,BlackConcentration,5,High,909,133,-1.5963,1.1743,0.2591
structured_has_desc,XGBoost,SES_group,6,Low,959,174,-1.5873,1.1067,0.2873
structured_has_desc,XGBoost,SES_group,6,High,507,104,-1.4023,0.5758,0.2914
structured_has_desc,XGBoost,BlackConcentration,6,Low,349,60,-1.6473,0.92,0.3095
structured_has_desc,XGBoost,BlackConcentration,6,High,1002,192,-1.5135,0.9017,0.2855
structured_has_desc,XGBoost,SES_group,7,Low,1211,171,-1.6538,0.8523,0.2769
structured_has_desc,XGBoost,SES_group,7,High,676,112,-1.5735,1.0128,0.2817
structured_has_desc,XGBoost,BlackConcentration,7,Low,428,64,-1.7049,0.8794,0.3009
structured_has_desc,XGBoost,BlackConcentration,7,High,1276,191,-1.6324,0.8901,0.2825
structured_has_desc,XGBoost,SES_group,8,Low,1715,306,-1.556,0.7899,0.293
structured_has_desc,XGBoost,SES_group,8,High,838,160,-1.5694,1.0327,0.2939
structured_has_desc,XGBoost,BlackConcentration,8,Low,555,105,-1.5194,0.848,0.2893
structured_has_desc,XGBoost,BlackConcentration,8,High,1783,346,-1.5005,0.8584,0.2903
structured_has_desc,XGBoost,SES_group,9,Low,2595,373,-1.5702,0.8887,0.2582
structured_has_desc,XGBoost,SES_group,9,High,1429,226,-1.5596,0.8344,0.2737
structured_has_desc,XGBoost,BlackConcentration,9,Low,1020,143,-1.6418,0.8707,0.2722
structured_has_desc,XGBoost,BlackConcentration,9,High,2715,412,-1.5604,0.8853,0.2657
structured_has_desc,XGBoost,SES_group,10,Low,2711,372,-1.6326,0.8951,0.2675
structured_has_desc,XGBoost,SES_group,10,High,1356,209,-1.6328,0.8803,0.2862
structured_has_desc,XGBoost,BlackConcentration,10,Low,1012,139,-1.723,0.7944,0.2916
structured_has_desc,XGBoost,BlackConcentration,10,High,2694,445,-1.5047,0.9052,0.2642
structured_has_desc,XGBoost,SES_group,11,Low,3647,513,-1.7105,0.895,0.2909
structured_has_desc,XGBoost,SES_group,11,High,1900,295,-1.7642,1.1891,0.3105
structured_has_desc,XGBoost,BlackConcentration,11,Low,1378,170,-1.9352,0.9098,0.3236
structured_has_desc,XGBoost,BlackConcentration,11,High,3563,528,-1.7096,0.9123,0.3019
structured_has_desc,XGBoost,SES_group,12,Low,4705,689,-1.7653,0.9874,0.3092
structured_has_desc,XGBoost,SES_group,12,High,2608,445,-1.6659,1.037,0.3073
structured_has_desc,XGBoost,BlackConcentration,12,Low,1792,264,-1.7859,1.0664,0.3134
structured_has_desc,XGBoost,BlackConcentration,12,High,4898,809,-1.6849,1.019,0.308
structured_has_desc,XGBoost,SES_group,13,Low,5686,837,-1.7309,0.8766,0.3071
structured_has_desc,XGBoost,SES_group,13,High,3003,506,-1.7068,1.0388,0.3147
structured_has_desc,XGBoost,BlackConcentration,13,Low,2170,307,-1.7995,0.9092,0.3179
structured_has_desc,XGBoost,BlackConcentration,13,High,5628,929,-1.6878,1.0063,0.3082
structured_has_desc,XGBoost,SES_group,14,Low,6707,984,-1.6831,1.0109,0.2905
structured_has_desc,XGBoost,SES_group,14,High,3399,539,-1.6938,1.0488,0.3031
structured_has_desc,XGBoost,BlackConcentration,14,Low,2684,400,-1.6582,0.9394,0.2907
structured_has_desc,XGBoost,BlackConcentration,14,High,6570,1054,-1.6413,1.0156,0.2932
lexicon,Logistic,SES_group,1,Low,515,76,-1.7638,0.6266,0.3118
lexicon,Logistic,SES_group,1,High,214,35,-1.6865,0.629,0.3137
lexicon,Logistic,BlackConcentration,1,Low,180,33,-1.5078,0.4135,0.3
lexicon,Logistic,BlackConcentration,1,High,460,68,-1.8118,0.7709,0.3152
lexicon,Logistic,SES_group,2,Low,561,52,-2.148,0.7869,0.3046
lexicon,Logistic,SES_group,2,High,263,41,-1.632,0.4657,0.2819
lexicon,Logistic,SES_group,3,Low,606,64,-2.2006,0.9986,0.3295
lexicon,Logistic,SES_group,3,High,292,58,-1.4911,0.7357,0.2928
lexicon,Logistic,SES_group,4,Low,814,110,-1.8234,0.6708,0.3084
lexicon,Logistic,SES_group,4,High,397,56,-2.0421,1.2256,0.3221
lexicon,Logistic,BlackConcentration,4,Low,249,39,-1.6945,0.4671,0.3198
lexicon,Logistic,BlackConcentration,4,High,841,127,-1.811,0.8324,0.3108
lexicon,Logistic,SES_group,5,Low,910,134,-1.6906,1.0289,0.2854
lexicon,Logistic,SES_group,5,High,430,63,-1.886,0.8041,0.336
lexicon,Logistic,BlackConcentration,5,Low,293,42,-1.8331,1.1513,0.3003
lexicon,Logistic,BlackConcentration,5,High,909,133,-1.8204,1.154,0.2983
lexicon,Logistic,SES_group,6,Low,959,174,-1.7131,1.0113,0.3204
lexicon,Logistic,SES_group,6,High,507,104,-1.4956,0.542,0.3299
lexicon,Logistic,BlackConcentration,6,Low,349,60,-1.742,0.8317,0.3419
lexicon,Logistic,BlackConcentration,6,High,1002,192,-1.6506,0.8734,0.3211
lexicon,Logistic,SES_group,7,Low,1211,171,-1.7593,0.8523,0.3014
lexicon,Logistic,SES_group,7,High,676,112,-1.7255,1.066,0.3096
lexicon,Logistic,BlackConcentration,7,Low,428,64,-1.797,0.9146,0.3189
lexicon,Logistic,BlackConcentration,7,High,1276,191,-1.7569,0.8619,0.3122
lexicon,Logistic,SES_group,8,Low,1715,306,-1.6647,0.7102,0.3255
lexicon,Logistic,SES_group,8,High,838,160,-1.7493,0.9713,0.3317
lexicon,Logistic,BlackConcentration,8,Low,555,105,-1.591,0.7273,0.3124
lexicon,Logistic,BlackConcentration,8,High,1783,346,-1.64,0.7837,0.3285
lexicon,Logistic,SES_group,9,Low,2595,373,-1.7849,0.8327,0.3031
lexicon,Logistic,SES_group,9,High,1429,226,-1.7787,0.7302,0.3297
lexicon,Logistic,BlackConcentration,9,Low,1020,143,-1.8617,0.7497,0.3246
lexicon,Logistic,BlackConcentration,9,High,2715,412,-1.7778,0.7545,0.3167
lexicon,Logistic,SES_group,10,Low,2711,372,-1.7702,0.9018,0.2989
lexicon,Logistic,SES_group,10,High,1356,209,-1.7566,0.8863,0.3154
lexicon,Logistic,BlackConcentration,10,Low,1012,139,-1.8124,0.7342,0.315
lexicon,Logistic,BlackConcentration,10,High,2694,445,-1.6389,0.9231,0.2942
lexicon,Logistic,SES_group,11,Low,3647,513,-1.7839,0.8328,0.308
lexicon,Logistic,SES_group,11,High,1900,295,-1.8388,1.0035,0.3289
lexicon,Logistic,BlackConcentration,11,Low,1378,170,-1.9864,0.8082,0.3367
lexicon,Logistic,BlackConcentration,11,High,3563,528,-1.7883,0.785,0.3215
lexicon,Logistic,SES_group,12,Low,4705,689,-1.7888,0.913,0.315
lexicon,Logistic,SES_group,12,High,2608,445,-1.716,1.0161,0.3179
lexicon,Logistic,BlackConcentration,12,Low,1792,264,-1.7977,0.9847,0.317
lexicon,Logistic,BlackConcentration,12,High,4898,809,-1.7265,0.9647,0.317
lexicon,Logistic,SES_group,13,Low,5686,837,-1.7534,0.8325,0.3127
lexicon,Logistic,SES_group,13,High,3003,506,-1.7638,1.0206,0.3256
lexicon,Logistic,BlackConcentration,13,Low,2170,307,-1.8141,0.8821,0.3211
lexicon,Logistic,BlackConcentration,13,High,5628,929,-1.7305,0.9576,0.3179
lexicon,Logistic,SES_group,14,Low,6707,984,-1.7155,0.9163,0.2983
lexicon,Logistic,SES_group,14,High,3399,539,-1.7414,0.9809,0.3138
lexicon,Logistic,BlackConcentration,14,Low,2684,400,-1.6766,0.8494,0.2946
lexicon,Logistic,BlackConcentration,14,High,6570,1054,-1.6831,0.9244,0.3036
lexicon,XGBoost,SES_group,1,Low,515,76,-1.4844,0.5337,0.2177
lexicon,XGBoost,SES_group,1,High,214,35,-1.4684,0.6115,0.2514
lexicon,XGBoost,BlackConcentration,1,Low,180,33,-1.3282,0.4581,0.2197
lexicon,XGBoost,BlackConcentration,1,High,460,68,-1.4938,0.6851,0.2314
lexicon,XGBoost,SES_group,2,Low,561,52,-1.8657,0.7889,0.2397
lexicon,XGBoost,SES_group,2,High,263,41,-1.4841,0.3332,0.2219
lexicon,XGBoost,SES_group,3,Low,606,64,-1.9046,1.1647,0.2713
lexicon,XGBoost,SES_group,3,High,292,58,-1.2883,0.5721,0.2354
lexicon,XGBoost,SES_group,4,Low,814,110,-1.671,0.5509,0.2635
lexicon,XGBoost,SES_group,4,High,397,56,-1.7008,1.2115,0.2704
lexicon,XGBoost,BlackConcentration,4,Low,249,39,-1.5731,0.505,0.2787
lexicon,XGBoost,BlackConcentration,4,High,841,127,-1.5568,0.714,0.2576
lexicon,XGBoost,SES_group,5,Low,910,134,-1.5297,1.0036,0.2496
lexicon,XGBoost,SES_group,5,High,430,63,-1.7322,0.8908,0.296
lexicon,XGBoost,BlackConcentration,5,Low,293,42,-1.5992,1.0189,0.2588
lexicon,XGBoost,BlackConcentration,5,High,909,133,-1.5996,1.1703,0.2594
lexicon,XGBoost,SES_group,6,Low,959,174,-1.5896,1.0642,0.2893
lexicon,XGBoost,SES_group,6,High,507,104,-1.4134,0.5944,0.2945
lexicon,XGBoost,BlackConcentration,6,Low,349,60,-1.6608,0.9126,0.3134
lexicon,XGBoost,BlackConcentration,6,High,1002,192,-1.5082,0.8632,0.2864
lexicon,XGBoost,SES_group,7,Low,1211,171,-1.6739,0.8628,0.2812
lexicon,XGBoost,SES_group,7,High,676,112,-1.5894,1.0372,0.2855
lexicon,XGBoost,BlackConcentration,7,Low,428,64,-1.7218,0.9298,0.303
lexicon,XGBoost,BlackConcentration,7,High,1276,191,-1.6459,0.9059,0.2858
lexicon,XGBoost,SES_group,8,Low,1715,306,-1.5557,0.8178,0.2913
lexicon,XGBoost,SES_group,8,High,838,160,-1.5738,1.0548,0.2928
lexicon,XGBoost,BlackConcentration,8,Low,555,105,-1.5202,0.8519,0.289
lexicon,XGBoost,BlackConcentration,8,High,1783,346,-1.4962,0.8603,0.2888
lexicon,XGBoost,SES_group,9,Low,2595,373,-1.6061,0.9183,0.2679
lexicon,XGBoost,SES_group,9,High,1429,226,-1.5988,0.86,0.2842
lexicon,XGBoost,BlackConcentration,9,Low,1020,143,-1.6836,0.9135,0.2834
lexicon,XGBoost,BlackConcentration,9,High,2715,412,-1.5915,0.8993,0.2739
lexicon,XGBoost,SES_group,10,Low,2711,372,-1.6441,0.9079,0.2701
lexicon,XGBoost,SES_group,10,High,1356,209,-1.6439,0.8945,0.2887
lexicon,XGBoost,BlackConcentration,10,Low,1012,139,-1.7327,0.8309,0.2934
lexicon,XGBoost,BlackConcentration,10,High,2694,445,-1.5172,0.909,0.2671
lexicon,XGBoost,SES_group,11,Low,3647,513,-1.7147,0.8892,0.2922
lexicon,XGBoost,SES_group,11,High,1900,295,-1.7684,1.1949,0.3114
lexicon,XGBoost,BlackConcentration,11,Low,1378,170,-1.9392,0.9241,0.3248
lexicon,XGBoost,BlackConcentration,11,High,3563,528,-1.7147,0.9173,0.3032
lexicon,XGBoost,SES_group,12,Low,4705,689,-1.7695,0.9976,0.3104
lexicon,XGBoost,SES_group,12,High,2608,445,-1.6648,1.0329,0.3081
lexicon,XGBoost,BlackConcentration,12,Low,1792,264,-1.787,1.0544,0.3149
lexicon,XGBoost,BlackConcentration,12,High,4898,809,-1.6893,1.0377,0.3087
lexicon,XGBoost,SES_group,13,Low,5686,837,-1.7347,0.8865,0.3081
lexicon,XGBoost,SES_group,13,High,3003,506,-1.7211,1.0736,0.3166
lexicon,XGBoost,BlackConcentration,13,Low,2170,307,-1.8006,0.9046,0.319
lexicon,XGBoost,BlackConcentration,13,High,5628,929,-1.6974,1.0321,0.3097
lexicon,XGBoost,SES_group,14,Low,6707,984,-1.6837,1.0013,0.2907
lexicon,XGBoost,SES_group,14,High,3399,539,-1.6958,1.0567,0.3033
lexicon,XGBoost,BlackConcentration,14,Low,2684,400,-1.6598,0.928,0.2911
lexicon,XGBoost,BlackConcentration,14,High,6570,1054,-1.6425,1.0198,0.2933
tfidf_full,Logistic,SES_group,1,Low,515,76,-1.6716,0.5728,0.2831
tfidf_full,Logistic,SES_group,1,High,214,35,-1.6237,0.5736,0.2957
tfidf_full,Logistic,BlackConcentration,1,Low,180,33,-1.4539,0.3906,0.271
tfidf_full,Logistic,BlackConcentration,1,High,460,68,-1.7213,0.7578,0.2925
tfidf_full,Logistic,SES_group,2,Low,561,52,-2.0955,0.7866,0.2915
tfidf_full,Logistic,SES_group,2,High,263,41,-1.5925,0.5289,0.2633
tfidf_full,Logistic,SES_group,3,Low,606,64,-2.144,0.9878,0.3148
tfidf_full,Logistic,SES_group,3,High,292,58,-1.4583,0.7206,0.2812
tfidf_full,Logistic,SES_group,4,Low,814,110,-1.7877,0.6987,0.2955
tfidf_full,Logistic,SES_group,4,High,397,56,-1.9918,1.2765,0.3073
tfidf_full,Logistic,BlackConcentration,4,Low,249,39,-1.673,0.5065,0.3072
tfidf_full,Logistic,BlackConcentration,4,High,841,127,-1.7675,0.859,0.297
tfidf_full,Logistic,SES_group,5,Low,910,134,-1.6515,1.0159,0.2762
tfidf_full,Logistic,SES_group,5,High,430,63,-1.8574,0.8044,0.3266
tfidf_full,Logistic,BlackConcentration,5,Low,293,42,-1.8018,1.1442,0.2925
tfidf_full,Logistic,BlackConcentration,5,High,909,133,-1.7743,1.1155,0.2897
tfidf_full,Logistic,SES_group,6,Low,959,174,-1.6934,1.0412,0.3127
tfidf_full,Logistic,SES_group,6,High,507,104,-1.4758,0.5243,0.3236
tfidf_full,Logistic,BlackConcentration,6,Low,349,60,-1.7308,0.9033,0.3323
tfidf_full,Logistic,BlackConcentration,6,High,1002,192,-1.6347,0.8743,0.3161
tfidf_full,Logistic,SES_group,7,Low,1211,171,-1.7461,0.8417,0.2975
tfidf_full,Logistic,SES_group,7,High,676,112,-1.7167,1.0929,0.3046
tfidf_full,Logistic,BlackConcentration,7,Low,428,64,-1.7808,0.9352,0.3138
tfidf_full,Logistic,BlackConcentration,7,High,1276,191,-1.7492,0.8854,0.3074
tfidf_full,Logistic,SES_group,8,Low,1715,306,-1.6634,0.7175,0.3237
tfidf_full,Logistic,SES_group,8,High,838,160,-1.742,0.9781,0.3278
tfidf_full,Logistic,BlackConcentration,8,Low,555,105,-1.5988,0.7782,0.3082
tfidf_full,Logistic,BlackConcentration,8,High,1783,346,-1.6325,0.7807,0.3257
tfidf_full,Logistic,SES_group,9,Low,2595,373,-1.763,0.8198,0.2958
tfidf_full,Logistic,SES_group,9,High,1429,226,-1.7641,0.7199,0.324
tfidf_full,Logistic,BlackConcentration,9,Low,1020,143,-1.8521,0.7747,0.3174
tfidf_full,Logistic,BlackConcentration,9,High,2715,412,-1.7601,0.7321,0.3108
tfidf_full,Logistic,SES_group,10,Low,2711,372,-1.7633,0.8977,0.2963
tfidf_full,Logistic,SES_group,10,High,1356,209,-1.7503,0.9187,0.3114
tfidf_full,Logistic,BlackConcentration,10,Low,1012,139,-1.8024,0.7399,0.3111
tfidf_full,Logistic,BlackConcentration,10,High,2694,445,-1.6343,0.9332,0.2919
tfidf_full,Logistic,SES_group,11,Low,3647,513,-1.7717,0.8319,0.3036
tfidf_full,Logistic,SES_group,11,High,1900,295,-1.8327,1.0161,0.3256
tfidf_full,Logistic,BlackConcentration,11,Low,1378,170,-1.9707,0.7789,0.3326
tfidf_full,Logistic,BlackConcentration,11,High,3563,528,-1.7826,0.7877,0.3187
tfidf_full,Logistic,SES_group,12,Low,4705,689,-1.7836,0.9061,0.3128
tfidf_full,Logistic,SES_group,12,High,2608,445,-1.7091,1.0054,0.3161
tfidf_full,Logistic,BlackConcentration,12,Low,1792,264,-1.7846,0.9642,0.3135
tfidf_full,Logistic,BlackConcentration,12,High,4898,809,-1.7246,0.9659,0.3155
tfidf_full,Logistic,SES_group,13,Low,5686,837,-1.7496,0.8274,0.3103
tfidf_full,Logistic,SES_group,13,High,3003,506,-1.7562,0.9967,0.3236
tfidf_full,Logistic,BlackConcentration,13,Low,2170,307,-1.8079,0.8585,0.3183
tfidf_full,Logistic,BlackConcentration,13,High,5628,929,-1.7255,0.9393,0.3161
tfidf_full,Logistic,SES_group,14,Low,6707,984,-1.6985,0.9118,0.2924
tfidf_full,Logistic,SES_group,14,High,3399,539,-1.7298,0.9731,0.3097
tfidf_full,Logistic,BlackConcentration,14,Low,2684,400,-1.6675,0.8543,0.2904
tfidf_full,Logistic,BlackConcentration,14,High,6570,1054,-1.665,0.9121,0.2981
tfidf_full,XGBoost,SES_group,1,Low,515,76,-1.5247,0.5609,0.2356
tfidf_full,XGBoost,SES_group,1,High,214,35,-1.5128,0.6378,0.2708
tfidf_full,XGBoost,BlackConcentration,1,Low,180,33,-1.3821,0.294,0.2238
tfidf_full,XGBoost,BlackConcentration,1,High,460,68,-1.5236,0.8579,0.2487
tfidf_full,XGBoost,SES_group,2,Low,561,52,-1.9031,1.1049,0.2631
tfidf_full,XGBoost,SES_group,2,High,263,41,-1.453,0.4929,0.2287
tfidf_full,XGBoost,SES_group,3,Low,606,64,-1.9913,1.332,0.2944
tfidf_full,XGBoost,SES_group,3,High,292,58,-1.3004,0.548,0.24
tfidf_full,XGBoost,SES_group,4,Low,814,110,-1.7112,0.8533,0.2833
tfidf_full,XGBoost,SES_group,4,High,397,56,-1.8959,1.7701,0.2842
tfidf_full,XGBoost,BlackConcentration,4,Low,249,39,-1.6089,0.6898,0.2882
tfidf_full,XGBoost,BlackConcentration,4,High,841,127,-1.6338,1.0419,0.2765
tfidf_full,XGBoost,SES_group,5,Low,910,134,-1.5614,1.0151,0.2619
tfidf_full,XGBoost,SES_group,5,High,430,63,-1.7293,1.0467,0.2966
tfidf_full,XGBoost,BlackConcentration,5,Low,293,42,-1.6195,1.0126,0.268
tfidf_full,XGBoost,BlackConcentration,5,High,909,133,-1.6064,1.2297,0.266
tfidf_full,XGBoost,SES_group,6,Low,959,174,-1.6205,1.098,0.3023
tfidf_full,XGBoost,SES_group,6,High,507,104,-1.4133,0.5907,0.2994
tfidf_full,XGBoost,BlackConcentration,6,Low,349,60,-1.734,1.2064,0.3205
tfidf_full,XGBoost,BlackConcentration,6,High,1002,192,-1.5233,0.9432,0.2938
tfidf_full,XGBoost,SES_group,7,Low,1211,171,-1.6914,0.9126,0.2913
tfidf_full,XGBoost,SES_group,7,High,676,112,-1.5676,1.1004,0.287
tfidf_full,XGBoost,BlackConcentration,7,Low,428,64,-1.7111,0.9914,0.3052
tfidf_full,XGBoost,BlackConcentration,7,High,1276,191,-1.6438,0.9748,0.2905
tfidf_full,XGBoost,SES_group,8,Low,1715,306,-1.6135,0.8861,0.31
tfidf_full,XGBoost,SES_group,8,High,838,160,-1.6079,1.0957,0.3054
tfidf_full,XGBoost,BlackConcentration,8,Low,555,105,-1.5586,0.9031,0.3027
tfidf_full,XGBoost,BlackConcentration,8,High,1783,346,-1.5475,0.9211,0.3048
tfidf_full,XGBoost,SES_group,9,Low,2595,373,-1.852,1.1973,0.3212
tfidf_full,XGBoost,SES_group,9,High,1429,226,-1.8249,1.1421,0.3311
tfidf_full,XGBoost,BlackConcentration,9,Low,1020,143,-1.9779,1.2562,0.3408
tfidf_full,XGBoost,BlackConcentration,9,High,2715,412,-1.8012,1.1132,0.3219
tfidf_full,XGBoost,SES_group,10,Low,2711,372,-1.7018,0.9797,0.2893
tfidf_full,XGBoost,SES_group,10,High,1356,209,-1.6839,0.9989,0.3017
tfidf_full,XGBoost,BlackConcentration,10,Low,1012,139,-1.7953,0.8813,0.3139
tfidf_full,XGBoost,BlackConcentration,10,High,2694,445,-1.5629,0.9935,0.2823
tfidf_full,XGBoost,SES_group,11,Low,3647,513,-1.7465,0.9335,0.3032
tfidf_full,XGBoost,SES_group,11,High,1900,295,-1.8109,1.2694,0.3207
tfidf_full,XGBoost,BlackConcentration,11,Low,1378,170,-1.9625,0.8799,0.3368
tfidf_full,XGBoost,BlackConcentration,11,High,3563,528,-1.749,0.9537,0.3141
tfidf_full,XGBoost,SES_group,12,Low,4705,689,-1.8136,1.0866,0.3214
tfidf_full,XGBoost,SES_group,12,High,2608,445,-1.7102,1.1321,0.3169
tfidf_full,XGBoost,BlackConcentration,12,Low,1792,264,-1.8435,1.1233,0.3281
tfidf_full,XGBoost,BlackConcentration,12,High,4898,809,-1.7285,1.1031,0.3182
tfidf_full,XGBoost,SES_group,13,Low,5686,837,-1.7526,0.9315,0.3141
tfidf_full,XGBoost,SES_group,13,High,3003,506,-1.7243,1.1,0.3195
tfidf_full,XGBoost,BlackConcentration,13,Low,2170,307,-1.8331,0.9403,0.3288
tfidf_full,XGBoost,BlackConcentration,13,High,5628,929,-1.7108,1.08,0.3135
tfidf_full,XGBoost,SES_group,14,Low,6707,984,-1.7021,1.0405,0.2963
tfidf_full,XGBoost,SES_group,14,High,3399,539,-1.704,1.0726,0.3072
tfidf_full,XGBoost,BlackConcentration,14,Low,2684,400,-1.6892,0.964,0.2997
tfidf_full,XGBoost,BlackConcentration,14,High,6570,1054,-1.6507,1.0469,0.2968
tfidf_chi2,Logistic,SES_group,1,Low,515,76,-1.7357,0.6131,0.3055
tfidf_chi2,Logistic,SES_group,1,High,214,35,-1.6607,0.5865,0.3098
tfidf_chi2,Logistic,BlackConcentration,1,Low,180,33,-1.499,0.4232,0.2927
tfidf_chi2,Logistic,BlackConcentration,1,High,460,68,-1.7785,0.7741,0.3088
tfidf_chi2,Logistic,SES_group,2,Low,561,52,-2.1373,0.7866,0.3047
tfidf_chi2,Logistic,SES_group,2,High,263,41,-1.6227,0.5098,0.2784
tfidf_chi2,Logistic,SES_group,3,Low,606,64,-2.2079,1.0455,0.3274
tfidf_chi2,Logistic,SES_group,3,High,292,58,-1.5081,0.7914,0.2923
tfidf_chi2,Logistic,SES_group,4,Low,814,110,-1.8171,0.6815,0.3054
tfidf_chi2,Logistic,SES_group,4,High,397,56,-2.026,1.2353,0.3183
tfidf_chi2,Logistic,BlackConcentration,4,Low,249,39,-1.6849,0.4765,0.3143
tfidf_chi2,Logistic,BlackConcentration,4,High,841,127,-1.7987,0.8372,0.3078
tfidf_chi2,Logistic,SES_group,5,Low,910,134,-1.6929,1.0313,0.286
tfidf_chi2,Logistic,SES_group,5,High,430,63,-1.8993,0.8335,0.3364
tfidf_chi2,Logistic,BlackConcentration,5,Low,293,42,-1.8442,1.1996,0.3004
tfidf_chi2,Logistic,BlackConcentration,5,High,909,133,-1.8273,1.1523,0.2995
tfidf_chi2,Logistic,SES_group,6,Low,959,174,-1.7109,1.0157,0.3202
tfidf_chi2,Logistic,SES_group,6,High,507,104,-1.4787,0.497,0.3296
tfidf_chi2,Logistic,BlackConcentration,6,Low,349,60,-1.729,0.8158,0.3401
tfidf_chi2,Logistic,BlackConcentration,6,High,1002,192,-1.6506,0.868,0.3222
tfidf_chi2,Logistic,SES_group,7,Low,1211,171,-1.7591,0.8563,0.3007
tfidf_chi2,Logistic,SES_group,7,High,676,112,-1.731,1.0732,0.309
tfidf_chi2,Logistic,BlackConcentration,7,Low,428,64,-1.8005,0.9333,0.3187
tfidf_chi2,Logistic,BlackConcentration,7,High,1276,191,-1.7597,0.8819,0.3111
tfidf_chi2,Logistic,SES_group,8,Low,1715,306,-1.6669,0.7082,0.3266
tfidf_chi2,Logistic,SES_group,8,High,838,160,-1.7438,0.9662,0.3309
tfidf_chi2,Logistic,BlackConcentration,8,Low,555,105,-1.5967,0.7572,0.3106
tfidf_chi2,Logistic,BlackConcentration,8,High,1783,346,-1.6422,0.7826,0.3291
tfidf_chi2,Logistic,SES_group,9,Low,2595,373,-1.7729,0.8125,0.2991
tfidf_chi2,Logistic,SES_group,9,High,1429,226,-1.7714,0.7116,0.3276
tfidf_chi2,Logistic,BlackConcentration,9,Low,1020,143,-1.8539,0.7441,0.3212
tfidf_chi2,Logistic,BlackConcentration,9,High,2715,412,-1.7664,0.7224,0.3138
tfidf_chi2,Logistic,SES_group,10,Low,2711,372,-1.7728,0.8817,0.2992
tfidf_chi2,Logistic,SES_group,10,High,1356,209,-1.7603,0.894,0.3153
tfidf_chi2,Logistic,BlackConcentration,10,Low,1012,139,-1.8101,0.716,0.3145
tfidf_chi2,Logistic,BlackConcentration,10,High,2694,445,-1.6425,0.91,0.2948
tfidf_chi2,Logistic,SES_group,11,Low,3647,513,-1.7847,0.8224,0.3077
tfidf_chi2,Logistic,SES_group,11,High,1900,295,-1.8385,0.9942,0.3288
tfidf_chi2,Logistic,BlackConcentration,11,Low,1378,170,-1.9885,0.8003,0.3366
tfidf_chi2,Logistic,BlackConcentration,11,High,3563,528,-1.789,0.7723,0.3218
tfidf_chi2,Logistic,SES_group,12,Low,4705,689,-1.7906,0.9076,0.3148
tfidf_chi2,Logistic,SES_group,12,High,2608,445,-1.718,1.0032,0.3188
tfidf_chi2,Logistic,BlackConcentration,12,Low,1792,264,-1.7961,0.979,0.3158
tfidf_chi2,Logistic,BlackConcentration,12,High,4898,809,-1.7291,0.9565,0.3177
tfidf_chi2,Logistic,SES_group,13,Low,5686,837,-1.7553,0.8232,0.3124
tfidf_chi2,Logistic,SES_group,13,High,3003,506,-1.7675,1.0059,0.3261
tfidf_chi2,Logistic,BlackConcentration,13,Low,2170,307,-1.8155,0.8549,0.3209
tfidf_chi2,Logistic,BlackConcentration,13,High,5628,929,-1.7323,0.9435,0.318
tfidf_chi2,Logistic,SES_group,14,Low,6707,984,-1.7165,0.9102,0.2975
tfidf_chi2,Logistic,SES_group,14,High,3399,539,-1.7447,0.9705,0.3139
tfidf_chi2,Logistic,BlackConcentration,14,Low,2684,400,-1.6798,0.8461,0.2944
tfidf_chi2,Logistic,BlackConcentration,14,High,6570,1054,-1.6842,0.9159,0.3032
tfidf_chi2,XGBoost,SES_group,1,Low,515,76,-1.5745,0.5523,0.251
tfidf_chi2,XGBoost,SES_group,1,High,214,35,-1.5399,0.4152,0.277
tfidf_chi2,XGBoost,BlackConcentration,1,Low,180,33,-1.3661,0.3863,0.2276
tfidf_chi2,XGBoost,BlackConcentration,1,High,460,68,-1.5865,0.663,0.2595
tfidf_chi2,XGBoost,SES_group,2,Low,561,52,-1.9139,0.9199,0.2579
tfidf_chi2,XGBoost,SES_group,2,High,263,41,-1.4892,0.4224,0.2396
tfidf_chi2,XGBoost,SES_group,3,Low,606,64,-2.0432,1.3271,0.2934
tfidf_chi2,XGBoost,SES_group,3,High,292,58,-1.3267,0.6186,0.25
tfidf_chi2,XGBoost,SES_group,4,Low,814,110,-1.7074,0.767,0.2793
tfidf_chi2,XGBoost,SES_group,4,High,397,56,-1.8557,1.5735,0.2836
tfidf_chi2,XGBoost,BlackConcentration,4,Low,249,39,-1.5972,0.6111,0.2824
tfidf_chi2,XGBoost,BlackConcentration,4,High,841,127,-1.6275,0.9107,0.2761
tfidf_chi2,XGBoost,SES_group,5,Low,910,134,-1.5774,0.9963,0.2628
tfidf_chi2,XGBoost,SES_group,5,High,430,63,-1.7663,0.968,0.3032
tfidf_chi2,XGBoost,BlackConcentration,5,Low,293,42,-1.6521,1.1703,0.2682
tfidf_chi2,XGBoost,BlackConcentration,5,High,909,133,-1.6402,1.2193,0.2685
tfidf_chi2,XGBoost,SES_group,6,Low,959,174,-1.6354,1.0793,0.3032
tfidf_chi2,XGBoost,SES_group,6,High,507,104,-1.4424,0.6556,0.3027
tfidf_chi2,XGBoost,BlackConcentration,6,Low,349,60,-1.6955,0.9372,0.3233
tfidf_chi2,XGBoost,BlackConcentration,6,High,1002,192,-1.567,1.0073,0.296
tfidf_chi2,XGBoost,SES_group,7,Low,1211,171,-1.6936,0.8789,0.2884
tfidf_chi2,XGBoost,SES_group,7,High,676,112,-1.583,0.9861,0.2883
tfidf_chi2,XGBoost,BlackConcentration,7,Low,428,64,-1.7424,0.9726,0.3095
tfidf_chi2,XGBoost,BlackConcentration,7,High,1276,191,-1.6503,0.943,0.289
tfidf_chi2,XGBoost,SES_group,8,Low,1715,306,-1.6073,0.8433,0.307
tfidf_chi2,XGBoost,SES_group,8,High,838,160,-1.6134,1.1036,0.3015
tfidf_chi2,XGBoost,BlackConcentration,8,Low,555,105,-1.5741,0.8655,0.3042
tfidf_chi2,XGBoost,BlackConcentration,8,High,1783,346,-1.5498,0.9208,0.3018
tfidf_chi2,XGBoost,SES_group,9,Low,2595,373,-1.7441,1.1291,0.2994
tfidf_chi2,XGBoost,SES_group,9,High,1429,226,-1.7544,1.0776,0.3165
tfidf_chi2,XGBoost,BlackConcentration,9,Low,1020,143,-1.8454,1.1038,0.32
tfidf_chi2,XGBoost,BlackConcentration,9,High,2715,412,-1.7323,1.0625,0.3055
tfidf_chi2,XGBoost,SES_group,10,Low,2711,372,-1.674,0.9281,0.2793
tfidf_chi2,XGBoost,SES_group,10,High,1356,209,-1.6546,0.9362,0.2933
tfidf_chi2,XGBoost,BlackConcentration,10,Low,1012,139,-1.7595,0.8128,0.3032
tfidf_chi2,XGBoost,BlackConcentration,10,High,2694,445,-1.5357,0.9486,0.2731
tfidf_chi2,XGBoost,SES_group,11,Low,3647,513,-1.7362,0.9118,0.2987
tfidf_chi2,XGBoost,SES_group,11,High,1900,295,-1.7927,1.2304,0.3162
tfidf_chi2,XGBoost,BlackConcentration,11,Low,1378,170,-1.9683,0.9491,0.3325
tfidf_chi2,XGBoost,BlackConcentration,11,High,3563,528,-1.7364,0.9382,0.3095
tfidf_chi2,XGBoost,SES_group,12,Low,4705,689,-1.8029,1.0533,0.3179
tfidf_chi2,XGBoost,SES_group,12,High,2608,445,-1.691,1.0664,0.3142
tfidf_chi2,XGBoost,BlackConcentration,12,Low,1792,264,-1.8246,1.0992,0.323
tfidf_chi2,XGBoost,BlackConcentration,12,High,4898,809,-1.7143,1.0497,0.3158
tfidf_chi2,XGBoost,SES_group,13,Low,5686,837,-1.7477,0.9267,0.3117
tfidf_chi2,XGBoost,SES_group,13,High,3003,506,-1.7169,1.0622,0.3184
tfidf_chi2,XGBoost,BlackConcentration,13,Low,2170,307,-1.8253,0.9297,0.326
tfidf_chi2,XGBoost,BlackConcentration,13,High,5628,929,-1.7044,1.056,0.3117
tfidf_chi2,XGBoost,SES_group,14,Low,6707,984,-1.7011,1.0315,0.2952
tfidf_chi2,XGBoost,SES_group,14,High,3399,539,-1.7093,1.0601,0.3073
tfidf_chi2,XGBoost,BlackConcentration,14,Low,2684,400,-1.6818,0.9526,0.2973
tfidf_chi2,XGBoost,BlackConcentration,14,High,6570,1054,-1.6561,1.0371,0.297
finbert_768,Logistic,SES_group,1,Low,515,76,-1.6518,0.1301,0.2708
finbert_768,Logistic,SES_group,1,High,214,35,-1.5726,0.0896,0.2886
finbert_768,Logistic,BlackConcentration,1,Low,180,33,-1.455,0.0448,0.2947
finbert_768,Logistic,BlackConcentration,1,High,460,68,-1.6561,0.1538,0.2703
finbert_768,Logistic,SES_group,2,Low,561,52,-2.1095,0.2868,0.2713
finbert_768,Logistic,SES_group,2,High,263,41,-1.6062,0.2025,0.2724
finbert_768,Logistic,SES_group,3,Low,606,64,-2.0845,0.5285,0.2949
finbert_768,Logistic,SES_group,3,High,292,58,-1.3958,0.3876,0.2724
finbert_768,Logistic,SES_group,4,Low,814,110,-1.7749,0.2717,0.2928
finbert_768,Logistic,SES_group,4,High,397,56,-1.8012,0.4908,0.2955
finbert_768,Logistic,BlackConcentration,4,Low,249,39,-1.6171,0.2569,0.2846
finbert_768,Logistic,BlackConcentration,4,High,841,127,-1.69,0.3408,0.2971
finbert_768,Logistic,SES_group,5,Low,910,134,-1.6711,0.7067,0.2676
finbert_768,Logistic,SES_group,5,High,430,63,-1.8245,0.5482,0.3194
finbert_768,Logistic,BlackConcentration,5,Low,293,42,-1.7228,0.6673,0.2789
finbert_768,Logistic,BlackConcentration,5,High,909,133,-1.8215,0.9061,0.287
finbert_768,Logistic,SES_group,6,Low,959,174,-1.6136,0.6646,0.3031
finbert_768,Logistic,SES_group,6,High,507,104,-1.4585,0.4731,0.3082
finbert_768,Logistic,BlackConcentration,6,Low,349,60,-1.6588,0.5541,0.328
finbert_768,Logistic,BlackConcentration,6,High,1002,192,-1.5647,0.6765,0.2993
finbert_768,Logistic,SES_group,7,Low,1211,171,-1.7027,0.6137,0.2791
finbert_768,Logistic,SES_group,7,High,676,112,-1.6372,0.8128,0.2863
finbert_768,Logistic,BlackConcentration,7,Low,428,64,-1.7205,0.7761,0.2956
finbert_768,Logistic,BlackConcentration,7,High,1276,191,-1.6935,0.6283,0.2894
finbert_768,Logistic,SES_group,8,Low,1715,306,-1.5951,0.5234,0.3121
finbert_768,Logistic,SES_group,8,High,838,160,-1.6608,0.7094,0.3239
finbert_768,Logistic,BlackConcentration,8,Low,555,105,-1.5623,0.6409,0.3003
finbert_768,Logistic,BlackConcentration,8,High,1783,346,-1.5641,0.5734,0.3192
finbert_768,Logistic,SES_group,9,Low,2595,373,-1.7808,0.7271,0.2976
finbert_768,Logistic,SES_group,9,High,1429,226,-1.7591,0.6148,0.327
finbert_768,Logistic,BlackConcentration,9,Low,1020,143,-1.8542,0.6425,0.3197
finbert_768,Logistic,BlackConcentration,9,High,2715,412,-1.749,0.6053,0.3106
finbert_768,Logistic,SES_group,10,Low,2711,372,-1.7607,0.8107,0.2925
finbert_768,Logistic,SES_group,10,High,1356,209,-1.746,0.8084,0.3104
finbert_768,Logistic,BlackConcentration,10,Low,1012,139,-1.8079,0.6931,0.309
finbert_768,Logistic,BlackConcentration,10,High,2694,445,-1.6145,0.8007,0.2869
finbert_768,Logistic,SES_group,11,Low,3647,513,-1.7701,0.7741,0.3018
finbert_768,Logistic,SES_group,11,High,1900,295,-1.8254,0.9716,0.323
finbert_768,Logistic,BlackConcentration,11,Low,1378,170,-1.9709,0.7646,0.3306
finbert_768,Logistic,BlackConcentration,11,High,3563,528,-1.7744,0.7413,0.3157
finbert_768,Logistic,SES_group,12,Low,4705,689,-1.7801,0.8797,0.3116
finbert_768,Logistic,SES_group,12,High,2608,445,-1.6972,0.9651,0.3145
finbert_768,Logistic,BlackConcentration,12,Low,1792,264,-1.7693,0.9347,0.3113
finbert_768,Logistic,BlackConcentration,12,High,4898,809,-1.7159,0.9173,0.3146
finbert_768,Logistic,SES_group,13,Low,5686,837,-1.7441,0.7919,0.3098
finbert_768,Logistic,SES_group,13,High,3003,506,-1.7512,0.9748,0.3249
finbert_768,Logistic,BlackConcentration,13,Low,2170,307,-1.8103,0.8655,0.3189
finbert_768,Logistic,BlackConcentration,13,High,5628,929,-1.7253,0.9416,0.316
finbert_768,Logistic,SES_group,14,Low,6707,984,-1.7191,0.9107,0.2973
finbert_768,Logistic,SES_group,14,High,3399,539,-1.7365,0.9313,0.3132
finbert_768,Logistic,BlackConcentration,14,Low,2684,400,-1.6717,0.8243,0.2925
finbert_768,Logistic,BlackConcentration,14,High,6570,1054,-1.6824,0.8945,0.3027
finbert_768,XGBoost,SES_group,1,Low,515,76,-1.4493,0.3746,0.186
finbert_768,XGBoost,SES_group,1,High,214,35,-1.4034,0.3513,0.2023
finbert_768,XGBoost,BlackConcentration,1,Low,180,33,-1.1995,0.4091,0.1649
finbert_768,XGBoost,BlackConcentration,1,High,460,68,-1.4733,0.3866,0.1885
finbert_768,XGBoost,SES_group,2,Low,561,52,-1.7577,0.6861,0.2055
finbert_768,XGBoost,SES_group,2,High,263,41,-1.4197,0.2963,0.1775
finbert_768,XGBoost,SES_group,3,Low,606,64,-1.7042,1.0948,0.2411
finbert_768,XGBoost,SES_group,3,High,292,58,-1.1613,0.5534,0.1877
finbert_768,XGBoost,SES_group,4,Low,814,110,-1.637,0.4681,0.2416
finbert_768,XGBoost,SES_group,4,High,397,56,-1.4841,1.0421,0.232
finbert_768,XGBoost,BlackConcentration,4,Low,249,39,-1.4532,0.5454,0.2347
finbert_768,XGBoost,BlackConcentration,4,High,841,127,-1.457,0.6558,0.2268
finbert_768,XGBoost,SES_group,5,Low,910,134,-1.434,1.0061,0.2308
finbert_768,XGBoost,SES_group,5,High,430,63,-1.6309,0.9748,0.2723
finbert_768,XGBoost,BlackConcentration,5,Low,293,42,-1.4688,1.0471,0.2325
finbert_768,XGBoost,BlackConcentration,5,High,909,133,-1.4612,1.1923,0.2374
finbert_768,XGBoost,SES_group,6,Low,959,174,-1.4953,1.0828,0.2726
finbert_768,XGBoost,SES_group,6,High,507,104,-1.3591,0.5827,0.2755
finbert_768,XGBoost,BlackConcentration,6,Low,349,60,-1.5617,0.9221,0.292
finbert_768,XGBoost,BlackConcentration,6,High,1002,192,-1.4191,0.906,0.2654
finbert_768,XGBoost,SES_group,7,Low,1211,171,-1.5856,0.9153,0.2635
finbert_768,XGBoost,SES_group,7,High,676,112,-1.4825,1.0589,0.2645
finbert_768,XGBoost,BlackConcentration,7,Low,428,64,-1.6293,0.9262,0.2839
finbert_768,XGBoost,BlackConcentration,7,High,1276,191,-1.5421,0.959,0.2638
finbert_768,XGBoost,SES_group,8,Low,1715,306,-1.507,0.7476,0.2845
finbert_768,XGBoost,SES_group,8,High,838,160,-1.5485,1.0584,0.2895
finbert_768,XGBoost,BlackConcentration,8,Low,555,105,-1.4669,0.8252,0.2811
finbert_768,XGBoost,BlackConcentration,8,High,1783,346,-1.4693,0.8648,0.2847
finbert_768,XGBoost,SES_group,9,Low,2595,373,-1.7494,1.0956,0.2992
finbert_768,XGBoost,SES_group,9,High,1429,226,-1.7114,0.9246,0.3125
finbert_768,XGBoost,BlackConcentration,9,Low,1020,143,-1.8079,0.926,0.3153
finbert_768,XGBoost,BlackConcentration,9,High,2715,412,-1.7232,1.0156,0.3049
finbert_768,XGBoost,SES_group,10,Low,2711,372,-1.6359,0.9238,0.2701
finbert_768,XGBoost,SES_group,10,High,1356,209,-1.6326,0.8882,0.288
finbert_768,XGBoost,BlackConcentration,10,Low,1012,139,-1.7353,0.8147,0.2954
finbert_768,XGBoost,BlackConcentration,10,High,2694,445,-1.5031,0.9225,0.2653
finbert_768,XGBoost,SES_group,11,Low,3647,513,-1.7125,0.9211,0.2933
finbert_768,XGBoost,SES_group,11,High,1900,295,-1.7749,1.2439,0.3125
finbert_768,XGBoost,BlackConcentration,11,Low,1378,170,-1.9475,0.9647,0.3268
finbert_768,XGBoost,BlackConcentration,11,High,3563,528,-1.7179,0.9504,0.3047
finbert_768,XGBoost,SES_group,12,Low,4705,689,-1.7834,1.058,0.314
finbert_768,XGBoost,SES_group,12,High,2608,445,-1.6694,1.0667,0.3107
finbert_768,XGBoost,BlackConcentration,12,Low,1792,264,-1.8026,1.0884,0.3192
finbert_768,XGBoost,BlackConcentration,12,High,4898,809,-1.6947,1.0531,0.312
finbert_768,XGBoost,SES_group,13,Low,5686,837,-1.7374,0.9155,0.3092
finbert_768,XGBoost,SES_group,13,High,3003,506,-1.7078,1.0778,0.3157
finbert_768,XGBoost,BlackConcentration,13,Low,2170,307,-1.809,0.9292,0.3223
finbert_768,XGBoost,BlackConcentration,13,High,5628,929,-1.6982,1.0769,0.3094
finbert_768,XGBoost,SES_group,14,Low,6707,984,-1.6901,1.0323,0.2924
finbert_768,XGBoost,SES_group,14,High,3399,539,-1.694,1.0302,0.3048
finbert_768,XGBoost,BlackConcentration,14,Low,2684,400,-1.6698,0.9527,0.2941
finbert_768,XGBoost,BlackConcentration,14,High,6570,1054,-1.6436,1.027,0.294
finbert_pca50,Logistic,SES_group,1,Low,515,76,-1.7435,0.5659,0.3063
finbert_pca50,Logistic,SES_group,1,High,214,35,-1.6831,0.5057,0.3166
finbert_pca50,Logistic,BlackConcentration,1,Low,180,33,-1.4936,0.4252,0.2915
finbert_pca50,Logistic,BlackConcentration,1,High,460,68,-1.7994,0.6813,0.3134
finbert_pca50,Logistic,SES_group,2,Low,561,52,-2.1568,0.7023,0.3034
finbert_pca50,Logistic,SES_group,2,High,263,41,-1.6261,0.4106,0.2787
finbert_pca50,Logistic,SES_group,3,Low,606,64,-2.1881,0.963,0.3271
finbert_pca50,Logistic,SES_group,3,High,292,58,-1.4919,0.756,0.2901
finbert_pca50,Logistic,SES_group,4,Low,814,110,-1.8321,0.6779,0.3074
finbert_pca50,Logistic,SES_group,4,High,397,56,-2.033,1.1879,0.3182
finbert_pca50,Logistic,BlackConcentration,4,Low,249,39,-1.686,0.4506,0.3153
finbert_pca50,Logistic,BlackConcentration,4,High,841,127,-1.8258,0.8635,0.3088
finbert_pca50,Logistic,SES_group,5,Low,910,134,-1.7069,0.9881,0.2864
finbert_pca50,Logistic,SES_group,5,High,430,63,-1.8986,0.7659,0.34
finbert_pca50,Logistic,BlackConcentration,5,Low,293,42,-1.8424,1.078,0.3005
finbert_pca50,Logistic,BlackConcentration,5,High,909,133,-1.8482,1.1083,0.3036
finbert_pca50,Logistic,SES_group,6,Low,959,174,-1.7243,1.0366,0.318
finbert_pca50,Logistic,SES_group,6,High,507,104,-1.497,0.545,0.3282
finbert_pca50,Logistic,BlackConcentration,6,Low,349,60,-1.7499,0.8567,0.3401
finbert_pca50,Logistic,BlackConcentration,6,High,1002,192,-1.6595,0.8939,0.3198
finbert_pca50,Logistic,SES_group,7,Low,1211,171,-1.7359,0.8353,0.2944
finbert_pca50,Logistic,SES_group,7,High,676,112,-1.7223,1.0488,0.3062
finbert_pca50,Logistic,BlackConcentration,7,Low,428,64,-1.7899,0.9291,0.3149
finbert_pca50,Logistic,BlackConcentration,7,High,1276,191,-1.7385,0.8319,0.3065
finbert_pca50,Logistic,SES_group,8,Low,1715,306,-1.6544,0.6729,0.3245
finbert_pca50,Logistic,SES_group,8,High,838,160,-1.7738,0.9564,0.3352
finbert_pca50,Logistic,BlackConcentration,8,Low,555,105,-1.583,0.7096,0.3096
finbert_pca50,Logistic,BlackConcentration,8,High,1783,346,-1.6429,0.7646,0.3291
finbert_pca50,Logistic,SES_group,9,Low,2595,373,-1.781,0.8341,0.2997
finbert_pca50,Logistic,SES_group,9,High,1429,226,-1.7773,0.726,0.3281
finbert_pca50,Logistic,BlackConcentration,9,Low,1020,143,-1.8616,0.7445,0.3224
finbert_pca50,Logistic,BlackConcentration,9,High,2715,412,-1.7693,0.731,0.314
finbert_pca50,Logistic,SES_group,10,Low,2711,372,-1.7733,0.8872,0.2985
finbert_pca50,Logistic,SES_group,10,High,1356,209,-1.768,0.9192,0.3153
finbert_pca50,Logistic,BlackConcentration,10,Low,1012,139,-1.8141,0.7395,0.3138
finbert_pca50,Logistic,BlackConcentration,10,High,2694,445,-1.6429,0.9225,0.2939
finbert_pca50,Logistic,SES_group,11,Low,3647,513,-1.7784,0.8306,0.3055
finbert_pca50,Logistic,SES_group,11,High,1900,295,-1.8368,1.0036,0.3274
finbert_pca50,Logistic,BlackConcentration,11,Low,1378,170,-1.983,0.7911,0.3356
finbert_pca50,Logistic,BlackConcentration,11,High,3563,528,-1.7855,0.782,0.3199
finbert_pca50,Logistic,SES_group,12,Low,4705,689,-1.7927,0.9352,0.3143
finbert_pca50,Logistic,SES_group,12,High,2608,445,-1.7073,0.9954,0.3166
finbert_pca50,Logistic,BlackConcentration,12,Low,1792,264,-1.7929,0.9854,0.3155
finbert_pca50,Logistic,BlackConcentration,12,High,4898,809,-1.7251,0.9542,0.3167
finbert_pca50,Logistic,SES_group,13,Low,5686,837,-1.7551,0.8382,0.3123
finbert_pca50,Logistic,SES_group,13,High,3003,506,-1.7609,1.0164,0.3251
finbert_pca50,Logistic,BlackConcentration,13,Low,2170,307,-1.8156,0.9002,0.3203
finbert_pca50,Logistic,BlackConcentration,13,High,5628,929,-1.7346,0.971,0.3175
finbert_pca50,Logistic,SES_group,14,Low,6707,984,-1.7196,0.9232,0.2984
finbert_pca50,Logistic,SES_group,14,High,3399,539,-1.742,0.9568,0.3145
finbert_pca50,Logistic,BlackConcentration,14,Low,2684,400,-1.6769,0.8462,0.2944
finbert_pca50,Logistic,BlackConcentration,14,High,6570,1054,-1.687,0.9226,0.3039
finbert_pca50,XGBoost,SES_group,1,Low,515,76,-1.361,0.5925,0.1835
finbert_pca50,XGBoost,SES_group,1,High,214,35,-1.4405,0.3618,0.2297
finbert_pca50,XGBoost,BlackConcentration,1,Low,180,33,-1.175,0.5197,0.1672
finbert_pca50,XGBoost,BlackConcentration,1,High,460,68,-1.4067,0.5934,0.1981
finbert_pca50,XGBoost,SES_group,2,Low,561,52,-1.7889,0.819,0.2236
finbert_pca50,XGBoost,SES_group,2,High,263,41,-1.4904,0.2541,0.2043
finbert_pca50,XGBoost,SES_group,3,Low,606,64,-1.8182,1.0684,0.2578
finbert_pca50,XGBoost,SES_group,3,High,292,58,-1.2222,0.5391,0.2094
finbert_pca50,XGBoost,SES_group,4,Low,814,110,-1.6425,0.6043,0.2563
finbert_pca50,XGBoost,SES_group,4,High,397,56,-1.6592,1.3386,0.2577
finbert_pca50,XGBoost,BlackConcentration,4,Low,249,39,-1.5069,0.6597,0.2533
finbert_pca50,XGBoost,BlackConcentration,4,High,841,127,-1.5207,0.8098,0.2493
finbert_pca50,XGBoost,SES_group,5,Low,910,134,-1.4931,0.8969,0.2409
finbert_pca50,XGBoost,SES_group,5,High,430,63,-1.6812,0.9596,0.2823
finbert_pca50,XGBoost,BlackConcentration,5,Low,293,42,-1.543,1.0049,0.245
finbert_pca50,XGBoost,BlackConcentration,5,High,909,133,-1.5401,1.1622,0.2494
finbert_pca50,XGBoost,SES_group,6,Low,959,174,-1.5494,1.0648,0.2826
finbert_pca50,XGBoost,SES_group,6,High,507,104,-1.3836,0.6316,0.2825
finbert_pca50,XGBoost,BlackConcentration,6,Low,349,60,-1.6371,0.9896,0.3046
finbert_pca50,XGBoost,BlackConcentration,6,High,1002,192,-1.4776,0.9752,0.2764
finbert_pca50,XGBoost,SES_group,7,Low,1211,171,-1.6026,0.8293,0.264
finbert_pca50,XGBoost,SES_group,7,High,676,112,-1.5015,0.9877,0.2682
finbert_pca50,XGBoost,BlackConcentration,7,Low,428,64,-1.6428,0.8486,0.2868
finbert_pca50,XGBoost,BlackConcentration,7,High,1276,191,-1.5661,0.8792,0.2675
finbert_pca50,XGBoost,SES_group,8,Low,1715,306,-1.5381,0.7318,0.292
finbert_pca50,XGBoost,SES_group,8,High,838,160,-1.587,1.0432,0.2966
finbert_pca50,XGBoost,BlackConcentration,8,Low,555,105,-1.5151,0.8253,0.2906
finbert_pca50,XGBoost,BlackConcentration,8,High,1783,346,-1.5016,0.867,0.2903
finbert_pca50,XGBoost,SES_group,9,Low,2595,373,-1.6877,1.0285,0.2857
finbert_pca50,XGBoost,SES_group,9,High,1429,226,-1.6963,0.9472,0.3051
finbert_pca50,XGBoost,BlackConcentration,9,Low,1020,143,-1.7775,0.9117,0.3057
finbert_pca50,XGBoost,BlackConcentration,9,High,2715,412,-1.6854,0.9715,0.2948
finbert_pca50,XGBoost,SES_group,10,Low,2711,372,-1.6156,0.954,0.2651
finbert_pca50,XGBoost,SES_group,10,High,1356,209,-1.6229,0.9276,0.2841
finbert_pca50,XGBoost,BlackConcentration,10,Low,1012,139,-1.7107,0.8372,0.2893
finbert_pca50,XGBoost,BlackConcentration,10,High,2694,445,-1.4952,0.9352,0.2624
finbert_pca50,XGBoost,SES_group,11,Low,3647,513,-1.6635,0.904,0.2803
finbert_pca50,XGBoost,SES_group,11,High,1900,295,-1.7037,1.1623,0.3007
finbert_pca50,XGBoost,BlackConcentration,11,Low,1378,170,-1.8913,0.8885,0.3145
finbert_pca50,XGBoost,BlackConcentration,11,High,3563,528,-1.6684,0.9332,0.2922
finbert_pca50,XGBoost,SES_group,12,Low,4705,689,-1.7415,1.0439,0.3038
finbert_pca50,XGBoost,SES_group,12,High,2608,445,-1.636,1.0517,0.3024
finbert_pca50,XGBoost,BlackConcentration,12,Low,1792,264,-1.7538,1.082,0.3087
finbert_pca50,XGBoost,BlackConcentration,12,High,4898,809,-1.6601,1.0492,0.3029
finbert_pca50,XGBoost,SES_group,13,Low,5686,837,-1.7318,0.9053,0.3072
finbert_pca50,XGBoost,SES_group,13,High,3003,506,-1.7131,1.0835,0.3154
finbert_pca50,XGBoost,BlackConcentration,13,Low,2170,307,-1.8067,0.9517,0.3196
finbert_pca50,XGBoost,BlackConcentration,13,High,5628,929,-1.6918,1.0414,0.3085
finbert_pca50,XGBoost,SES_group,14,Low,6707,984,-1.6919,1.0251,0.2922
finbert_pca50,XGBoost,SES_group,14,High,3399,539,-1.6941,1.0375,0.3038
finbert_pca50,XGBoost,BlackConcentration,14,Low,2684,400,-1.6659,0.9434,0.2929
finbert_pca50,XGBoost,BlackConcentration,14,High,6570,1054,-1.6471,1.0202,0.2942
