rank,Feature,Importance
1,int_rate,0.053351
2,sub_grade_ord,0.046209
3,grade_ord,0.037299
4,term,0.028855
5,annual_inc,0.018883
6,fico_midpoint,0.017023
7,dti,0.015527
8,loan_amnt,0.012272
9,revol_util,0.011346
10,bc_open_to_buy,0.010596
11,avg_cur_bal,0.009087
12,bc_util,0.008664
13,total_bc_limit,0.008388
14,acc_open_past_24mths,0.008355
15,tot_cur_bal,0.007869
16,revol_bal,0.007698
17,mths_since_recent_bc,0.007575
18,credit_history_months,0.007538
19,total_rev_hi_lim,0.007027
20,total_bal_ex_mort,0.006998
21,mths_since_recent_inq,0.006728
22,mo_sin_old_rev_tl_op,0.006638
23,mo_sin_rcnt_rev_tl_op,0.006111
24,total_il_high_credit_limit,0.006054
25,mo_sin_rcnt_tl,0.00594
26,mo_sin_old_il_acct,0.005783
27,total_acc,0.005777
28,percent_bc_gt_75,0.005719
29,inq_last_6mths,0.004728
30,num_tl_op_past_12m,0.00439
31,num_il_tl,0.00421
32,open_acc,0.004199
33,num_rev_accts,0.00407
34,mths_since_last_delinq,0.004009
35,num_actv_rev_tl,0.003991
36,emp_length,0.003989
37,num_bc_tl,0.003632
38,num_op_rev_tl,0.003495
39,mort_acc,0.003221
40,verification_status_Verified,0.003097
41,num_bc_sats,0.003065
42,pct_tl_nvr_dlq,0.003051
43,num_actv_bc_tl,0.002736
44,mths_since_recent_revol_delinq,0.002552
45,mths_since_recent_bc_dlq,0.00198
46,home_ownership_RENT,0.001764
47,purpose_credit_card,0.001755
48,purpose_debt_consolidation,0.0017
49,mths_since_last_major_derog,0.001574
50,mths_since_last_record,0.001352
51,fb:sem_097,0.001163
52,fb:sem_320,0.00106
53,fb:sem_412,0.001028
54,fb:sem_152,0.001027
55,fb:sem_570,0.001
56,fb:sem_731,0.000987
57,fb:sem_300,0.000979
58,fb:sem_114,0.000953
59,fb:sem_394,0.00095
60,fb:sem_314,0.000942
61,fb:sem_657,0.000936
62,fb:sem_745,0.000935
63,fb:sem_669,0.000918
64,fb:sem_516,0.000902
65,fb:sem_455,0.000899
66,fb:sem_616,0.000898
67,fb:sem_026,0.000897
68,fb:sem_298,0.000892
69,fb:sem_572,0.000891
70,fb:sem_089,0.000889
71,fb:sem_766,0.000884
72,fb:sem_456,0.000883
73,fb:sem_632,0.000882
74,verification_status_Source Verified,0.00088
75,fb:sem_467,0.000879
76,fb:sem_355,0.00087
77,fb:sem_008,0.000868
78,fb:sem_386,0.000867
79,fb:sem_424,0.000867
80,fb:sem_409,0.000863
81,fb:sem_286,0.000862
82,fb:sem_481,0.000862
83,fb:sem_136,0.000861
84,fb:sem_033,0.000859
85,fb:sem_662,0.000857
86,fb:sem_697,0.00085
87,fb:sem_447,0.000849
88,fb:sem_130,0.000847
89,fb:sem_515,0.000847
90,fb:sem_217,0.000846
91,fb:sem_635,0.000844
92,fb:sem_176,0.000842
93,fb:sem_489,0.000841
94,fb:sem_637,0.00084
95,fb:sem_702,0.000839
96,fb:sem_321,0.000834
97,fb:sem_603,0.000833
98,fb:sem_109,0.000833
99,fb:sem_354,0.000832
100,fb:sem_112,0.00083
101,fb:sem_200,0.000829
102,fb:sem_716,0.000828
103,fb:sem_664,0.000826
104,fb:sem_174,0.000825
105,fb:sem_443,0.000823
106,fb:sem_726,0.00082
107,fb:sem_140,0.000818
108,fb:sem_004,0.000814
109,fb:sem_245,0.000813
110,fb:sem_690,0.000812
111,fb:sem_060,0.000811
112,fb:sem_253,0.000809
113,fb:sem_110,0.000807
114,fb:sem_638,0.000805
115,fb:sem_161,0.000805
116,fb:sem_274,0.000803
117,fb:sem_017,0.000802
118,fb:sem_356,0.000802
119,fb:sem_198,0.0008
120,fb:sem_279,0.000796
121,fb:sem_579,0.000795
122,fb:sem_370,0.000793
123,fb:sem_171,0.000793
124,fb:sem_475,0.000792
125,fb:sem_182,0.000791
126,fb:sem_693,0.000791
127,fb:sem_642,0.000791
128,fb:sem_087,0.000791
129,fb:sem_042,0.00079
130,fb:sem_120,0.00079
131,fb:sem_393,0.000787
132,fb:sem_428,0.000787
133,fb:sem_520,0.000787
134,fb:sem_012,0.000786
135,fb:sem_703,0.000784
136,fb:sem_290,0.000784
137,fb:sem_156,0.000783
138,fb:sem_092,0.000783
139,fb:sem_477,0.000783
140,fb:sem_311,0.000782
141,fb:sem_381,0.000782
142,fb:sem_138,0.000781
143,fb:sem_148,0.000781
144,fb:sem_706,0.00078
145,fb:sem_065,0.00078
146,fb:sem_684,0.00078
147,fb:sem_433,0.000778
148,fb:sem_340,0.000778
149,fb:sem_619,0.000777
150,fb:sem_022,0.000776
151,fb:sem_011,0.000775
152,fb:sem_563,0.000775
153,tot_coll_amt,0.000774
154,fb:sem_708,0.000772
155,fb:sem_327,0.000772
156,fb:sem_444,0.000772
157,fb:sem_497,0.000772
158,fb:sem_058,0.000771
159,fb:sem_332,0.000771
160,fb:sem_270,0.00077
161,fb:sem_685,0.00077
162,fb:sem_238,0.000769
163,fb:sem_559,0.000769
164,fb:sem_647,0.000767
165,fb:sem_281,0.000767
166,fb:sem_328,0.000766
167,fb:sem_359,0.000765
168,fb:sem_147,0.000765
169,fb:sem_323,0.000763
170,fb:sem_082,0.000763
171,fb:sem_507,0.000762
172,fb:sem_396,0.000762
173,fb:sem_764,0.000761
174,fb:sem_695,0.000761
175,delinq_2yrs,0.000761
176,fb:sem_360,0.00076
177,fb:sem_398,0.00076
178,fb:sem_187,0.00076
179,fb:sem_095,0.00076
180,fb:sem_248,0.000758
181,fb:sem_485,0.000757
182,fb:sem_258,0.000756
183,fb:sem_641,0.000756
184,fb:sem_767,0.000755
185,fb:sem_732,0.000754
186,fb:sem_599,0.000754
187,fb:sem_459,0.000753
188,fb:sem_063,0.000753
189,fb:sem_609,0.000753
190,fb:sem_265,0.000753
191,fb:sem_583,0.000752
192,fb:sem_067,0.000752
193,fb:sem_113,0.00075
194,fb:sem_727,0.00075
195,fb:sem_395,0.000749
196,fb:sem_139,0.000748
197,fb:sem_729,0.000748
198,fb:sem_405,0.000748
199,fb:sem_413,0.000748
200,fb:sem_271,0.000748
201,fb:sem_569,0.000748
202,fb:sem_488,0.000748
203,fb:sem_653,0.000747
204,fb:sem_451,0.000747
205,fb:sem_318,0.000747
206,fb:sem_598,0.000747
207,fb:sem_030,0.000746
208,fb:sem_387,0.000746
209,fb:sem_335,0.000746
210,fb:sem_037,0.000746
211,fb:sem_617,0.000746
212,fb:sem_344,0.000745
213,fb:sem_086,0.000745
214,fb:sem_252,0.000745
215,fb:sem_763,0.000744
216,fb:sem_094,0.000744
217,fb:sem_105,0.000743
218,fb:sem_646,0.000743
219,fb:sem_631,0.000743
220,fb:sem_605,0.000743
221,fb:sem_648,0.000742
222,fb:sem_526,0.000741
223,fb:sem_380,0.000741
224,fb:sem_091,0.000741
225,fb:sem_421,0.000741
226,fb:sem_512,0.00074
227,fb:sem_090,0.00074
228,initial_list_status_w,0.00074
229,fb:sem_528,0.000739
230,fb:sem_471,0.000739
231,fb:sem_585,0.000739
232,fb:sem_013,0.000739
233,fb:sem_437,0.000739
234,fb:sem_203,0.000739
235,fb:sem_442,0.000738
236,fb:sem_232,0.000738
237,fb:sem_346,0.000737
238,fb:sem_142,0.000737
239,fb:sem_715,0.000737
240,fb:sem_052,0.000737
241,fb:sem_244,0.000735
242,fb:sem_016,0.000735
243,fb:sem_581,0.000735
244,fb:sem_157,0.000734
245,fb:sem_191,0.000734
246,fb:sem_358,0.000734
247,fb:sem_333,0.000734
248,fb:sem_486,0.000734
249,fb:sem_294,0.000734
250,fb:sem_523,0.000734
251,fb:sem_197,0.000734
252,fb:sem_402,0.000734
253,fb:sem_519,0.000733
254,fb:sem_199,0.000732
255,fb:sem_612,0.000732
256,fb:sem_600,0.000732
257,fb:sem_717,0.000732
258,fb:sem_688,0.000732
259,fb:sem_425,0.000731
260,fb:sem_622,0.00073
261,fb:sem_085,0.00073
262,fb:sem_596,0.00073
263,fb:sem_261,0.00073
264,fb:sem_464,0.000729
265,fb:sem_574,0.000729
266,fb:sem_304,0.000728
267,fb:sem_692,0.000728
268,fb:sem_636,0.000728
269,fb:sem_434,0.000727
270,num_accts_ever_120_pd,0.000727
271,fb:sem_611,0.000727
272,fb:sem_266,0.000726
273,fb:sem_582,0.000726
274,fb:sem_391,0.000726
275,fb:sem_390,0.000726
276,fb:sem_246,0.000726
277,fb:sem_044,0.000726
278,fb:sem_336,0.000726
279,fb:sem_517,0.000726
280,fb:sem_683,0.000726
281,fb:sem_195,0.000725
282,fb:sem_153,0.000725
283,fb:sem_027,0.000725
284,fb:sem_450,0.000724
285,fb:sem_351,0.000724
286,fb:sem_705,0.000724
287,fb:sem_180,0.000724
288,fb:sem_035,0.000723
289,fb:sem_051,0.000722
290,fb:sem_071,0.000722
291,fb:sem_207,0.000722
292,fb:sem_045,0.000722
293,fb:sem_658,0.000722
294,fb:sem_064,0.000722
295,fb:sem_554,0.000722
296,fb:sem_532,0.000722
297,fb:sem_319,0.000721
298,fb:sem_373,0.000721
299,fb:sem_652,0.000721
300,fb:sem_560,0.000721
301,fb:sem_410,0.000721
302,fb:sem_224,0.00072
303,fb:sem_556,0.00072
304,fb:sem_163,0.00072
305,fb:sem_629,0.00072
306,fb:sem_272,0.00072
307,fb:sem_329,0.00072
308,fb:sem_682,0.00072
309,fb:sem_654,0.00072
310,fb:sem_069,0.000719
311,fb:sem_048,0.000719
312,fb:sem_342,0.000718
313,fb:sem_348,0.000717
314,fb:sem_721,0.000717
315,fb:sem_665,0.000717
316,fb:sem_213,0.000717
317,fb:sem_322,0.000717
318,fb:sem_580,0.000716
319,fb:sem_535,0.000716
320,fb:sem_762,0.000716
321,fb:sem_656,0.000716
322,fb:sem_283,0.000716
323,fb:sem_430,0.000716
324,fb:sem_620,0.000716
325,fb:sem_088,0.000715
326,fb:sem_752,0.000715
327,fb:sem_312,0.000715
328,fb:sem_339,0.000714
329,fb:sem_241,0.000714
330,fb:sem_597,0.000714
331,fb:sem_061,0.000714
332,fb:sem_326,0.000714
333,fb:sem_483,0.000713
334,fb:sem_212,0.000713
335,fb:sem_439,0.000713
336,fb:sem_750,0.000712
337,fb:sem_374,0.000712
338,fb:sem_162,0.000711
339,fb:sem_324,0.000711
340,fb:sem_714,0.000711
341,fb:sem_595,0.000711
342,fb:sem_749,0.00071
343,fb:sem_540,0.00071
344,fb:sem_141,0.00071
345,fb:sem_225,0.00071
346,fb:sem_019,0.00071
347,fb:sem_189,0.00071
348,fb:sem_660,0.00071
349,fb:sem_121,0.000709
350,fb:sem_473,0.000709
351,fb:sem_733,0.000708
352,fb:sem_341,0.000708
353,fb:sem_276,0.000708
354,fb:sem_730,0.000708
355,fb:sem_586,0.000708
356,fb:sem_630,0.000708
357,fb:sem_230,0.000708
358,fb:sem_742,0.000708
359,fb:sem_108,0.000707
360,fb:sem_223,0.000707
361,fb:sem_549,0.000707
362,fb:sem_748,0.000707
363,fb:sem_740,0.000707
364,fb:sem_700,0.000706
365,fb:sem_053,0.000706
366,fb:sem_167,0.000706
367,fb:sem_066,0.000706
368,fb:sem_548,0.000706
369,fb:sem_408,0.000706
370,fb:sem_502,0.000706
371,fb:sem_078,0.000705
372,fb:sem_249,0.000705
373,fb:sem_073,0.000704
374,fb:sem_215,0.000704
375,fb:sem_591,0.000704
376,fb:sem_392,0.000704
377,fb:sem_302,0.000704
378,fb:sem_407,0.000704
379,fb:sem_655,0.000704
380,fb:sem_691,0.000704
381,fb:sem_673,0.000703
382,fb:sem_445,0.000703
383,fb:sem_305,0.000703
384,fb:sem_149,0.000703
385,fb:sem_214,0.000703
386,fb:sem_478,0.000703
387,fb:sem_505,0.000702
388,fb:sem_127,0.000702
389,fb:sem_119,0.000702
390,fb:sem_003,0.000702
391,fb:sem_117,0.000702
392,fb:sem_284,0.000701
393,fb:sem_496,0.000701
394,fb:sem_146,0.000701
395,fb:sem_133,0.000701
396,fb:sem_561,0.0007
397,fb:sem_415,0.0007
398,fb:sem_435,0.0007
399,fb:sem_361,0.0007
400,fb:sem_487,0.0007
401,fb:sem_135,0.0007
402,fb:sem_446,0.000699
403,fb:sem_551,0.000699
404,fb:sem_134,0.000699
405,fb:sem_366,0.000699
406,fb:sem_337,0.000699
407,fb:sem_334,0.000699
408,fb:sem_177,0.000698
409,fb:sem_737,0.000698
410,fb:sem_681,0.000698
411,fb:sem_546,0.000697
412,fb:sem_508,0.000697
413,fb:sem_625,0.000697
414,fb:sem_353,0.000697
415,fb:sem_558,0.000696
416,fb:sem_220,0.000696
417,fb:sem_296,0.000696
418,fb:sem_160,0.000696
419,fb:sem_624,0.000696
420,fb:sem_074,0.000696
421,fb:sem_640,0.000695
422,fb:sem_376,0.000695
423,fb:sem_689,0.000695
424,fb:sem_494,0.000695
425,fb:sem_216,0.000695
426,fb:sem_723,0.000695
427,fb:sem_040,0.000694
428,fb:sem_378,0.000694
429,fb:sem_436,0.000694
430,fb:sem_545,0.000694
431,fb:sem_164,0.000694
432,fb:sem_047,0.000694
433,fb:sem_221,0.000694
434,fb:sem_453,0.000693
435,fb:sem_522,0.000693
436,fb:sem_041,0.000693
437,fb:sem_759,0.000693
438,fb:sem_239,0.000693
439,fb:sem_057,0.000693
440,fb:sem_607,0.000693
441,fb:sem_465,0.000693
442,fb:sem_500,0.000692
443,fb:sem_277,0.000692
444,fb:sem_054,0.000692
445,fb:sem_056,0.000692
446,fb:sem_018,0.000692
447,fb:sem_083,0.000692
448,fb:sem_677,0.000691
449,fb:sem_102,0.000691
450,fb:sem_461,0.000691
451,fb:sem_206,0.000691
452,fb:sem_070,0.000691
453,fb:sem_076,0.000691
454,fb:sem_490,0.00069
455,fb:sem_679,0.00069
456,fb:sem_384,0.00069
457,fb:sem_431,0.00069
458,fb:sem_219,0.00069
459,fb:sem_480,0.00069
460,fb:sem_674,0.00069
461,fb:sem_005,0.000689
462,fb:sem_460,0.000689
463,fb:sem_510,0.000689
464,fb:sem_251,0.000689
465,fb:sem_158,0.000689
466,fb:sem_420,0.000689
467,fb:sem_628,0.000688
468,fb:sem_704,0.000688
469,fb:sem_377,0.000688
470,fb:sem_468,0.000688
471,fb:sem_349,0.000688
472,fb:sem_050,0.000688
473,fb:sem_668,0.000687
474,fb:sem_352,0.000687
475,fb:sem_594,0.000687
476,fb:sem_229,0.000687
477,fb:sem_118,0.000687
478,fb:sem_458,0.000687
479,fb:sem_530,0.000687
480,fb:sem_306,0.000686
481,fb:sem_039,0.000686
482,fb:sem_209,0.000686
483,fb:sem_293,0.000686
484,fb:sem_292,0.000686
485,fb:sem_007,0.000685
486,fb:sem_316,0.000685
487,fb:sem_357,0.000685
488,fb:sem_106,0.000685
489,fb:sem_533,0.000685
490,fb:sem_699,0.000684
491,fb:sem_259,0.000684
492,fb:sem_364,0.000684
493,fb:sem_472,0.000683
494,fb:sem_273,0.000683
495,fb:sem_678,0.000683
496,fb:sem_518,0.000683
497,fb:sem_426,0.000683
498,fb:sem_193,0.000683
499,fb:sem_608,0.000683
500,fb:sem_165,0.000683
501,fb:sem_589,0.000683
502,fb:sem_205,0.000682
503,fb:sem_588,0.000682
504,fb:sem_192,0.000682
505,fb:sem_613,0.000682
506,fb:sem_043,0.000682
507,fb:sem_418,0.000682
508,fb:sem_544,0.000682
509,fb:sem_650,0.000682
510,fb:sem_350,0.000682
511,fb:sem_492,0.000682
512,fb:sem_009,0.000681
513,fb:sem_029,0.000681
514,fb:sem_254,0.000681
515,fb:sem_587,0.000681
516,fb:sem_382,0.000681
517,fb:sem_462,0.000681
518,fb:sem_565,0.00068
519,fb:sem_578,0.00068
520,fb:sem_711,0.00068
521,fb:sem_024,0.00068
522,fb:sem_303,0.00068
523,fb:sem_479,0.00068
524,fb:sem_006,0.00068
525,fb:sem_262,0.00068
526,fb:sem_151,0.00068
527,fb:sem_183,0.00068
528,fb:sem_427,0.00068
529,fb:sem_122,0.00068
530,fb:sem_575,0.000679
531,fb:sem_746,0.000679
532,fb:sem_032,0.000679
533,fb:sem_079,0.000679
534,fb:sem_627,0.000678
535,fb:sem_615,0.000678
536,fb:sem_411,0.000678
537,fb:sem_525,0.000678
538,fb:sem_031,0.000678
539,fb:sem_173,0.000678
540,fb:sem_718,0.000678
541,fb:sem_757,0.000678
542,fb:sem_367,0.000677
543,fb:sem_313,0.000677
544,fb:sem_651,0.000677
545,fb:sem_644,0.000677
546,fb:sem_268,0.000677
547,fb:sem_235,0.000677
548,fb:sem_170,0.000677
549,fb:sem_204,0.000677
550,fb:sem_150,0.000676
551,fb:sem_738,0.000676
552,fb:sem_310,0.000675
553,fb:sem_676,0.000675
554,fb:sem_422,0.000675
555,fb:sem_754,0.000675
556,fb:sem_571,0.000675
557,fb:sem_403,0.000674
558,fb:sem_034,0.000674
559,fb:sem_291,0.000674
560,fb:sem_671,0.000674
561,fb:sem_687,0.000674
562,fb:sem_049,0.000674
563,fb:sem_143,0.000674
564,fb:sem_441,0.000674
565,fb:sem_397,0.000674
566,fb:sem_234,0.000674
567,fb:sem_618,0.000674
568,fb:sem_719,0.000673
569,fb:sem_555,0.000673
570,fb:sem_626,0.000673
571,fb:sem_739,0.000673
572,fb:sem_491,0.000672
573,fb:sem_267,0.000672
574,fb:sem_577,0.000672
575,fb:sem_503,0.000672
576,fb:sem_365,0.000672
577,fb:sem_128,0.000672
578,fb:sem_454,0.000671
579,fb:sem_116,0.000671
580,fb:sem_301,0.000671
581,fb:sem_201,0.000671
582,fb:sem_553,0.000671
583,fb:sem_584,0.000671
584,fb:sem_154,0.000671
585,fb:sem_237,0.00067
586,fb:sem_414,0.00067
587,fb:sem_399,0.00067
588,fb:sem_188,0.00067
589,fb:sem_062,0.00067
590,fb:sem_743,0.00067
591,fb:sem_649,0.000669
592,fb:sem_568,0.000669
593,fb:sem_343,0.000669
594,fb:sem_550,0.000669
595,fb:sem_736,0.000669
596,fb:sem_696,0.000669
597,fb:sem_623,0.000668
598,fb:sem_661,0.000668
599,fb:sem_137,0.000668
600,fb:sem_601,0.000668
601,fb:sem_210,0.000668
602,fb:sem_228,0.000667
603,fb:sem_186,0.000667
604,fb:sem_080,0.000667
605,fb:sem_423,0.000666
606,fb:sem_753,0.000666
607,fb:sem_260,0.000666
608,fb:sem_184,0.000666
609,fb:sem_499,0.000666
610,fb:sem_021,0.000665
611,fb:sem_263,0.000665
612,fb:sem_547,0.000665
613,fb:sem_756,0.000665
614,fb:sem_755,0.000665
615,fb:sem_383,0.000665
616,fb:sem_375,0.000665
617,fb:sem_720,0.000665
618,fb:sem_299,0.000665
619,fb:sem_124,0.000664
620,fb:sem_557,0.000664
621,fb:sem_432,0.000664
622,fb:sem_675,0.000663
623,fb:sem_514,0.000663
624,fb:sem_667,0.000663
625,fb:sem_469,0.000663
626,fb:sem_592,0.000662
627,fb:sem_059,0.000662
628,fb:sem_476,0.000662
629,fb:sem_659,0.000662
630,fb:sem_218,0.000661
631,fb:sem_484,0.000661
632,fb:sem_634,0.000661
633,fb:sem_036,0.000661
634,fb:sem_449,0.000661
635,fb:sem_606,0.00066
636,fb:sem_231,0.00066
637,fb:sem_115,0.00066
638,fb:sem_564,0.00066
639,fb:sem_020,0.00066
640,fb:sem_015,0.000659
641,fb:sem_100,0.000659
642,fb:sem_159,0.000659
643,fb:sem_126,0.000659
644,fb:sem_639,0.000659
645,fb:sem_741,0.000659
646,fb:sem_524,0.000659
647,fb:sem_190,0.000658
648,fb:sem_419,0.000658
649,fb:sem_014,0.000658
650,fb:sem_379,0.000658
651,fb:sem_269,0.000658
652,fb:sem_001,0.000658
653,fb:sem_466,0.000658
654,fb:sem_543,0.000658
655,fb:sem_501,0.000658
656,fb:sem_562,0.000657
657,fb:sem_576,0.000657
658,fb:sem_282,0.000657
659,fb:sem_084,0.000657
660,fb:sem_758,0.000657
661,fb:sem_194,0.000656
662,fb:sem_709,0.000656
663,fb:sem_734,0.000656
664,fb:sem_463,0.000656
665,fb:sem_104,0.000655
666,fb:sem_000,0.000654
667,fb:sem_098,0.000654
668,fb:sem_178,0.000654
669,fb:sem_542,0.000654
670,fb:sem_438,0.000654
671,fb:sem_129,0.000653
672,fb:sem_075,0.000653
673,fb:sem_698,0.000653
674,fb:sem_621,0.000653
675,fb:sem_317,0.000653
676,fb:sem_747,0.000653
677,fb:sem_046,0.000652
678,fb:sem_633,0.000652
679,fb:sem_482,0.000652
680,fb:sem_181,0.000652
681,fb:sem_211,0.000652
682,fb:sem_724,0.000652
683,fb:sem_765,0.000652
684,fb:sem_331,0.000652
685,fb:sem_725,0.000651
686,fb:sem_202,0.000651
687,fb:sem_470,0.00065
688,fb:sem_362,0.00065
689,fb:sem_404,0.00065
690,fb:sem_101,0.00065
691,fb:sem_227,0.00065
692,fb:sem_295,0.00065
693,fb:sem_536,0.000649
694,fb:sem_504,0.000649
695,fb:sem_166,0.000649
696,fb:sem_222,0.000649
697,fb:sem_172,0.000648
698,fb:sem_179,0.000647
699,fb:sem_175,0.000647
700,fb:sem_728,0.000647
701,fb:sem_025,0.000647
702,fb:sem_643,0.000647
703,fb:sem_107,0.000647
704,fb:sem_602,0.000646
705,fb:sem_233,0.000646
706,fb:sem_285,0.000646
707,fb:sem_371,0.000646
708,fb:sem_123,0.000645
709,fb:sem_645,0.000645
710,fb:sem_573,0.000645
711,fb:sem_243,0.000645
712,fb:sem_701,0.000645
713,fb:sem_707,0.000645
714,fb:sem_264,0.000645
715,fb:sem_368,0.000644
716,fb:sem_537,0.000644
717,fb:sem_529,0.000644
718,fb:sem_663,0.000644
719,fb:sem_145,0.000644
720,fb:sem_345,0.000644
721,fb:sem_417,0.000643
722,fb:sem_369,0.000643
723,fb:sem_406,0.000642
724,fb:sem_521,0.000642
725,fb:sem_363,0.000642
726,fb:sem_093,0.000642
727,fb:sem_278,0.000642
728,fb:sem_541,0.000641
729,fb:sem_240,0.000641
730,fb:sem_099,0.00064
731,fb:sem_168,0.00064
732,fb:sem_452,0.000639
733,fb:sem_567,0.000639
734,fb:sem_531,0.000639
735,fb:sem_680,0.000638
736,fb:sem_534,0.000638
737,fb:sem_208,0.000638
738,fb:sem_242,0.000638
739,fb:sem_388,0.000637
740,fb:sem_330,0.000637
741,fb:sem_081,0.000637
742,fb:sem_493,0.000637
743,fb:sem_307,0.000637
744,fb:sem_256,0.000636
745,fb:sem_247,0.000636
746,fb:sem_511,0.000636
747,fb:sem_713,0.000636
748,fb:sem_401,0.000636
749,fb:sem_023,0.000635
750,fb:sem_498,0.000635
751,fb:sem_670,0.000635
752,fb:sem_250,0.000635
753,fb:sem_751,0.000634
754,fb:sem_144,0.000634
755,fb:sem_338,0.000633
756,fb:sem_096,0.000633
757,fb:sem_457,0.000633
758,fb:sem_002,0.000632
759,fb:sem_610,0.000631
760,fb:sem_735,0.00063
761,fb:sem_400,0.000629
762,fb:sem_672,0.000629
763,fb:sem_010,0.000628
764,fb:sem_538,0.000628
765,fb:sem_325,0.000627
766,fb:sem_509,0.000627
767,fb:sem_103,0.000627
768,fb:sem_590,0.000626
769,fb:sem_710,0.000626
770,fb:sem_028,0.000626
771,fb:sem_593,0.000625
772,fb:sem_552,0.000625
773,fb:sem_416,0.000625
774,fb:sem_566,0.000624
775,fb:sem_275,0.000624
776,fb:sem_196,0.000623
777,fb:sem_038,0.000622
778,fb:sem_155,0.000622
779,fb:sem_666,0.000621
780,fb:sem_287,0.000621
781,fb:sem_255,0.000621
782,addr_state_CA,0.000621
783,fb:sem_257,0.00062
784,fb:sem_132,0.000619
785,fb:sem_604,0.000618
786,fb:sem_694,0.000618
787,fb:sem_315,0.000617
788,fb:sem_474,0.000616
789,fb:sem_712,0.000615
790,fb:sem_111,0.000615
791,fb:sem_236,0.000615
792,fb:sem_760,0.000613
793,fb:sem_513,0.000613
794,fb:sem_297,0.000612
795,fb:sem_761,0.000611
796,fb:sem_347,0.00061
797,fb:sem_448,0.000609
798,fb:sem_125,0.000608
799,fb:sem_077,0.000606
800,fb:sem_068,0.000605
801,fb:sem_429,0.000602
802,fb:sem_686,0.000601
803,fb:sem_744,0.0006
804,fb:sem_226,0.0006
805,fb:sem_722,0.000599
806,fb:sem_289,0.000599
807,fb:sem_440,0.000599
808,fb:sem_131,0.000599
809,fb:sem_614,0.000597
810,fb:sem_527,0.000597
811,fb:sem_288,0.000594
812,fb:sem_506,0.000594
813,fb:sem_389,0.00059
814,fb:sem_495,0.000588
815,fb:sem_072,0.000586
816,fb:sem_309,0.000585
817,fb:sem_055,0.000585
818,fb:sem_385,0.000584
819,fb:sem_372,0.00058
820,fb:sem_185,0.000578
821,fb:sem_539,0.000576
822,fb:sem_280,0.000567
823,fb:sem_169,0.000545
824,fb:sem_308,0.000529
825,addr_state_TX,0.000448
826,pub_rec,0.000417
827,pub_rec_bankruptcies,0.00038
828,addr_state_NY,0.000377
829,purpose_other,0.00037
830,addr_state_FL,0.000366
831,home_ownership_OWN,0.000356
832,purpose_home_improvement,0.000275
833,addr_state_IL,0.00021
834,addr_state_NJ,0.000207
835,addr_state_GA,0.000133
836,addr_state_PA,0.000132
837,num_tl_90g_dpd_24m,0.000125
838,addr_state_VA,0.000111
839,purpose_major_purchase,0.00011
840,addr_state_OH,0.000109
841,addr_state_NC,0.000105
842,addr_state_MA,0.000101
843,addr_state_CO,9.6e-05
844,purpose_wedding,9.5e-05
845,addr_state_AZ,8.9e-05
846,addr_state_WA,8.5e-05
847,addr_state_NV,8.1e-05
848,addr_state_MD,6.9e-05
849,addr_state_MI,6.8e-05
850,purpose_moving,5.3e-05
851,addr_state_CT,5.2e-05
852,addr_state_MO,5.1e-05
853,addr_state_MN,4.9e-05
854,addr_state_OR,4.1e-05
855,addr_state_SC,3.4e-05
856,addr_state_TN,3e-05
857,addr_state_WI,2.9e-05
858,purpose_medical,2.6e-05
859,addr_state_AL,2.2e-05
860,addr_state_LA,2.2e-05
861,addr_state_IN,2.1e-05
862,addr_state_KS,2.1e-05
863,purpose_vacation,2.1e-05
864,tax_liens,1.2e-05
865,addr_state_DC,1.2e-05
866,addr_state_KY,1e-05
867,addr_state_UT,8e-06
868,addr_state_OK,8e-06
869,addr_state_AR,7e-06
870,fb:has_desc,7e-06
871,addr_state_WV,7e-06
872,addr_state_NH,6e-06
873,addr_state_HI,4e-06
874,purpose_house,3e-06
875,addr_state_NM,3e-06
876,chargeoff_within_12_mths,2e-06
877,collections_12_mths_ex_med,1e-06
878,addr_state_WY,0.0
879,purpose_educational,0.0
880,addr_state_MT,0.0
881,addr_state_MS,0.0
882,addr_state_SD,0.0
883,home_ownership_OTHER,0.0
884,delinq_amnt,0.0
885,purpose_renewable_energy,0.0
886,addr_state_NE,0.0
887,addr_state_RI,0.0
888,home_ownership_NONE,0.0
889,num_tl_30dpd,0.0
890,addr_state_ID,0.0
891,num_tl_120dpd_2m,0.0
892,addr_state_IA,0.0
893,addr_state_DE,0.0
894,addr_state_VT,0.0
895,acc_now_delinq,0.0
