fold,train_cutoff,test_end,n_train,n_test,n_defaults,Model,Variant,AUC,PR_AUC,Brier,GINI,threshold,FNR_gap,FPR_gap,Brier_gap,n_groups
1,2010-08,2010-09,6926,1087,175,Logistic,Structured,0.862625313283208,0.5519387700365783,0.168830007314682,0.725250626566416,0.5,,,,0
1,2010-08,2010-09,6926,1087,175,Logistic,Structured,0.862625313283208,0.5519387700365783,0.168830007314682,0.725250626566416,0.6,,,,0
1,2010-08,2010-09,6926,1087,175,Logistic,Structured,0.862625313283208,0.5519387700365783,0.168830007314682,0.725250626566416,0.7,,,,0
1,2010-08,2010-09,6926,1087,175,Logistic,Structured+Text,0.8569298245614035,0.546078692131637,0.1666962653385833,0.7138596491228071,0.5,,,,0
1,2010-08,2010-09,6926,1087,175,Logistic,Structured+Text,0.8569298245614035,0.546078692131637,0.1666962653385833,0.7138596491228071,0.6,,,,0
1,2010-08,2010-09,6926,1087,175,Logistic,Structured+Text,0.8569298245614035,0.546078692131637,0.1666962653385833,0.7138596491228071,0.7,,,,0
1,2010-08,2010-09,6926,1087,175,XGBoost,Structured,0.8820238095238095,0.5533952936102906,0.13547828793525696,0.7640476190476191,0.5,,,,0
1,2010-08,2010-09,6926,1087,175,XGBoost,Structured,0.8820238095238095,0.5533952936102906,0.13547828793525696,0.7640476190476191,0.6,,,,0
1,2010-08,2010-09,6926,1087,175,XGBoost,Structured,0.8820238095238095,0.5533952936102906,0.13547828793525696,0.7640476190476191,0.7,,,,0
1,2010-08,2010-09,6926,1087,175,XGBoost,Structured+Text,0.8635338345864663,0.5715245029765706,0.1416311264038086,0.7270676691729325,0.5,,,,0
1,2010-08,2010-09,6926,1087,175,XGBoost,Structured+Text,0.8635338345864663,0.5715245029765706,0.1416311264038086,0.7270676691729325,0.6,,,,0
1,2010-08,2010-09,6926,1087,175,XGBoost,Structured+Text,0.8635338345864663,0.5715245029765706,0.1416311264038086,0.7270676691729325,0.7,,,,0
2,2010-11,2010-12,10267,1269,143,Logistic,Structured,0.8465823696729559,0.3840791807657851,0.14955218136310577,0.6931647393459117,0.5,,,,0
2,2010-11,2010-12,10267,1269,143,Logistic,Structured,0.8465823696729559,0.3840791807657851,0.14955218136310577,0.6931647393459117,0.6,,,,0
2,2010-11,2010-12,10267,1269,143,Logistic,Structured,0.8465823696729559,0.3840791807657851,0.14955218136310577,0.6931647393459117,0.7,,,,0
2,2010-11,2010-12,10267,1269,143,Logistic,Structured+Text,0.8512091815821835,0.38942031610572003,0.14932203704591057,0.702418363164367,0.5,,,,0
2,2010-11,2010-12,10267,1269,143,Logistic,Structured+Text,0.8512091815821835,0.38942031610572003,0.14932203704591057,0.702418363164367,0.6,,,,0
2,2010-11,2010-12,10267,1269,143,Logistic,Structured+Text,0.8512091815821835,0.38942031610572003,0.14932203704591057,0.702418363164367,0.7,,,,0
2,2010-11,2010-12,10267,1269,143,XGBoost,Structured,0.8520848600777552,0.37899276459054143,0.12517721951007843,0.7041697201555104,0.5,,,,0
2,2010-11,2010-12,10267,1269,143,XGBoost,Structured,0.8520848600777552,0.37899276459054143,0.12517721951007843,0.7041697201555104,0.6,,,,0
2,2010-11,2010-12,10267,1269,143,XGBoost,Structured,0.8520848600777552,0.37899276459054143,0.12517721951007843,0.7041697201555104,0.7,,,,0
2,2010-11,2010-12,10267,1269,143,XGBoost,Structured+Text,0.8647045671912457,0.41168205324833373,0.1272028684616089,0.7294091343824913,0.5,,,,0
2,2010-11,2010-12,10267,1269,143,XGBoost,Structured+Text,0.8647045671912457,0.41168205324833373,0.1272028684616089,0.7294091343824913,0.6,,,,0
2,2010-11,2010-12,10267,1269,143,XGBoost,Structured+Text,0.8647045671912457,0.41168205324833373,0.1272028684616089,0.7294091343824913,0.7,,,,0
3,2011-02,2011-03,14214,1448,210,Logistic,Structured,0.871524732671744,0.5282487297865914,0.1590840220451355,0.743049465343488,0.5,,,,0
3,2011-02,2011-03,14214,1448,210,Logistic,Structured,0.871524732671744,0.5282487297865914,0.1590840220451355,0.743049465343488,0.6,,,,0
3,2011-02,2011-03,14214,1448,210,Logistic,Structured,0.871524732671744,0.5282487297865914,0.1590840220451355,0.743049465343488,0.7,,,,0
3,2011-02,2011-03,14214,1448,210,Logistic,Structured+Text,0.867947534425725,0.5375682650074758,0.15960865060432755,0.7358950688514501,0.5,,,,0
3,2011-02,2011-03,14214,1448,210,Logistic,Structured+Text,0.867947534425725,0.5375682650074758,0.15960865060432755,0.7358950688514501,0.6,,,,0
3,2011-02,2011-03,14214,1448,210,Logistic,Structured+Text,0.867947534425725,0.5375682650074758,0.15960865060432755,0.7358950688514501,0.7,,,,0
3,2011-02,2011-03,14214,1448,210,XGBoost,Structured,0.875451957842911,0.5261821238941936,0.14058233797550201,0.7509039156858219,0.5,,,,0
3,2011-02,2011-03,14214,1448,210,XGBoost,Structured,0.875451957842911,0.5261821238941936,0.14058233797550201,0.7509039156858219,0.6,,,,0
3,2011-02,2011-03,14214,1448,210,XGBoost,Structured,0.875451957842911,0.5261821238941936,0.14058233797550201,0.7509039156858219,0.7,,,,0
3,2011-02,2011-03,14214,1448,210,XGBoost,Structured+Text,0.8739018386029694,0.5356234577424063,0.14099529385566711,0.7478036772059389,0.5,,,,0
3,2011-02,2011-03,14214,1448,210,XGBoost,Structured+Text,0.8739018386029694,0.5356234577424063,0.14099529385566711,0.7478036772059389,0.6,,,,0
3,2011-02,2011-03,14214,1448,210,XGBoost,Structured+Text,0.8739018386029694,0.5356234577424063,0.14099529385566711,0.7478036772059389,0.7,,,,0
4,2011-05,2011-06,18929,1835,271,Logistic,Structured,0.857152631628618,0.5210733869515903,0.15934441983699799,0.714305263257236,0.5,,,,0
4,2011-05,2011-06,18929,1835,271,Logistic,Structured,0.857152631628618,0.5210733869515903,0.15934441983699799,0.714305263257236,0.6,,,,0
4,2011-05,2011-06,18929,1835,271,Logistic,Structured,0.857152631628618,0.5210733869515903,0.15934441983699799,0.714305263257236,0.7,,,,0
4,2011-05,2011-06,18929,1835,271,Logistic,Structured+Text,0.8565415577429432,0.5098753272533572,0.15839229322934056,0.7130831154858863,0.5,,,,0
4,2011-05,2011-06,18929,1835,271,Logistic,Structured+Text,0.8565415577429432,0.5098753272533572,0.15839229322934056,0.7130831154858863,0.6,,,,0
4,2011-05,2011-06,18929,1835,271,Logistic,Structured+Text,0.8565415577429432,0.5098753272533572,0.15839229322934056,0.7130831154858863,0.7,,,,0
4,2011-05,2011-06,18929,1835,271,XGBoost,Structured,0.8690107681127963,0.5565783395105425,0.143827885389328,0.7380215362255926,0.5,,,,0
4,2011-05,2011-06,18929,1835,271,XGBoost,Structured,0.8690107681127963,0.5565783395105425,0.143827885389328,0.7380215362255926,0.6,,,,0
4,2011-05,2011-06,18929,1835,271,XGBoost,Structured,0.8690107681127963,0.5565783395105425,0.143827885389328,0.7380215362255926,0.7,,,,0
4,2011-05,2011-06,18929,1835,271,XGBoost,Structured+Text,0.8665240041147214,0.5468567795306356,0.1430833637714386,0.7330480082294428,0.5,,,,0
4,2011-05,2011-06,18929,1835,271,XGBoost,Structured+Text,0.8665240041147214,0.5468567795306356,0.1430833637714386,0.7330480082294428,0.6,,,,0
4,2011-05,2011-06,18929,1835,271,XGBoost,Structured+Text,0.8665240041147214,0.5468567795306356,0.1430833637714386,0.7330480082294428,0.7,,,,0
5,2011-08,2011-09,24573,2067,308,Logistic,Structured,0.8878698050102257,0.5429435925340511,0.14176486432552338,0.7757396100204514,0.5,,,,0
5,2011-08,2011-09,24573,2067,308,Logistic,Structured,0.8878698050102257,0.5429435925340511,0.14176486432552338,0.7757396100204514,0.6,,,,0
5,2011-08,2011-09,24573,2067,308,Logistic,Structured,0.8878698050102257,0.5429435925340511,0.14176486432552338,0.7757396100204514,0.7,,,,0
5,2011-08,2011-09,24573,2067,308,Logistic,Structured+Text,0.8858357390193661,0.5360921623485881,0.1422385243089487,0.7716714780387322,0.5,,,,0
5,2011-08,2011-09,24573,2067,308,Logistic,Structured+Text,0.8858357390193661,0.5360921623485881,0.1422385243089487,0.7716714780387322,0.6,,,,0
5,2011-08,2011-09,24573,2067,308,Logistic,Structured+Text,0.8858357390193661,0.5360921623485881,0.1422385243089487,0.7716714780387322,0.7,,,,0
5,2011-08,2011-09,24573,2067,308,XGBoost,Structured,0.8951071668524768,0.5798231936122096,0.1314561814069748,0.7902143337049536,0.5,,,,0
5,2011-08,2011-09,24573,2067,308,XGBoost,Structured,0.8951071668524768,0.5798231936122096,0.1314561814069748,0.7902143337049536,0.6,,,,0
5,2011-08,2011-09,24573,2067,308,XGBoost,Structured,0.8951071668524768,0.5798231936122096,0.1314561814069748,0.7902143337049536,0.7,,,,0
5,2011-08,2011-09,24573,2067,308,XGBoost,Structured+Text,0.8967536159122288,0.5635156150077401,0.1299302875995636,0.7935072318244576,0.5,,,,0
5,2011-08,2011-09,24573,2067,308,XGBoost,Structured+Text,0.8967536159122288,0.5635156150077401,0.1299302875995636,0.7935072318244576,0.6,,,,0
5,2011-08,2011-09,24573,2067,308,XGBoost,Structured+Text,0.8967536159122288,0.5635156150077401,0.1299302875995636,0.7935072318244576,0.7,,,,0
6,2011-11,2011-12,30990,2267,431,Logistic,Structured,0.8749109079053122,0.5794078487126055,0.17232877016067505,0.7498218158106245,0.5,,,,0
6,2011-11,2011-12,30990,2267,431,Logistic,Structured,0.8749109079053122,0.5794078487126055,0.17232877016067505,0.7498218158106245,0.6,,,,0
6,2011-11,2011-12,30990,2267,431,Logistic,Structured,0.8749109079053122,0.5794078487126055,0.17232877016067505,0.7498218158106245,0.7,,,,0
6,2011-11,2011-12,30990,2267,431,Logistic,Structured+Text,0.8775179574278796,0.5840928442111559,0.17262018394920242,0.7550359148557593,0.5,,,,0
6,2011-11,2011-12,30990,2267,431,Logistic,Structured+Text,0.8775179574278796,0.5840928442111559,0.17262018394920242,0.7550359148557593,0.6,,,,0
6,2011-11,2011-12,30990,2267,431,Logistic,Structured+Text,0.8775179574278796,0.5840928442111559,0.17262018394920242,0.7550359148557593,0.7,,,,0
6,2011-11,2011-12,30990,2267,431,XGBoost,Structured,0.8808756552376041,0.6061943048351193,0.1667090207338333,0.7617513104752083,0.5,,,,0
6,2011-11,2011-12,30990,2267,431,XGBoost,Structured,0.8808756552376041,0.6061943048351193,0.1667090207338333,0.7617513104752083,0.6,,,,0
6,2011-11,2011-12,30990,2267,431,XGBoost,Structured,0.8808756552376041,0.6061943048351193,0.1667090207338333,0.7617513104752083,0.7,,,,0
6,2011-11,2011-12,30990,2267,431,XGBoost,Structured+Text,0.8826366457900511,0.6122429991173819,0.16392962634563446,0.7652732915801022,0.5,,,,0
6,2011-11,2011-12,30990,2267,431,XGBoost,Structured+Text,0.8826366457900511,0.6122429991173819,0.16392962634563446,0.7652732915801022,0.6,,,,0
6,2011-11,2011-12,30990,2267,431,XGBoost,Structured+Text,0.8826366457900511,0.6122429991173819,0.16392962634563446,0.7652732915801022,0.7,,,,0
7,2012-02,2012-03,38419,2914,443,Logistic,Structured,0.8981366697939895,0.5548593080994274,0.13823583722114563,0.7962733395879791,0.5,,,,0
7,2012-02,2012-03,38419,2914,443,Logistic,Structured,0.8981366697939895,0.5548593080994274,0.13823583722114563,0.7962733395879791,0.6,,,,0
7,2012-02,2012-03,38419,2914,443,Logistic,Structured,0.8981366697939895,0.5548593080994274,0.13823583722114563,0.7962733395879791,0.7,,,,0
7,2012-02,2012-03,38419,2914,443,Logistic,Structured+Text,0.8967809890440167,0.5542628567805642,0.14108459186691033,0.7935619780880334,0.5,,,,0
7,2012-02,2012-03,38419,2914,443,Logistic,Structured+Text,0.8967809890440167,0.5542628567805642,0.14108459186691033,0.7935619780880334,0.6,,,,0
7,2012-02,2012-03,38419,2914,443,Logistic,Structured+Text,0.8967809890440167,0.5542628567805642,0.14108459186691033,0.7935619780880334,0.7,,,,0
7,2012-02,2012-03,38419,2914,443,XGBoost,Structured,0.904798141511511,0.5874248994178506,0.13243235647678375,0.8095962830230219,0.5,,,,0
7,2012-02,2012-03,38419,2914,443,XGBoost,Structured,0.904798141511511,0.5874248994178506,0.13243235647678375,0.8095962830230219,0.6,,,,0
7,2012-02,2012-03,38419,2914,443,XGBoost,Structured,0.904798141511511,0.5874248994178506,0.13243235647678375,0.8095962830230219,0.7,,,,0
7,2012-02,2012-03,38419,2914,443,XGBoost,Structured+Text,0.9032085966968526,0.579576701815388,0.1328877955675125,0.8064171933937052,0.5,,,,0
7,2012-02,2012-03,38419,2914,443,XGBoost,Structured+Text,0.9032085966968526,0.579576701815388,0.1328877955675125,0.8064171933937052,0.6,,,,0
7,2012-02,2012-03,38419,2914,443,XGBoost,Structured+Text,0.9032085966968526,0.579576701815388,0.1328877955675125,0.8064171933937052,0.7,,,,0
8,2012-05,2012-06,47963,3817,714,Logistic,Structured,0.8767543111347023,0.5925069697033511,0.1601293832063675,0.7535086222694045,0.5,,,,0
8,2012-05,2012-06,47963,3817,714,Logistic,Structured,0.8767543111347023,0.5925069697033511,0.1601293832063675,0.7535086222694045,0.6,,,,0
8,2012-05,2012-06,47963,3817,714,Logistic,Structured,0.8767543111347023,0.5925069697033511,0.1601293832063675,0.7535086222694045,0.7,,,,0
8,2012-05,2012-06,47963,3817,714,Logistic,Structured+Text,0.876144076708995,0.5937286204940778,0.16237841015737184,0.7522881534179899,0.5,,,,0
8,2012-05,2012-06,47963,3817,714,Logistic,Structured+Text,0.876144076708995,0.5937286204940778,0.16237841015737184,0.7522881534179899,0.6,,,,0
8,2012-05,2012-06,47963,3817,714,Logistic,Structured+Text,0.876144076708995,0.5937286204940778,0.16237841015737184,0.7522881534179899,0.7,,,,0
8,2012-05,2012-06,47963,3817,714,XGBoost,Structured,0.8870696199846358,0.6248830509023783,0.15026094019412994,0.7741392399692717,0.5,,,,0
8,2012-05,2012-06,47963,3817,714,XGBoost,Structured,0.8870696199846358,0.6248830509023783,0.15026094019412994,0.7741392399692717,0.6,,,,0
8,2012-05,2012-06,47963,3817,714,XGBoost,Structured,0.8870696199846358,0.6248830509023783,0.15026094019412994,0.7741392399692717,0.7,,,,0
8,2012-05,2012-06,47963,3817,714,XGBoost,Structured+Text,0.8871246855171331,0.6268024646870811,0.15164759755134583,0.7742493710342662,0.5,,,,0
8,2012-05,2012-06,47963,3817,714,XGBoost,Structured+Text,0.8871246855171331,0.6268024646870811,0.15164759755134583,0.7742493710342662,0.6,,,,0
8,2012-05,2012-06,47963,3817,714,XGBoost,Structured+Text,0.8871246855171331,0.6268024646870811,0.15164759755134583,0.7742493710342662,0.7,,,,0
9,2012-08,2012-09,61826,6087,951,Logistic,Structured,0.8869860713923038,0.5434453543938585,0.14234505593776703,0.7739721427846076,0.5,,,,0
9,2012-08,2012-09,61826,6087,951,Logistic,Structured,0.8869860713923038,0.5434453543938585,0.14234505593776703,0.7739721427846076,0.6,,,,0
9,2012-08,2012-09,61826,6087,951,Logistic,Structured,0.8869860713923038,0.5434453543938585,0.14234505593776703,0.7739721427846076,0.7,,,,0
9,2012-08,2012-09,61826,6087,951,Logistic,Structured+Text,0.8856958243658913,0.5420657556249151,0.1448728944533691,0.7713916487317827,0.5,,,,0
9,2012-08,2012-09,61826,6087,951,Logistic,Structured+Text,0.8856958243658913,0.5420657556249151,0.1448728944533691,0.7713916487317827,0.6,,,,0
9,2012-08,2012-09,61826,6087,951,Logistic,Structured+Text,0.8856958243658913,0.5420657556249151,0.1448728944533691,0.7713916487317827,0.7,,,,0
9,2012-08,2012-09,61826,6087,951,XGBoost,Structured,0.8989290458314089,0.5886180779213209,0.12768957018852234,0.7978580916628177,0.5,,,,0
9,2012-08,2012-09,61826,6087,951,XGBoost,Structured,0.8989290458314089,0.5886180779213209,0.12768957018852234,0.7978580916628177,0.6,,,,0
9,2012-08,2012-09,61826,6087,951,XGBoost,Structured,0.8989290458314089,0.5886180779213209,0.12768957018852234,0.7978580916628177,0.7,,,,0
9,2012-08,2012-09,61826,6087,951,XGBoost,Structured+Text,0.8995232924188672,0.5806026301150686,0.14119134843349457,0.7990465848377344,0.5,,,,0
9,2012-08,2012-09,61826,6087,951,XGBoost,Structured+Text,0.8995232924188672,0.5806026301150686,0.14119134843349457,0.7990465848377344,0.6,,,,0
9,2012-08,2012-09,61826,6087,951,XGBoost,Structured+Text,0.8995232924188672,0.5806026301150686,0.14119134843349457,0.7990465848377344,0.7,,,,0
10,2012-11,2012-12,80558,6066,916,Logistic,Structured,0.8849255946071989,0.535304644083823,0.13999466598033905,0.7698511892143978,0.5,,,,0
10,2012-11,2012-12,80558,6066,916,Logistic,Structured,0.8849255946071989,0.535304644083823,0.13999466598033905,0.7698511892143978,0.6,,,,0
10,2012-11,2012-12,80558,6066,916,Logistic,Structured,0.8849255946071989,0.535304644083823,0.13999466598033905,0.7698511892143978,0.7,,,,0
10,2012-11,2012-12,80558,6066,916,Logistic,Structured+Text,0.8848056132615425,0.5327711402485822,0.14140726408888302,0.769611226523085,0.5,,,,0
10,2012-11,2012-12,80558,6066,916,Logistic,Structured+Text,0.8848056132615425,0.5327711402485822,0.14140726408888302,0.769611226523085,0.6,,,,0
10,2012-11,2012-12,80558,6066,916,Logistic,Structured+Text,0.8848056132615425,0.5327711402485822,0.14140726408888302,0.769611226523085,0.7,,,,0
10,2012-11,2012-12,80558,6066,916,XGBoost,Structured,0.8947545257981091,0.5635033689843431,0.1382697969675064,0.7895090515962182,0.5,,,,0
10,2012-11,2012-12,80558,6066,916,XGBoost,Structured,0.8947545257981091,0.5635033689843431,0.1382697969675064,0.7895090515962182,0.6,,,,0
10,2012-11,2012-12,80558,6066,916,XGBoost,Structured,0.8947545257981091,0.5635033689843431,0.1382697969675064,0.7895090515962182,0.7,,,,0
10,2012-11,2012-12,80558,6066,916,XGBoost,Structured+Text,0.8971221435536526,0.5712217319859356,0.14135873317718506,0.7942442871073052,0.5,,,,0
10,2012-11,2012-12,80558,6066,916,XGBoost,Structured+Text,0.8971221435536526,0.5712217319859356,0.14135873317718506,0.7942442871073052,0.6,,,,0
10,2012-11,2012-12,80558,6066,916,XGBoost,Structured+Text,0.8971221435536526,0.5712217319859356,0.14135873317718506,0.7942442871073052,0.7,,,,0
11,2013-02,2013-03,101057,8273,1200,Logistic,Structured,0.9029908336867901,0.5675872141886545,0.1330270767211914,0.8059816673735802,0.5,0.04093567251461988,0.027056277056277056,0.022613378255742708,3
11,2013-02,2013-03,101057,8273,1200,Logistic,Structured,0.9029908336867901,0.5675872141886545,0.1330270767211914,0.8059816673735802,0.6,0.14035087719298245,0.04600092464170136,0.022613378255742708,3
11,2013-02,2013-03,101057,8273,1200,Logistic,Structured,0.9029908336867901,0.5675872141886545,0.1330270767211914,0.8059816673735802,0.7,0.02631578947368418,0.08171521035598707,0.022613378255742708,3
11,2013-02,2013-03,101057,8273,1200,Logistic,Structured+Text,0.9019312879966068,0.5641114118605961,0.13518949883026626,0.8038625759932136,0.5,0.17982456140350878,0.05735930735930736,0.019532336434703507,3
11,2013-02,2013-03,101057,8273,1200,Logistic,Structured+Text,0.9019312879966068,0.5641114118605961,0.13518949883026626,0.8038625759932136,0.6,0.08771929824561403,0.04600092464170136,0.019532336434703507,3
11,2013-02,2013-03,101057,8273,1200,Logistic,Structured+Text,0.9019312879966068,0.5641114118605961,0.13518949883026626,0.8038625759932136,0.7,0.08187134502923976,0.08171521035598707,0.019532336434703507,3
11,2013-02,2013-03,101057,8273,1200,XGBoost,Structured,0.9125333427588482,0.6002249275392294,0.12714898586273193,0.8250666855176965,0.5,0.15789473684210525,0.0018632931254290441,0.020571751214676998,3
11,2013-02,2013-03,101057,8273,1200,XGBoost,Structured,0.9125333427588482,0.6002249275392294,0.12714898586273193,0.8250666855176965,0.6,0.2324561403508772,0.01560332871012482,0.020571751214676998,3
11,2013-02,2013-03,101057,8273,1200,XGBoost,Structured,0.9125333427588482,0.6002249275392294,0.12714898586273193,0.8250666855176965,0.7,0.17105263157894735,0.07200647249190938,0.020571751214676998,3
11,2013-02,2013-03,101057,8273,1200,XGBoost,Structured+Text,0.9119559121542014,0.5935537734144086,0.12918350100517273,0.8239118243084027,0.5,0.1111111111111111,0.009740259740259744,0.019985218965640525,3
11,2013-02,2013-03,101057,8273,1200,XGBoost,Structured+Text,0.9119559121542014,0.5935537734144086,0.12918350100517273,0.8239118243084027,0.6,0.2631578947368421,0.01334776334776333,0.019985218965640525,3
11,2013-02,2013-03,101057,8273,1200,XGBoost,Structured+Text,0.9119559121542014,0.5935537734144086,0.12918350100517273,0.8239118243084027,0.7,0.08771929824561403,0.036292186777623664,0.019985218965640525,3
12,2013-05,2013-06,129099,10899,1761,Logistic,Structured,0.9016729598487896,0.585976977269865,0.1373949944972992,0.8033459196975792,0.5,0.3076923076923077,0.06704331450094161,0.07054595967997941,8
12,2013-05,2013-06,129099,10899,1761,Logistic,Structured,0.9016729598487896,0.585976977269865,0.1373949944972992,0.8033459196975792,0.6,0.3319838056680162,0.05649717514124293,0.07054595967997941,8
12,2013-05,2013-06,129099,10899,1761,Logistic,Structured,0.9016729598487896,0.585976977269865,0.1373949944972992,0.8033459196975792,0.7,0.41346153846153844,0.06470588235294117,0.07054595967997941,8
12,2013-05,2013-06,129099,10899,1761,Logistic,Structured+Text,0.9016342760740138,0.5856246373329549,0.13936835798760044,0.8032685521480276,0.5,0.3076923076923077,0.08726591760299626,0.07133900413340012,8
12,2013-05,2013-06,129099,10899,1761,Logistic,Structured+Text,0.9016342760740138,0.5856246373329549,0.13936835798760044,0.8032685521480276,0.6,0.3319838056680162,0.07608286252354049,0.07133900413340012,8
12,2013-05,2013-06,129099,10899,1761,Logistic,Structured+Text,0.9016342760740138,0.5856246373329549,0.13936835798760044,0.8032685521480276,0.7,0.41346153846153844,0.06601307189542482,0.07133900413340012,8
12,2013-05,2013-06,129099,10899,1761,XGBoost,Structured,0.9071447098803892,0.6107611463067217,0.13614162802696228,0.8142894197607784,0.5,0.3076923076923077,0.12022471910112359,0.07814682364476447,8
12,2013-05,2013-06,129099,10899,1761,XGBoost,Structured,0.9071447098803892,0.6107611463067217,0.13614162802696228,0.8142894197607784,0.6,0.3076923076923077,0.13691148775894535,0.07814682364476447,8
12,2013-05,2013-06,129099,10899,1761,XGBoost,Structured,0.9071447098803892,0.6107611463067217,0.13614162802696228,0.8142894197607784,0.7,0.32211538461538464,0.09303201506591338,0.07814682364476447,8
12,2013-05,2013-06,129099,10899,1761,XGBoost,Structured+Text,0.9075872895493902,0.6147866867527357,0.1375328004360199,0.8151745790987803,0.5,0.3076923076923077,0.134640522875817,0.07717415315495449,8
12,2013-05,2013-06,129099,10899,1761,XGBoost,Structured+Text,0.9075872895493902,0.6147866867527357,0.1375328004360199,0.8151745790987803,0.6,0.3076923076923077,0.1310734463276836,0.07717415315495449,8
12,2013-05,2013-06,129099,10899,1761,XGBoost,Structured+Text,0.9075872895493902,0.6147866867527357,0.1375328004360199,0.8151745790987803,0.7,0.3319838056680162,0.09566854990583804,0.07717415315495449,8
13,2013-08,2013-09,164582,12987,2052,Logistic,Structured,0.9117623766523966,0.632054032652239,0.12891583144664764,0.8235247533047931,0.5,0.2222222222222222,0.15979976896418943,0.09242290837629198,12
13,2013-08,2013-09,164582,12987,2052,Logistic,Structured,0.9117623766523966,0.632054032652239,0.12891583144664764,0.8235247533047931,0.6,0.2857142857142857,0.11494031574894109,0.09242290837629198,12
13,2013-08,2013-09,164582,12987,2052,Logistic,Structured,0.9117623766523966,0.632054032652239,0.12891583144664764,0.8235247533047931,0.7,0.24675324675324672,0.10658969304421291,0.09242290837629198,12
13,2013-08,2013-09,164582,12987,2052,Logistic,Structured+Text,0.9112452102669415,0.6284587745643543,0.13063419901864168,0.822490420533883,0.5,0.2222222222222222,0.15979976896418943,0.09484700554551616,12
13,2013-08,2013-09,164582,12987,2052,Logistic,Structured+Text,0.9112452102669415,0.6284587745643543,0.13063419901864168,0.822490420533883,0.6,0.2857142857142857,0.11417019638043897,0.09484700554551616,12
13,2013-08,2013-09,164582,12987,2052,Logistic,Structured+Text,0.9112452102669415,0.6284587745643543,0.13063419901864168,0.822490420533883,0.7,0.24675324675324672,0.11571043511744321,0.09484700554551616,12
13,2013-08,2013-09,164582,12987,2052,XGBoost,Structured,0.917699885287063,0.6617306725767813,0.12568478286266327,0.8353997705741261,0.5,0.2222222222222222,0.17558721601848284,0.09362272630342569,12
13,2013-08,2013-09,164582,12987,2052,XGBoost,Structured,0.917699885287063,0.6617306725767813,0.12568478286266327,0.8353997705741261,0.6,0.2222222222222222,0.1778975741239892,0.09362272630342569,12
13,2013-08,2013-09,164582,12987,2052,XGBoost,Structured,0.917699885287063,0.6617306725767813,0.12568478286266327,0.8353997705741261,0.7,0.25,0.14415942336230655,0.09362272630342569,12
13,2013-08,2013-09,164582,12987,2052,XGBoost,Structured+Text,0.917943616853443,0.6640663663210152,0.12643690407276154,0.8358872337068859,0.5,0.2222222222222222,0.1699521261616446,0.08976976645915064,12
13,2013-08,2013-09,164582,12987,2052,XGBoost,Structured+Text,0.917943616853443,0.6640663663210152,0.12643690407276154,0.8358872337068859,0.6,0.2222222222222222,0.1526330611095466,0.08976976645915064,12
13,2013-08,2013-09,164582,12987,2052,XGBoost,Structured+Text,0.917943616853443,0.6640663663210152,0.12643690407276154,0.8358872337068859,0.7,0.20238095238095238,0.12529149883400467,0.08976976645915064,12
14,2013-11,2013-12,206416,15012,2299,Logistic,Structured,0.9122087082824631,0.611643056115289,0.12673978507518768,0.8244174165649263,0.5,0.2451923076923077,0.1357627940819791,0.0776205113198292,11
14,2013-11,2013-12,206416,15012,2299,Logistic,Structured,0.9122087082824631,0.611643056115289,0.12673978507518768,0.8244174165649263,0.6,0.266304347826087,0.1418240257131378,0.0776205113198292,11
14,2013-11,2013-12,206416,15012,2299,Logistic,Structured,0.9122087082824631,0.611643056115289,0.12673978507518768,0.8244174165649263,0.7,0.2907608695652174,0.14067426631093863,0.0776205113198292,11
14,2013-11,2013-12,206416,15012,2299,Logistic,Structured+Text,0.911310007357191,0.6053876887786312,0.126745757456354,0.8226200147143821,0.5,0.2451923076923077,0.1283566058002148,0.08126343136165325,11
14,2013-11,2013-12,206416,15012,2299,Logistic,Structured+Text,0.911310007357191,0.6053876887786312,0.126745757456354,0.8226200147143821,0.6,0.2569169960474308,0.1460101867572156,0.08126343136165325,11
14,2013-11,2013-12,206416,15012,2299,Logistic,Structured+Text,0.911310007357191,0.6053876887786312,0.126745757456354,0.8226200147143821,0.7,0.3532608695652174,0.13260975018190638,0.08126343136165325,11
14,2013-11,2013-12,206416,15012,2299,XGBoost,Structured,0.9196386569805709,0.6502967048281479,0.12637419998645782,0.8392773139611418,0.5,0.13793103448275862,0.125638523790392,0.07715406536104019,11
14,2013-11,2013-12,206416,15012,2299,XGBoost,Structured,0.9196386569805709,0.6502967048281479,0.12637419998645782,0.8392773139611418,0.6,0.2451923076923077,0.14607948442534907,0.07715406536104019,11
14,2013-11,2013-12,206416,15012,2299,XGBoost,Structured,0.9196386569805709,0.6502967048281479,0.12637419998645782,0.8392773139611418,0.7,0.22461538461538463,0.12406015037593984,0.07715406536104019,11
14,2013-11,2013-12,206416,15012,2299,XGBoost,Structured+Text,0.9194341556031375,0.6486294979567157,0.12739945948123932,0.8388683112062749,0.5,0.15384615384615385,0.12781954887218044,0.07933202114840657,11
14,2013-11,2013-12,206416,15012,2299,XGBoost,Structured+Text,0.9194341556031375,0.6486294979567157,0.12739945948123932,0.8388683112062749,0.6,0.12299465240641712,0.15359828141783027,0.07933202114840657,11
14,2013-11,2013-12,206416,15012,2299,XGBoost,Structured+Text,0.9194341556031375,0.6486294979567157,0.12739945948123932,0.8388683112062749,0.7,0.22461538461538463,0.13157894736842105,0.07933202114840657,11
