fold,train_cutoff,test_end,n_train,n_test,n_defaults,Model,Arm,n_features,AUC,AUC_CI_lo,AUC_CI_hi,PR_AUC,PR_AUC_CI_lo,PR_AUC_CI_hi,Brier,Brier_CI_lo,Brier_CI_hi,GINI
1,2010-08,2010-09,6694,1042,157,Logistic,Structured,126,0.6595,0.6185,0.7003,0.2278,0.185,0.2889,0.2448,0.2334,0.2556,0.319
1,2010-08,2010-09,6694,1042,157,XGBoost,Structured,126,0.6388,0.5936,0.6827,0.2169,0.1751,0.2726,0.1998,0.1885,0.2097,0.2776
1,2010-08,2010-09,6694,1042,157,RandomForest,Structured,126,0.6349,0.5957,0.6765,0.2135,0.1717,0.2668,0.2065,0.1988,0.2138,0.2698
1,2010-08,2010-09,6694,1042,157,Logistic,Structured+TFIDF_full,6353,0.6544,0.6106,0.6987,0.2257,0.1825,0.2886,0.2317,0.2206,0.2431,0.3087
1,2010-08,2010-09,6694,1042,157,XGBoost,Structured+TFIDF_full,6353,0.6438,0.597,0.6883,0.2437,0.1934,0.3108,0.2037,0.193,0.2136,0.2876
1,2010-08,2010-09,6694,1042,157,RandomForest,Structured+TFIDF_full,6353,0.6277,0.5867,0.669,0.2232,0.1784,0.2863,0.2196,0.2147,0.2241,0.2553
1,2010-08,2010-09,6694,1042,157,Logistic,Structured+TFIDF_chi2,626,0.6553,0.6156,0.6972,0.2298,0.1845,0.2956,0.2417,0.2306,0.2529,0.3106
1,2010-08,2010-09,6694,1042,157,XGBoost,Structured+TFIDF_chi2,626,0.6327,0.5889,0.6738,0.2135,0.1744,0.2637,0.2124,0.2021,0.2217,0.2655
1,2010-08,2010-09,6694,1042,157,RandomForest,Structured+TFIDF_chi2,626,0.6282,0.5876,0.669,0.2139,0.1705,0.2743,0.2217,0.215,0.2279,0.2565
2,2010-11,2010-12,9893,1222,136,Logistic,Structured,126,0.6803,0.6334,0.725,0.2075,0.1632,0.2692,0.2092,0.199,0.2202,0.3606
2,2010-11,2010-12,9893,1222,136,XGBoost,Structured,126,0.6762,0.6266,0.7229,0.2292,0.1772,0.2998,0.1755,0.1643,0.1869,0.3523
2,2010-11,2010-12,9893,1222,136,RandomForest,Structured,126,0.6652,0.6186,0.7123,0.2109,0.161,0.2736,0.1798,0.1717,0.1871,0.3305
2,2010-11,2010-12,9893,1222,136,Logistic,Structured+TFIDF_full,8750,0.6931,0.6478,0.7399,0.2212,0.174,0.285,0.1992,0.1886,0.2101,0.3863
2,2010-11,2010-12,9893,1222,136,XGBoost,Structured+TFIDF_full,8750,0.6945,0.6451,0.744,0.2302,0.1823,0.2966,0.1743,0.1646,0.1834,0.3891
2,2010-11,2010-12,9893,1222,136,RandomForest,Structured+TFIDF_full,8750,0.6867,0.6415,0.7344,0.2209,0.173,0.2803,0.2022,0.1977,0.2066,0.3735
2,2010-11,2010-12,9893,1222,136,Logistic,Structured+TFIDF_chi2,626,0.6853,0.6378,0.7306,0.2131,0.1665,0.2774,0.207,0.1969,0.2179,0.3705
2,2010-11,2010-12,9893,1222,136,XGBoost,Structured+TFIDF_chi2,626,0.6851,0.6362,0.7321,0.2342,0.1829,0.3029,0.1781,0.1683,0.1883,0.3702
2,2010-11,2010-12,9893,1222,136,RandomForest,Structured+TFIDF_chi2,626,0.6695,0.6228,0.7156,0.2144,0.1654,0.2806,0.201,0.1946,0.2073,0.3389
3,2011-02,2011-03,13674,1369,184,Logistic,Structured,126,0.705,0.6697,0.7438,0.2516,0.2098,0.312,0.2293,0.219,0.2395,0.41
3,2011-02,2011-03,13674,1369,184,XGBoost,Structured,126,0.6867,0.646,0.7289,0.2471,0.2025,0.3062,0.2025,0.1931,0.2122,0.3735
3,2011-02,2011-03,13674,1369,184,RandomForest,Structured,126,0.7012,0.6646,0.7418,0.251,0.2066,0.3126,0.1946,0.1869,0.2017,0.4024
3,2011-02,2011-03,13674,1369,184,Logistic,Structured+TFIDF_full,11352,0.7054,0.6689,0.7429,0.261,0.2199,0.325,0.2203,0.2103,0.2308,0.4109
3,2011-02,2011-03,13674,1369,184,XGBoost,Structured+TFIDF_full,11352,0.6978,0.6608,0.7363,0.2579,0.212,0.3154,0.2034,0.1943,0.2127,0.3956
3,2011-02,2011-03,13674,1369,184,RandomForest,Structured+TFIDF_full,11352,0.6918,0.6577,0.732,0.2468,0.2037,0.3022,0.2147,0.2103,0.2188,0.3835
3,2011-02,2011-03,13674,1369,184,Logistic,Structured+TFIDF_chi2,626,0.7103,0.6752,0.7478,0.2659,0.2233,0.3307,0.2264,0.2162,0.2362,0.4207
3,2011-02,2011-03,13674,1369,184,XGBoost,Structured+TFIDF_chi2,626,0.7004,0.6643,0.7408,0.2591,0.2159,0.3185,0.204,0.1946,0.2124,0.4007
3,2011-02,2011-03,13674,1369,184,RandomForest,Structured+TFIDF_chi2,626,0.7047,0.6679,0.7464,0.2669,0.2178,0.3339,0.2134,0.2071,0.2192,0.4094
4,2011-05,2011-06,18165,1762,255,Logistic,Structured,126,0.7001,0.6653,0.7378,0.2835,0.2345,0.3446,0.2308,0.2217,0.2395,0.4002
4,2011-05,2011-06,18165,1762,255,XGBoost,Structured,126,0.6759,0.6426,0.7117,0.2362,0.2007,0.2825,0.2079,0.1998,0.2158,0.3518
4,2011-05,2011-06,18165,1762,255,RandomForest,Structured,126,0.6889,0.6551,0.7237,0.2425,0.2059,0.2897,0.1931,0.1871,0.1993,0.3778
4,2011-05,2011-06,18165,1762,255,Logistic,Structured+TFIDF_full,13798,0.7077,0.6738,0.7429,0.2947,0.2463,0.359,0.2213,0.2126,0.2297,0.4155
4,2011-05,2011-06,18165,1762,255,XGBoost,Structured+TFIDF_full,13798,0.7102,0.6737,0.7429,0.2895,0.2402,0.3443,0.2036,0.1962,0.2106,0.4204
4,2011-05,2011-06,18165,1762,255,RandomForest,Structured+TFIDF_full,13798,0.6908,0.6572,0.7215,0.2476,0.2132,0.2979,0.2148,0.211,0.2183,0.3816
4,2011-05,2011-06,18165,1762,255,Logistic,Structured+TFIDF_chi2,626,0.702,0.6676,0.7389,0.2858,0.2376,0.3465,0.2286,0.2196,0.237,0.4041
4,2011-05,2011-06,18165,1762,255,XGBoost,Structured+TFIDF_chi2,626,0.7007,0.6667,0.734,0.2756,0.2322,0.3288,0.2071,0.1997,0.2148,0.4015
4,2011-05,2011-06,18165,1762,255,RandomForest,Structured+TFIDF_chi2,626,0.6941,0.6617,0.73,0.2507,0.2143,0.3012,0.2125,0.2072,0.2177,0.3882
5,2011-08,2011-09,23547,1979,286,Logistic,Structured,126,0.7194,0.6881,0.7509,0.303,0.2548,0.3572,0.217,0.2093,0.225,0.4388
5,2011-08,2011-09,23547,1979,286,XGBoost,Structured,126,0.7201,0.6915,0.7523,0.3193,0.2677,0.3827,0.1968,0.1892,0.2044,0.4402
5,2011-08,2011-09,23547,1979,286,RandomForest,Structured,126,0.715,0.683,0.7466,0.3124,0.2665,0.3702,0.181,0.1754,0.1874,0.43
5,2011-08,2011-09,23547,1979,286,Logistic,Structured+TFIDF_full,16630,0.721,0.6894,0.7519,0.3115,0.2637,0.3685,0.2117,0.2037,0.2194,0.442
5,2011-08,2011-09,23547,1979,286,XGBoost,Structured+TFIDF_full,16630,0.7134,0.6829,0.7448,0.3051,0.262,0.363,0.1989,0.1926,0.2058,0.4267
5,2011-08,2011-09,23547,1979,286,RandomForest,Structured+TFIDF_full,16630,0.7078,0.6789,0.7388,0.3079,0.2632,0.3653,0.2107,0.2074,0.2139,0.4156
5,2011-08,2011-09,23547,1979,286,Logistic,Structured+TFIDF_chi2,626,0.721,0.6895,0.7516,0.309,0.2602,0.3647,0.2168,0.2093,0.2247,0.4419
5,2011-08,2011-09,23547,1979,286,XGBoost,Structured+TFIDF_chi2,626,0.715,0.684,0.7475,0.2951,0.2534,0.3538,0.2015,0.1945,0.2089,0.43
5,2011-08,2011-09,23547,1979,286,RandomForest,Structured+TFIDF_chi2,626,0.7162,0.6861,0.7474,0.3186,0.2696,0.3745,0.2029,0.1982,0.208,0.4324
6,2011-11,2011-12,29671,2190,406,Logistic,Structured,126,0.6703,0.6406,0.6955,0.2986,0.2637,0.3379,0.2595,0.2529,0.2672,0.3407
6,2011-11,2011-12,29671,2190,406,XGBoost,Structured,126,0.6806,0.6524,0.707,0.3107,0.2729,0.3521,0.2402,0.2336,0.2472,0.3612
6,2011-11,2011-12,29671,2190,406,RandomForest,Structured,126,0.6743,0.6455,0.7006,0.3046,0.2678,0.343,0.215,0.2096,0.2205,0.3485
6,2011-11,2011-12,29671,2190,406,Logistic,Structured+TFIDF_full,19207,0.6758,0.6446,0.702,0.3082,0.2729,0.3475,0.2553,0.2486,0.2636,0.3516
6,2011-11,2011-12,29671,2190,406,XGBoost,Structured+TFIDF_full,19207,0.668,0.6382,0.6936,0.3057,0.2704,0.3481,0.244,0.2382,0.2506,0.336
6,2011-11,2011-12,29671,2190,406,RandomForest,Structured+TFIDF_full,19207,0.6698,0.6412,0.6961,0.3095,0.2746,0.3513,0.2327,0.2298,0.2359,0.3395
6,2011-11,2011-12,29671,2190,406,Logistic,Structured+TFIDF_chi2,626,0.6707,0.6407,0.6966,0.2991,0.2652,0.3378,0.2602,0.2538,0.2683,0.3413
6,2011-11,2011-12,29671,2190,406,XGBoost,Structured+TFIDF_chi2,626,0.6779,0.6494,0.7035,0.3064,0.2684,0.3436,0.2444,0.2381,0.2514,0.3557
6,2011-11,2011-12,29671,2190,406,RandomForest,Structured+TFIDF_chi2,626,0.6729,0.6434,0.6986,0.3053,0.2696,0.3474,0.2327,0.2283,0.2372,0.3458
7,2012-02,2012-03,36786,2781,413,Logistic,Structured,126,0.7009,0.6742,0.7264,0.2914,0.2558,0.3348,0.2201,0.2139,0.226,0.4018
7,2012-02,2012-03,36786,2781,413,XGBoost,Structured,126,0.7002,0.6748,0.7274,0.3004,0.2641,0.3431,0.2084,0.2027,0.214,0.4005
7,2012-02,2012-03,36786,2781,413,RandomForest,Structured,126,0.6907,0.663,0.7194,0.2763,0.2453,0.318,0.1861,0.1819,0.1908,0.3813
7,2012-02,2012-03,36786,2781,413,Logistic,Structured+TFIDF_full,21608,0.7047,0.6781,0.7293,0.2943,0.2591,0.3386,0.2191,0.2131,0.2249,0.4093
7,2012-02,2012-03,36786,2781,413,XGBoost,Structured+TFIDF_full,21608,0.6989,0.6717,0.7248,0.2766,0.244,0.3144,0.2127,0.2077,0.2181,0.3978
7,2012-02,2012-03,36786,2781,413,RandomForest,Structured+TFIDF_full,21608,0.6775,0.6495,0.7035,0.2666,0.2328,0.3063,0.22,0.2175,0.2226,0.3549
7,2012-02,2012-03,36786,2781,413,Logistic,Structured+TFIDF_chi2,626,0.7029,0.6768,0.7285,0.2949,0.259,0.3396,0.2209,0.215,0.2269,0.4059
7,2012-02,2012-03,36786,2781,413,XGBoost,Structured+TFIDF_chi2,626,0.7023,0.6752,0.7289,0.2797,0.2471,0.3201,0.2127,0.2071,0.218,0.4047
7,2012-02,2012-03,36786,2781,413,RandomForest,Structured+TFIDF_chi2,626,0.6846,0.657,0.7113,0.2721,0.2377,0.3109,0.2058,0.202,0.2094,0.3692
8,2012-05,2012-06,45976,3713,681,Logistic,Structured,126,0.6855,0.6624,0.7052,0.3317,0.2982,0.3629,0.2619,0.2563,0.2681,0.3709
8,2012-05,2012-06,45976,3713,681,XGBoost,Structured,126,0.6916,0.667,0.7119,0.3334,0.2993,0.3687,0.236,0.2304,0.2417,0.3832
8,2012-05,2012-06,45976,3713,681,RandomForest,Structured,126,0.6831,0.6573,0.7042,0.3297,0.2957,0.3659,0.2138,0.2098,0.218,0.3663
8,2012-05,2012-06,45976,3713,681,Logistic,Structured+TFIDF_full,24482,0.6909,0.667,0.7114,0.3369,0.3015,0.3671,0.2576,0.2516,0.2637,0.3817
8,2012-05,2012-06,45976,3713,681,XGBoost,Structured+TFIDF_full,24482,0.6843,0.6589,0.706,0.3341,0.3007,0.3669,0.2437,0.239,0.2492,0.3686
8,2012-05,2012-06,45976,3713,681,RandomForest,Structured+TFIDF_full,24482,0.6771,0.6543,0.6985,0.3085,0.2776,0.3398,0.242,0.2399,0.2445,0.3541
8,2012-05,2012-06,45976,3713,681,Logistic,Structured+TFIDF_chi2,626,0.6866,0.6638,0.7069,0.3307,0.2965,0.361,0.261,0.2551,0.2672,0.3732
8,2012-05,2012-06,45976,3713,681,XGBoost,Structured+TFIDF_chi2,626,0.6887,0.6638,0.7097,0.327,0.2944,0.3597,0.2433,0.2383,0.2486,0.3774
8,2012-05,2012-06,45976,3713,681,RandomForest,Structured+TFIDF_chi2,626,0.6796,0.6547,0.7014,0.319,0.2849,0.3524,0.228,0.2245,0.2319,0.3591
9,2012-08,2012-09,59483,5975,919,Logistic,Structured,126,0.6995,0.6821,0.7181,0.2809,0.2595,0.3078,0.2315,0.2267,0.2359,0.399
9,2012-08,2012-09,59483,5975,919,XGBoost,Structured,126,0.6972,0.6785,0.7148,0.2865,0.2624,0.3136,0.2026,0.1986,0.207,0.3945
9,2012-08,2012-09,59483,5975,919,RandomForest,Structured,126,0.7043,0.6873,0.7222,0.2937,0.2687,0.3224,0.1918,0.1886,0.1948,0.4086
9,2012-08,2012-09,59483,5975,919,Logistic,Structured+TFIDF_full,29199,0.7016,0.6853,0.7196,0.2828,0.2612,0.3076,0.2288,0.2238,0.2333,0.4032
9,2012-08,2012-09,59483,5975,919,XGBoost,Structured+TFIDF_full,29199,0.7117,0.6931,0.7289,0.2951,0.2694,0.325,0.2325,0.2284,0.2363,0.4234
9,2012-08,2012-09,59483,5975,919,RandomForest,Structured+TFIDF_full,29199,0.6918,0.6727,0.7104,0.277,0.252,0.3047,0.2404,0.2388,0.242,0.3836
9,2012-08,2012-09,59483,5975,919,Logistic,Structured+TFIDF_chi2,626,0.698,0.6811,0.7168,0.2812,0.2596,0.3062,0.231,0.2261,0.2355,0.3961
9,2012-08,2012-09,59483,5975,919,XGBoost,Structured+TFIDF_chi2,626,0.7158,0.6979,0.734,0.3053,0.2782,0.3348,0.2208,0.2169,0.225,0.4316
9,2012-08,2012-09,59483,5975,919,RandomForest,Structured+TFIDF_chi2,626,0.6981,0.68,0.7158,0.289,0.2646,0.3201,0.211,0.2082,0.2136,0.3962
10,2012-11,2012-12,77872,5970,893,Logistic,Structured,126,0.6922,0.6738,0.7105,0.2879,0.2618,0.3151,0.2203,0.2156,0.2245,0.3843
10,2012-11,2012-12,77872,5970,893,XGBoost,Structured,126,0.6945,0.6768,0.7123,0.2943,0.2695,0.3228,0.2036,0.1995,0.2076,0.3889
10,2012-11,2012-12,77872,5970,893,RandomForest,Structured,126,0.6926,0.6744,0.7103,0.2844,0.2595,0.3112,0.172,0.1686,0.1751,0.3852
10,2012-11,2012-12,77872,5970,893,Logistic,Structured+TFIDF_full,34443,0.6955,0.6771,0.7133,0.2918,0.2671,0.3208,0.2192,0.2147,0.2234,0.391
10,2012-11,2012-12,77872,5970,893,XGBoost,Structured+TFIDF_full,34443,0.6925,0.6745,0.7113,0.29,0.2648,0.3178,0.2134,0.2092,0.2168,0.385
10,2012-11,2012-12,77872,5970,893,RandomForest,Structured+TFIDF_full,34443,0.6885,0.67,0.7068,0.2802,0.255,0.3091,0.2359,0.2343,0.2374,0.377
10,2012-11,2012-12,77872,5970,893,Logistic,Structured+TFIDF_chi2,626,0.6933,0.6749,0.7109,0.2878,0.2628,0.317,0.221,0.2163,0.2251,0.3865
10,2012-11,2012-12,77872,5970,893,XGBoost,Structured+TFIDF_chi2,626,0.6952,0.677,0.7134,0.2905,0.2637,0.3208,0.2101,0.2058,0.214,0.3905
10,2012-11,2012-12,77872,5970,893,RandomForest,Structured+TFIDF_chi2,626,0.6945,0.6762,0.7121,0.2872,0.2619,0.3154,0.1905,0.1877,0.1931,0.389
11,2013-02,2013-03,98111,8184,1164,Logistic,Structured,126,0.6917,0.6745,0.7064,0.2514,0.2322,0.2743,0.2297,0.2262,0.2333,0.3835
11,2013-02,2013-03,98111,8184,1164,XGBoost,Structured,126,0.6967,0.6801,0.7116,0.2672,0.2473,0.2926,0.2173,0.2142,0.2209,0.3934
11,2013-02,2013-03,98111,8184,1164,RandomForest,Structured,126,0.6909,0.6737,0.7059,0.2585,0.2396,0.2834,0.1762,0.1737,0.179,0.3818
11,2013-02,2013-03,98111,8184,1164,Logistic,Structured+TFIDF_full,39334,0.6958,0.6796,0.7106,0.256,0.2364,0.2787,0.2287,0.2251,0.2325,0.3915
11,2013-02,2013-03,98111,8184,1164,XGBoost,Structured+TFIDF_full,39334,0.6914,0.6745,0.7056,0.2611,0.243,0.2846,0.2241,0.221,0.2274,0.3828
11,2013-02,2013-03,98111,8184,1164,RandomForest,Structured+TFIDF_full,39334,0.6842,0.6678,0.6981,0.2588,0.2396,0.2812,0.2345,0.2334,0.2359,0.3683
11,2013-02,2013-03,98111,8184,1164,Logistic,Structured+TFIDF_chi2,626,0.693,0.6754,0.708,0.2531,0.2335,0.2763,0.2304,0.2269,0.2341,0.386
11,2013-02,2013-03,98111,8184,1164,XGBoost,Structured+TFIDF_chi2,626,0.6924,0.6753,0.7072,0.2663,0.2474,0.2914,0.2215,0.2185,0.225,0.3849
11,2013-02,2013-03,98111,8184,1164,RandomForest,Structured+TFIDF_chi2,626,0.6898,0.6726,0.7041,0.2615,0.2428,0.2864,0.1929,0.1908,0.1954,0.3795
12,2013-05,2013-06,125865,10802,1739,Logistic,Structured,126,0.7036,0.6906,0.7157,0.2958,0.2784,0.316,0.2305,0.2275,0.2335,0.4072
12,2013-05,2013-06,125865,10802,1739,XGBoost,Structured,126,0.7055,0.6927,0.7171,0.3016,0.2836,0.3222,0.2255,0.2225,0.2283,0.4109
12,2013-05,2013-06,125865,10802,1739,RandomForest,Structured,126,0.6999,0.687,0.7118,0.2997,0.2827,0.3207,0.1826,0.1801,0.1851,0.3998
12,2013-05,2013-06,125865,10802,1739,Logistic,Structured+TFIDF_full,44361,0.7064,0.6942,0.7179,0.2963,0.2798,0.3152,0.2311,0.2281,0.2342,0.4129
12,2013-05,2013-06,125865,10802,1739,XGBoost,Structured+TFIDF_full,44361,0.7047,0.6925,0.7162,0.3008,0.2833,0.3213,0.231,0.2282,0.2336,0.4094
12,2013-05,2013-06,125865,10802,1739,RandomForest,Structured+TFIDF_full,44361,0.6876,0.6745,0.7002,0.288,0.2703,0.3079,0.238,0.2369,0.2392,0.3753
12,2013-05,2013-06,125865,10802,1739,Logistic,Structured+TFIDF_chi2,626,0.7045,0.6918,0.7161,0.2947,0.2766,0.314,0.2318,0.2288,0.2348,0.4089
12,2013-05,2013-06,125865,10802,1739,XGBoost,Structured+TFIDF_chi2,626,0.7046,0.6925,0.7163,0.3016,0.2844,0.3209,0.2297,0.2269,0.2325,0.4093
12,2013-05,2013-06,125865,10802,1739,RandomForest,Structured+TFIDF_chi2,626,0.6969,0.6836,0.709,0.2981,0.2795,0.3193,0.1989,0.1967,0.2011,0.3938
13,2013-08,2013-09,161023,12846,2007,Logistic,Structured,126,0.6946,0.6826,0.7054,0.2794,0.2629,0.2984,0.2322,0.2293,0.235,0.3891
13,2013-08,2013-09,161023,12846,2007,XGBoost,Structured,126,0.696,0.6839,0.7076,0.2799,0.2643,0.2989,0.2275,0.2247,0.2304,0.3919
13,2013-08,2013-09,161023,12846,2007,RandomForest,Structured,126,0.6895,0.678,0.7005,0.2723,0.2567,0.2901,0.1827,0.1802,0.1849,0.379
13,2013-08,2013-09,161023,12846,2007,Logistic,Structured+TFIDF_full,49732,0.6963,0.6847,0.7072,0.28,0.2633,0.2981,0.2325,0.2296,0.2355,0.3926
13,2013-08,2013-09,161023,12846,2007,XGBoost,Structured+TFIDF_full,49732,0.6947,0.6834,0.7063,0.2786,0.2622,0.2964,0.2302,0.2276,0.2328,0.3895
13,2013-08,2013-09,161023,12846,2007,RandomForest,Structured+TFIDF_full,49732,0.6775,0.6658,0.6892,0.2649,0.2486,0.2824,0.2368,0.2358,0.2378,0.355
13,2013-08,2013-09,161023,12846,2007,Logistic,Structured+TFIDF_chi2,626,0.6952,0.6832,0.7059,0.2788,0.2624,0.2969,0.2334,0.2305,0.2363,0.3903
13,2013-08,2013-09,161023,12846,2007,XGBoost,Structured+TFIDF_chi2,626,0.695,0.6833,0.7059,0.2777,0.2613,0.2958,0.2295,0.2267,0.2322,0.39
13,2013-08,2013-09,161023,12846,2007,RandomForest,Structured+TFIDF_chi2,626,0.6874,0.6756,0.6983,0.2701,0.2543,0.2885,0.1972,0.1952,0.1992,0.3749
14,2013-11,2013-12,202442,14845,2263,Logistic,Structured,126,0.6997,0.6889,0.7105,0.2819,0.267,0.2999,0.221,0.2184,0.2237,0.3995
14,2013-11,2013-12,202442,14845,2263,XGBoost,Structured,126,0.7056,0.6954,0.7163,0.2886,0.2741,0.3066,0.2154,0.2129,0.218,0.4113
14,2013-11,2013-12,202442,14845,2263,RandomForest,Structured,126,0.704,0.6931,0.7151,0.287,0.2726,0.3046,0.1727,0.1704,0.1749,0.408
14,2013-11,2013-12,202442,14845,2263,Logistic,Structured+TFIDF_full,55154,0.7027,0.692,0.7144,0.285,0.2701,0.3024,0.2186,0.2158,0.2212,0.4054
14,2013-11,2013-12,202442,14845,2263,XGBoost,Structured+TFIDF_full,55154,0.7046,0.6941,0.7154,0.2892,0.2741,0.3075,0.2181,0.2156,0.2206,0.4091
14,2013-11,2013-12,202442,14845,2263,RandomForest,Structured+TFIDF_full,55154,0.6946,0.6832,0.7055,0.2796,0.2653,0.2973,0.2323,0.2314,0.2333,0.3892
14,2013-11,2013-12,202442,14845,2263,Logistic,Structured+TFIDF_chi2,626,0.7008,0.6902,0.7121,0.2829,0.2668,0.3,0.2216,0.2189,0.2243,0.4016
14,2013-11,2013-12,202442,14845,2263,XGBoost,Structured+TFIDF_chi2,626,0.7047,0.6943,0.7155,0.287,0.272,0.3046,0.2176,0.2152,0.2202,0.4094
14,2013-11,2013-12,202442,14845,2263,RandomForest,Structured+TFIDF_chi2,626,0.7019,0.6911,0.7127,0.2874,0.2732,0.3052,0.1882,0.1862,0.1902,0.4037
