zip3,Model,Variant,n_folds,n_total,n_default,AUC_mean,FNR_mean,FPR_mean,Brier_mean,default_rate
100,Logistic,Structured,3,332,40,0.675,0.4008,0.3217,0.211,0.1205
100,Logistic,Structured+FinBERT,3,332,40,0.6705,0.4286,0.3175,0.2088,0.1205
100,RandomForest,Structured,3,332,40,0.6629,0.631,0.1587,0.1653,0.1205
100,RandomForest,Structured+FinBERT,3,332,40,0.6557,0.6587,0.1414,0.1635,0.1205
100,XGBoost,Structured,3,332,40,0.6721,0.4246,0.3599,0.2106,0.1205
100,XGBoost,Structured+FinBERT,3,332,40,0.691,0.3532,0.3336,0.2064,0.1205
104,Logistic,Structured,2,196,43,0.7848,0.0996,0.5154,0.2456,0.2194
104,Logistic,Structured+FinBERT,2,196,43,0.7702,0.081,0.5354,0.2484,0.2194
104,RandomForest,Structured,2,196,43,0.7643,0.4294,0.2154,0.1889,0.2194
104,RandomForest,Structured+FinBERT,2,196,43,0.769,0.4479,0.2018,0.1876,0.2194
104,XGBoost,Structured,2,196,43,0.777,0.0683,0.47,0.2352,0.2194
104,XGBoost,Structured+FinBERT,2,196,43,0.7709,0.0683,0.4906,0.2358,0.2194
112,Logistic,Structured,4,505,102,0.702,0.2591,0.4178,0.2342,0.202
112,Logistic,Structured+FinBERT,4,505,102,0.7,0.265,0.412,0.2366,0.202
112,RandomForest,Structured,4,505,102,0.7177,0.5446,0.1875,0.1846,0.202
112,RandomForest,Structured+FinBERT,4,505,102,0.711,0.5898,0.1677,0.1822,0.202
112,XGBoost,Structured,4,505,102,0.715,0.2819,0.4155,0.226,0.202
112,XGBoost,Structured+FinBERT,4,505,102,0.7219,0.3195,0.4136,0.2235,0.202
117,Logistic,Structured,2,194,38,0.6176,0.36,0.4456,0.2495,0.1959
117,Logistic,Structured+FinBERT,2,194,38,0.6229,0.36,0.4886,0.2526,0.1959
117,RandomForest,Structured,2,194,38,0.5676,0.7563,0.2166,0.2037,0.1959
117,RandomForest,Structured+FinBERT,2,194,38,0.5754,0.7212,0.2199,0.2007,0.1959
117,XGBoost,Structured,2,194,38,0.5826,0.3838,0.4496,0.2497,0.1959
117,XGBoost,Structured+FinBERT,2,194,38,0.5762,0.4369,0.4382,0.2508,0.1959
300,Logistic,Structured,2,215,27,0.8084,0.225,0.3386,0.2,0.1256
300,Logistic,Structured+FinBERT,2,215,27,0.8018,0.225,0.3582,0.2034,0.1256
300,RandomForest,Structured,2,215,27,0.7796,0.3584,0.1825,0.1634,0.1256
300,RandomForest,Structured+FinBERT,2,215,27,0.7684,0.3916,0.1556,0.1623,0.1256
300,XGBoost,Structured,2,215,27,0.7878,0.225,0.3694,0.206,0.1256
300,XGBoost,Structured+FinBERT,2,215,27,0.7652,0.2583,0.3846,0.2109,0.1256
330,Logistic,Structured,3,286,51,0.6583,0.2817,0.5244,0.2669,0.1783
330,Logistic,Structured+FinBERT,3,286,51,0.6516,0.3026,0.5148,0.2682,0.1783
330,RandomForest,Structured,3,286,51,0.6735,0.4742,0.2327,0.1958,0.1783
330,RandomForest,Structured+FinBERT,3,286,51,0.6677,0.5109,0.214,0.1931,0.1783
330,XGBoost,Structured,3,286,51,0.6949,0.245,0.4695,0.2486,0.1783
330,XGBoost,Structured+FinBERT,3,286,51,0.6792,0.245,0.466,0.2479,0.1783
331,Logistic,Structured,3,304,47,0.6361,0.2807,0.4875,0.2644,0.1546
331,Logistic,Structured+FinBERT,3,304,47,0.64,0.2973,0.4964,0.264,0.1546
331,RandomForest,Structured,3,304,47,0.6156,0.5966,0.2607,0.1979,0.1546
331,RandomForest,Structured+FinBERT,3,304,47,0.6199,0.5966,0.2188,0.1941,0.1546
331,XGBoost,Structured,3,304,47,0.6228,0.3455,0.5128,0.2586,0.1546
331,XGBoost,Structured+FinBERT,3,304,47,0.6381,0.3455,0.4819,0.2558,0.1546
334,Logistic,Structured,1,82,19,0.6984,0.4211,0.3175,0.2221,0.2317
334,Logistic,Structured+FinBERT,1,82,19,0.6717,0.4737,0.3333,0.2272,0.2317
334,RandomForest,Structured,1,82,19,0.7293,0.5263,0.1429,0.176,0.2317
334,RandomForest,Structured+FinBERT,1,82,19,0.7368,0.5789,0.1429,0.1753,0.2317
334,XGBoost,Structured,1,82,19,0.7494,0.3684,0.3333,0.2079,0.2317
334,XGBoost,Structured+FinBERT,1,82,19,0.7277,0.3158,0.3175,0.212,0.2317
606,Logistic,Structured,4,442,56,0.7528,0.3824,0.2766,0.1891,0.1267
606,Logistic,Structured+FinBERT,4,442,56,0.7425,0.3646,0.2571,0.1904,0.1267
606,RandomForest,Structured,4,442,56,0.7696,0.5238,0.1678,0.1584,0.1267
606,RandomForest,Structured+FinBERT,4,442,56,0.7598,0.5729,0.1402,0.157,0.1267
606,XGBoost,Structured,4,442,56,0.7707,0.3467,0.2942,0.1895,0.1267
606,XGBoost,Structured+FinBERT,4,442,56,0.7475,0.3624,0.32,0.1962,0.1267
70,Logistic,Structured,2,258,49,0.7057,0.3189,0.3594,0.2236,0.1899
70,Logistic,Structured+FinBERT,2,258,49,0.6969,0.3189,0.369,0.2261,0.1899
70,RandomForest,Structured,2,258,49,0.6908,0.6498,0.1343,0.173,0.1899
70,RandomForest,Structured+FinBERT,2,258,49,0.6876,0.6948,0.1392,0.1723,0.1899
70,XGBoost,Structured,2,258,49,0.6872,0.3934,0.3597,0.217,0.1899
70,XGBoost,Structured+FinBERT,2,258,49,0.6839,0.4072,0.3692,0.2177,0.1899
750,Logistic,Structured,5,615,87,0.698,0.4748,0.2478,0.1911,0.1415
750,Logistic,Structured+FinBERT,5,615,87,0.7004,0.5035,0.2484,0.1902,0.1415
750,RandomForest,Structured,5,615,87,0.6778,0.7582,0.1644,0.1661,0.1415
750,RandomForest,Structured+FinBERT,5,615,87,0.6843,0.762,0.1434,0.163,0.1415
750,XGBoost,Structured,5,615,87,0.7045,0.4498,0.2658,0.1883,0.1415
750,XGBoost,Structured+FinBERT,5,615,87,0.6988,0.4281,0.2866,0.1907,0.1415
770,Logistic,Structured,3,289,38,0.6602,0.4607,0.2996,0.2099,0.1315
770,Logistic,Structured+FinBERT,3,289,38,0.667,0.4274,0.2955,0.2091,0.1315
770,RandomForest,Structured,3,289,38,0.6713,0.5308,0.1801,0.1769,0.1315
770,RandomForest,Structured+FinBERT,3,289,38,0.674,0.5786,0.1764,0.1757,0.1315
770,XGBoost,Structured,3,289,38,0.6884,0.4017,0.3298,0.2062,0.1315
770,XGBoost,Structured+FinBERT,3,289,38,0.6928,0.4017,0.3283,0.2082,0.1315
773,Logistic,Structured,1,80,13,0.7268,0.3846,0.2388,0.1933,0.1625
773,Logistic,Structured+FinBERT,1,80,13,0.7026,0.3846,0.209,0.1937,0.1625
773,RandomForest,Structured,1,80,13,0.7279,0.5385,0.1642,0.1673,0.1625
773,RandomForest,Structured+FinBERT,1,80,13,0.7107,0.5385,0.1642,0.1679,0.1625
773,XGBoost,Structured,1,80,13,0.721,0.3846,0.3134,0.1945,0.1625
773,XGBoost,Structured+FinBERT,1,80,13,0.7199,0.4615,0.3284,0.197,0.1625
80,Logistic,Structured,1,89,11,0.6166,0.3636,0.5,0.2597,0.1236
80,Logistic,Structured+FinBERT,1,89,11,0.6434,0.3636,0.4872,0.2575,0.1236
80,RandomForest,Structured,1,89,11,0.6166,0.6364,0.1795,0.1854,0.1236
80,RandomForest,Structured+FinBERT,1,89,11,0.62,0.7273,0.1667,0.1801,0.1236
80,XGBoost,Structured,1,89,11,0.5862,0.3636,0.4231,0.2539,0.1236
80,XGBoost,Structured+FinBERT,1,89,11,0.6387,0.3636,0.4359,0.2478,0.1236
891,Logistic,Structured,3,285,65,0.6771,0.2646,0.5301,0.2624,0.2281
891,Logistic,Structured+FinBERT,3,285,65,0.6693,0.2646,0.5349,0.2653,0.2281
891,RandomForest,Structured,3,285,65,0.6756,0.5367,0.2243,0.1921,0.2281
891,RandomForest,Structured+FinBERT,3,285,65,0.6718,0.6194,0.1961,0.1903,0.2281
891,XGBoost,Structured,3,285,65,0.6702,0.2938,0.436,0.2399,0.2281
891,XGBoost,Structured+FinBERT,3,285,65,0.6629,0.3289,0.4652,0.2419,0.2281
900,Logistic,Structured,4,435,66,0.7002,0.3547,0.3562,0.2235,0.1517
900,Logistic,Structured+FinBERT,4,435,66,0.6968,0.3833,0.3542,0.2222,0.1517
900,RandomForest,Structured,4,435,66,0.6902,0.6526,0.1926,0.1758,0.1517
900,RandomForest,Structured+FinBERT,4,435,66,0.6862,0.6378,0.1666,0.1742,0.1517
900,XGBoost,Structured,4,435,66,0.6861,0.4028,0.3523,0.2168,0.1517
900,XGBoost,Structured+FinBERT,4,435,66,0.6901,0.4028,0.3651,0.2173,0.1517
913,Logistic,Structured,1,83,13,0.6582,0.2308,0.3714,0.233,0.1566
913,Logistic,Structured+FinBERT,1,83,13,0.6736,0.2308,0.3857,0.2339,0.1566
913,RandomForest,Structured,1,83,13,0.6736,0.4615,0.1857,0.1818,0.1566
913,RandomForest,Structured+FinBERT,1,83,13,0.6736,0.6154,0.1857,0.1801,0.1566
913,XGBoost,Structured,1,83,13,0.6593,0.3846,0.3,0.222,0.1566
913,XGBoost,Structured+FinBERT,1,83,13,0.667,0.3077,0.3286,0.2209,0.1566
917,Logistic,Structured,2,197,27,0.7318,0.2301,0.3643,0.2188,0.1371
917,Logistic,Structured+FinBERT,2,197,27,0.74,0.2301,0.347,0.2174,0.1371
917,RandomForest,Structured,2,197,27,0.7168,0.6478,0.1821,0.169,0.1371
917,RandomForest,Structured+FinBERT,2,197,27,0.7076,0.7074,0.1812,0.1668,0.1371
917,XGBoost,Structured,2,197,27,0.6921,0.2926,0.3717,0.2163,0.1371
917,XGBoost,Structured+FinBERT,2,197,27,0.7053,0.2926,0.3652,0.2146,0.1371
921,Logistic,Structured,2,195,23,0.6825,0.4811,0.3936,0.2185,0.1179
921,Logistic,Structured+FinBERT,2,195,23,0.6696,0.5266,0.3644,0.2173,0.1179
921,RandomForest,Structured,2,195,23,0.7272,0.6136,0.1504,0.1612,0.1179
921,RandomForest,Structured+FinBERT,2,195,23,0.6981,0.5682,0.1394,0.1612,0.1179
921,XGBoost,Structured,2,195,23,0.727,0.3902,0.3588,0.2081,0.1179
921,XGBoost,Structured+FinBERT,2,195,23,0.6909,0.4356,0.3641,0.2087,0.1179
923,Logistic,Structured,1,85,14,0.7636,0.1429,0.3662,0.2284,0.1647
923,Logistic,Structured+FinBERT,1,85,14,0.7656,0.1429,0.3803,0.2305,0.1647
923,RandomForest,Structured,1,85,14,0.7918,0.3571,0.1268,0.1694,0.1647
923,RandomForest,Structured+FinBERT,1,85,14,0.7897,0.3571,0.1408,0.17,0.1647
923,XGBoost,Structured,1,85,14,0.7817,0.1429,0.3803,0.2175,0.1647
923,XGBoost,Structured+FinBERT,1,85,14,0.7777,0.1429,0.4085,0.2183,0.1647
926,Logistic,Structured,2,175,27,0.6984,0.3352,0.352,0.2148,0.1543
926,Logistic,Structured+FinBERT,2,175,27,0.6911,0.3736,0.3455,0.2136,0.1543
926,RandomForest,Structured,2,175,27,0.6886,0.6264,0.1712,0.1688,0.1543
926,RandomForest,Structured+FinBERT,2,175,27,0.6726,0.6648,0.1906,0.1703,0.1543
926,XGBoost,Structured,2,175,27,0.6897,0.4093,0.359,0.2062,0.1543
926,XGBoost,Structured+FinBERT,2,175,27,0.6923,0.445,0.3389,0.2054,0.1543
945,Logistic,Structured,5,655,83,0.6719,0.3744,0.3894,0.2248,0.1267
945,Logistic,Structured+FinBERT,5,655,83,0.6797,0.3744,0.3764,0.2245,0.1267
945,RandomForest,Structured,5,655,83,0.6896,0.5605,0.2009,0.172,0.1267
945,RandomForest,Structured+FinBERT,5,655,83,0.6932,0.6259,0.1728,0.167,0.1267
945,XGBoost,Structured,5,655,83,0.6904,0.3931,0.3281,0.2061,0.1267
945,XGBoost,Structured+FinBERT,5,655,83,0.681,0.4105,0.3628,0.2101,0.1267
951,Logistic,Structured,1,81,11,0.8052,0.3636,0.2857,0.1963,0.1358
951,Logistic,Structured+FinBERT,1,81,11,0.8338,0.2727,0.2857,0.1925,0.1358
951,RandomForest,Structured,1,81,11,0.7909,0.3636,0.1,0.153,0.1358
951,RandomForest,Structured+FinBERT,1,81,11,0.8117,0.3636,0.1143,0.1499,0.1358
951,XGBoost,Structured,1,81,11,0.7779,0.3636,0.2143,0.1918,0.1358
951,XGBoost,Structured+FinBERT,1,81,11,0.813,0.3636,0.2429,0.1884,0.1358
980,Logistic,Structured,2,164,23,0.646,0.4154,0.3408,0.2232,0.1402
980,Logistic,Structured+FinBERT,2,164,23,0.6408,0.4038,0.3268,0.2236,0.1402
980,RandomForest,Structured,2,164,23,0.6554,0.5923,0.213,0.1815,0.1402
980,RandomForest,Structured+FinBERT,2,164,23,0.646,0.6308,0.2203,0.1796,0.1402
980,XGBoost,Structured,2,164,23,0.659,0.3269,0.3973,0.2288,0.1402
980,XGBoost,Structured+FinBERT,2,164,23,0.6512,0.4038,0.4047,0.229,0.1402
